ID,City or FUA,Region,Name (short English title),Native language title,Short description of the intervention,Website of the intervention,Climate-related ambition and performance ,Land surface temperature,Carbon storage,Stormwater holding capacity,Biodiversity-related ambition and performance,Coastal habitat,Green/Blue Area Fraction,Protected Area,Social justice-related ambition and performance, Inclusiveness of project beneficiaries,Population access,Recreation potential,"Alignment of NBS Targets with Climate, Biodiversity, and Social Objectives ",Diversity of stakeholder involvement,Long-term perspective,Potential for high-quality project result delivery,Climate,Biodiversity,Social Justice,Transformative Potential
1,Phoenix (FUA),Northern America,The Rio Salado Habitat Restoration Area,NA,"The Rio Salado Habitat Restoration Area is a urban green space that transformed a former 5-mile-long city dump into a thriving riparian corridor (2, 3, 7, 9). The project, spearheaded by the City of Phoenix in collaboration with the U.S. Army Corps of Engineers, Maricopa County Flood Control District, and the Arizona Water Protection Fund, has revitalized a degraded ecosystem (9). Through decades of concerted effort, involving government agencies, non-profits such as the Arizona Sustainability Alliance, and community engagement, the area has been restored to a lush habitat supporting diverse wildlife, including over 200 bird species (1, 2, 7). The project aimed to mitigate the pressing issues of urban heat, air pollution, and habitat loss that Phoenix grappled with (1).  By creating green spaces, improving air quality, and offering recreational opportunities, the Rio Salado Habitat Restoration Area stands as a testament to the power of collaborative conservation and community resilience (1, 6, 7, 9). The restoration area now boasts hiking and biking trails, a nature center, and various educational programs, making it a community space (3, 7, 9).",https://www.phoenix.gov/pddsite/Documents/PZ/pdd_pz_pdf_00064.pdf#search=e%20Rio%20Salado%20Habitat%20Restoration%20Project,2,2,2,4,4,0,4,1,1,3,3,4,3,3,4,3,10,9,11,13
2,Birmingham (FUA),Europe,Living Wall at the New Street Train Station,NA,"Air pollution is one of the most pressing sustainability challenges in the UK, with particulate levels exceeding both WHO guidelines and EU safe limits in many cities (Ref 6). In 2014, Birmingham was identified by the WHO as one of nine UK cities breaching air pollution safety guidelines (Ref 2, 3). 

In 2012, a soil-based green wall was installed at Birmingham New Street Train Station as part of a project aimed at improving air quality, as diesel train services contribute significantly to nitrogen oxide (NOx) pollution. However, most of the plants did not survive. In 2017, Network Rail commissioned a private company to reconstruct the wall using a hydroponic system (Ref 3). The new green wall was installed in 2018 and completed in May 2019 (Ref 1, 3).

This hydroponic green wall not only enhances the urban environment with calming green infrastructure, but also helps mitigate air pollution and promotes biodiversity with the addition of 16,600 plants (Ref 1, 2, 3).",https://www.biotecture.uk.com/portfolio/birmingham-new-street-station/,2,1,1,2,4,0,1,1,2,2,3,1,3,2,3,2,6,6,8,10
4,Dublin (FUA),Europe,Grangegorman Community Garden,NA,"The Grangegorman Community Garden is a collaborative project involving several stakeholders in restoring a neglected space within the TU Dublin campus and transforming it into a community garden. The project emerged from a partnership between academic and service departments of the university, a primary school, a land development agency, a multinational organization, and a property estate agent.
The project's ultimate goal is to establish a permanent community garden with strong investment, ensuring ongoing support for current users and welcoming a new, diverse group of participants. (1,6)
Launched at the start of 2024, the project focuses on rejuvenating the space, with restoration efforts continuing until December 2024. The garden features four allotment-style beds separated by gravel paths and is surrounded by 12 foliage beds (Ref 1). The initiative aims to provide educational opportunities centered on sustainability and horticulture, while also developing a sustainable, collaborative governance framework for the garden (Ref 6). It aligns with various national, local, and inter-organizational frameworks, strategies, and plans related to community engagement, biodiversity, and climate action (Ref 1).",https://www.tudublin.ie/explore/news/grangegorman-community-garden---living-lab-initiation.html,1,1,4,2,1,0,2,1,2,2,4,2,2,4,1,1,8,4,10,8
5,Cagliari (FUA),Europe,A wood for the city: the urban forest of Mount Urpinu,Un bosco per la città: la foresta urbana di Monte Urpinu,"In the city of Cagliari, in the location of Mount Urpinu, 6400 new trees have been planted. The project, initiated in 2022, sought to restore the area's biodiversity and to revitalize the park for the benefits of the citizens (Refs. 1, 3 & 8). In fact, in previous years, the park has been subject to various environmental and social hazards because of its conditions: the area has been subject to wildfires and abandoned wastes, and with time, it became a gathering point for drug addicts and homeless people, thus becoming unsafe for citizens and especially for children (Refs. 1 & 6).
Therefore, the Metropolitan City of Cagliari decided to reclaim the area and plant thousands of trees of various species (holm oaks, oaks, pine, carob and olive trees) over more than 6 hectares of land (Refs. 3 & 8). The project's goal is to restore biodiversity, mitigate temperatures, decrease air pollution, and increase citizens' sense of community  (Ref. 1).",https://www.comune.cagliari.it/portale/page/it/citta_metropolitana_di_cagliari_via_ai_lavori_di_forestazione_urbana_a_monte_urpinu_in_arrivo_6400_nuove_piante?contentId=NVT114976,2,1,2,4,4,0,3,NA,2,2,3,3,4,2,3,1,9,7,10,10
6,Göteborg (FUA),Europe,Model cultivation at Angereds Gård,Modellodling på Angereds gård,"The model farm is a small-scale organic vegetable farm according to the principle of a ""market garden"", meaning little machine use is required [1]. More than 40 different vegetables were grown in an effective growing area of 720 m2, using principles of regenerative agriculture promoting soil health [Ref. 4, 6]. An important outcome is sustainably producing vegetables for schools and care homes in the municipality [Ref. 1-3]. The initial vision was to ""showcase both the farming and business model behind a sustainable and successful small-scale farming enterprise"" and drive the ""integration of regenerative farming practices in the continuous evolution of urban and rural multifunctional landscapes"" [Ref. 4, 6]. The model farm offers education and cooperates with a local college [Ref. 1, 6]. The model farm is part of the Climate-KIC SATURN project which aims to reconnect urban and rural areas and address the climate crisis through sustainable food production [Ref. 1, 5, 7].",https://stadsnaraodling.goteborg.se/modellodling-pa-angereds-gard/,2,1,4,2,3,0,2,1,4,4,2,1,3,3,3,3,9,6,11,12
8,Lisboa (FUA),Europe,Monsanto Forest Park's Management Plan,Plano de Gestão Florestal do Parque Florestal de Monsanto,"The Monsanto Forest Park Management Plan focuses on enhancing the Monsanto Forest Park as an urban ecosystem, thereby improving ecological health and biodiversity while promoting sustainable resource use and integration with urban areas. Key interventions include managing invasive species, preventing forest fires, and supporting native habitats. The plan also aims to improve recreational and educational facilities, reduce automobile traffic, and enhance public accessibility. It aims to cover conservation efforts, recreational use and urban integration as well as promoting the park as a model for sustainable urban forestry. The implementation is overseen by the Lisbon City Council. (Ref 1,4).
In 2021, this historic urban forest received the Forest Management Recertification under the Forest Stewardship Council®, ""the most important global certification in terms of environmental compliance of forestry operations (Ref. 6).",https://informacoeseservicos.lisboa.pt/contactos/diretorio-da-cidade/parque-florestal-de-monsanto,1,4,4,4,2,0,4,1,1,3,4,4,3,2,1,1,13,7,12,7
9,Tbilisi (FUA),Europe,Tbilisi Urban Forest (Narikala Ridge Forest),თბილისის ურბანული ტყე (tbilisis urbanuli tke),"The Tbilisi Urban Forest is an ecological restoration project of 5,5 ha spanning two pilot areas initiated in 2020. Located on Mtatsminda ridge around Tbilisi, it is part of a larger reforestation effort within the 700-ha forest territory (Ref. 1,2). The project is funded by the Cartu Foundation and led by the Development and Environment Foundation along with Tbilisi City Hall. Restoration is undertaken to addresses significant challenges such as forest dieback caused by pest infestations, climate change adaptation as well as the creation of recreational infrastructure (Ref. 3,5). Through collaboration among interdisciplinary scientists and urban planners, a novel reforestation strategy has been developed that integrates patches of locally sourced plant communities tailored to diverse soil and slope conditions. This approach incorporates existing trees with new saplings, carefully grafted into existing soil pockets, and focuses on a biodiverse palette of endemic and climate-adapted species (Ref. 1,5). While the project implementation could not be carried out as planned, lacking public participartory due to Covid 19,  still 100 jobs were created locally (Ref. 2). Ultimately, the Urban Forest project will enhance ecological connectivity, biodiversity and tourism and also serve the public as an improtant recreational site (Ref. 1,2).",https://eumiesawards.com/heritageobject/tbilisi-urban-forest-narikala-ridge-forest/#map-section,2,1,4,3,4,0,3,1,1,2,4,3,3,4,3,1,10,8,10,11
11,Detroit (FUA),Northern America,Detroit Alley Activation,NA,"Detroit’s neighborhoods grapple with a dual challenge: neglect and flooding. When the city stopped maintaining alleys in the late 1980s, responsibility shifted to residents. However, with limited resources and a declining population, many of these alleys fell into disrepair, becoming symbols of urban decay. This neglect is further compounded by the increasing frequency and intensity of severe storms, which have exposed the city's vulnerabilities in stormwater management, leading to regular flooding.

To address these challenges, the ""Alley Activation"" project, launched in 2020 by a team of researchers at the UM-Dearborn  in partnership with local residents and organizations, seeks to transform neglected alleys into vibrant greenways, rain gardens, and pollinator habitats. The project focuses on cleaning and greening alleys located in 2 neighborhoods namely Littlefield and  McNichols.  The activated alleys are bounded by Littlefield, Hartwell, McNichols and Outer Drive roads. These roads enclose an area of 141,436 square meters, located in the Bethune community and the Hubbell Puritan neighborhoods. Alley Activation involves clearing blocked alleyways and turning them into inviting, productive spaces that support sustainability goals. These revitalized alleys serve as a ""green capillary system,"" contributing to the city's environmental, cultural, and social well-being. As these spaces are cleared, they offer a fresh opportunity to re-imagine their role and potential within the community. (1,2,3,4,5)",https://graham.umich.edu/media/files/Catalyst-W21-Draus-Final-Report.pdf,2,1,3,4,2,0,4,1,2,3,3,3,3,2,3,3,10,7,11,11
12,Cartagena (FUA),Latin America and the Caribbean,Cerro de la Popa recovery Project,Recuperación Integral Del Cerro De La Popa,"Reforestation project for the ""Cerro de la Popa"", which is Cartagena's highest point and one of the main tourist attractions because of the view and its colonial convent (Ref 6). The hill currently faces illegal occupation and environmental deterioration caused by deforestation, poor solid waste management, burning, logging, and the loss of vegetation cover (Ref 4, 5). The intervention in La Popa consists of reforestation activities, environmental education activities with children, and awareness-raising activities with adults about caring for fauna, flora, and water bodies (ref 2, 3). SSince 2020, the Establecimiento Público Ambiental (EPA Cartagena) has led the recovery initiative, prompted by the urgent need to counter the increasing encroachment by migrants and vulnerable populations (Ref 4). The project comprises reforestation efforts, environmental education sessions with children, and community outreach to raise awareness among adults regarding the protection of local fauna, flora, and water bodies (Refs 2, 3). As part of a broader municipal agenda, the initiative remains active, with the most recent intervention conducted on July 11, 2024 (Ref 2).",https://observatorio.epacartagena.gov.co/gestion-ambiental/ecosistemas/la-popa/acciones-prioritarias-para-el-cerro-de-la-popa-cartagena/,2,4,4,4,2,0,4,1,2,2,4,4,4,2,2,2,14,7,12,10
13,Mobile (FUA),Northern America,Africatown Heritage House Bioswale,Africatown Heritage House Bioswale,"The Africatown Heritage House Bioswale is a gently sloping green space with multiple functions which include catchment of runoff water and filtration of pollution in the runoff water (Ref 2), erosion control (Ref 2), and creation of habitat for biodiversity (Ref 1). It also has an educational purpose for students and the local community (Ref 2) and contributes to overall beautification (Ref 5).
The Bioswale was built by Birmingham-Southern College’s Environmental Center (Ref 6) and developed through the collaboration between the Mobile County Commission, the Mobile Area Lodging Association, Mobile County Training School, Mobile County Training School Alumni Association, and the National Academies of Science (NAS) Gulf Research Program (Ref 2). The project aims to address heavy rainwater management (Ref 5) and drainage issues (Ref 3).",https://www.mobilecountyal.gov/latest-news/bioswale/,2,1,2,3,1,0,3,1,1,3,2,1,3,3,1,1,8,5,7,8
14,Fort-de-France (FUA),Latin America and the Caribbean,Trénnelle-Citron Experimental Garden,Jardin urbain expérimental de Trénelle-Citron,"Trénelle-Citron, located north of downtown Fort-de-France and separated by the city bypass, La Rocade, was originally established in the 1940s by Black Martinicans migrating from rural areas. Today, the neighborhood faces significant economic and social challenges.  In 2016, young residents from the neighborhood alongside a local NGO launched a grassroots initiative to improve their community. They transformed a former municipal quarry, which had deteriorated into an informal dump, into a thriving shared urban garden, benefiting the local population. This project, based on traditional ecological gardening techniques and the cultivation of native crops, aimed to revitalize Trénelle-Citron—a densely populated area grappling with social exclusion, a shortage of green spaces, and limited economic opportunities for its youth (Ref 2).

The garden, developed on municipal land with guidance from the Ypiranga Martinique NGO, support from the local school, and collaboration from various stakeholders, now plays a vital role in the area. It raises awareness about agroecology, offers socioeconomic opportunities, promotes healthier lifestyles, and fosters social connections among residents. Spanning approximately 1,000 m², the site includes an office, a covered area, tool storage containers, market garden plots, a composting area, and a chicken coop managed by a local resident (Ref 7). In Martinique, such shared urban gardens are increasingly seen as important tools for sustainable development (Ref 5).",https://www.ypirangamartinique.fr/,1,1,3,2,3,0,2,1,4,4,2,2,2,2,3,4,7,6,12,11
15,Phoenix (FUA),Northern America,The Republic Services Garden,The Republic Services Garden,"The Republic Services Garden is a one-acre garden created and located in Hance Park, a large urban park located in downtown Phoenix, Arizona. As part of the larger revitalization of the park, the garden was created to showcase native desert plants, recycled materials, and shaded seating, serving as a model for eco-friendly urban landscaping. Its key goals are to enhance the park's appeal, create a welcoming community space, and demonstrate the potential of sustainable design in cities. By blending nature with urban infrastructure, the garden helps mitigate the urban heat island effect, addresses water scarcity, and supports habitat restoration. The project is a collaboration between the City of Phoenix and the Phoenix Parks and Recreation Department, with financial backing from Republic Services, the second-largest waste disposal company in the U.S. (Refs. 1, 5, 7, 12, 15).",https://hanceparkphx.org/news,2,2,4,2,4,0,2,1,4,3,2,1,3,3,3,4,10,7,10,13
17,Iaşi (FUA),Europe,Rehabilitation and modernization of Rosetti leisure area,Reabilitare și modernizare zona de agrement C.A Rosetti,"Iasi has limited access to green-blue open spaces and fails to meet national and European standards for per capita green space and proximity to larger green areas. Additionally, the city experiences significant fragmentation in its green spaces. To address these issues, the municipality of Iasi launched a project in 2020 to restore a vacant and degraded area, transforming it into a park. Funded by European resources, the project aims to rehabilitate the neglected land by constructing a green park and introducing local vegetation. The primary goal is to provide a leisure and relaxation space for local citizens and visitors while improving the quality of the surrounding air by converting much of the terrain into green space. The vacant land is situated in the historic Ticau neighborhood, which has been affected by municipal neglect, characterized by poor infrastructure and limited connectivity to the city's main areas. Furthermore, the project aims to reduce the heat island effect by creating green oases in a city marked by many “hard surfaces,” such as paved areas, which contribute to this phenomenon expected to intensify in the coming years. Originally scheduled for completion by the end of 2022, the project has been delayed due to a lack of funds and is now expected to be finished by the end of 2024 (Refs 1, 2, 3, 4, 6, 7, 11).",https://www.ziaruldeiasi.ro/stiri/lansare-de-proiect-reabilitare-si-modernizare-zona-de-agrement-ca-rosetti-cod-smis-126442--252409.html,2,1,4,2,2,0,2,1,1,2,2,2,2,3,2,2,9,5,7,9
18,Berlin (FUA),Europe,Patch of Heaven,himmelbeet,"The himmelbeet is an intercultural, inclusive community garden in Berlin that has been inviting people to garden and harvest their own produce since 2013. The garden offers around 200 raised beds that are communal and can be rented by neighbors, individuals and institutions (Ref. 1; Ref. 3). The project aims to familiarize children and adults with ecology, sustainability and healthy eating and to offer space for social exchange and education, while being inclusive to people with different (dis)abilities and backgrounds (Ref. 2; Ref. 6). The design and implementation of environmental education workshops are a vital part of the work. (Ref. 1; Ref. 6) With its own café and vegetable production, himmelbeet is strongly oriented towards the principles of the economy for the common good. The garden team also looks after other gardens in the city - on behalf of educational institutions, social institutions, housing associations and neighborhoods. (Ref. 1; Ref. 6) 
Originally located in Ruheplatzstrasse, the garden moved in 2021 to Gartenstrasse, because of land disputes with the providing land owners and the demand of the space for other social projects. (Ref. 8; Ref. 11)",https://himmelbeet.de/,1,1,4,2,4,0,2,1,4,3,3,1,3,2,2,3,8,7,11,10
19,Detroit (FUA),Northern America,Sacred-Heart Church Parking Lot Retrofit,NA,"The Sacred Heart Church, a historical landmark in Detroit's Eastern Market since 1875, faced persistent stormwater and surface flooding issues. The church's parking lot, once marked by cracked concrete and stagnant water, has been transformed through an innovative Green Stormwater Infrastructure (GSI) retrofit. GSI leverages natural processes to manage stormwater, using plants to absorb, retain, and slow runoff. This retrofit, a collaboration between The Nature Conservancy and the parish, stands as one of Detroit's largest GSI projects at a faith-based institution. By introducing bioretention gardens filled with native plants, the project manages runoff from 1.4 acres of impervious surfaces and diverts 1.5 million gallons of water annually from the sewer system. This green space not only mitigates flooding and reduces combined sewer overflows (CSOs) but also provides a cooling effect, enhances community recreation, and significantly cuts the parish's drainage charges by 49%.(Ref.1,2,3)",https://detroitstormwater.org/projects/sacred-heart-church-parking-lot-gsi-retrofit-2,4,2,1,2,4,0,2,1,2,2,2,1,2,2,3,4,9,7,7,11
20,Mobile (FUA),Northern America,Keep Mobile Beautiful - Urban orchard,Keep Mobile Beautiful - Urban orchard,"The project consists in creating an urban orchard at a juvenile detention center. Strickland Youth Center welcomes troubled youth with the final aim of the intervention is to ensure a successful reintegration of youth into the community (Ref 4). The orchard is aimed to be maintained by the youth of the center, providing them with skills and preparing them for the job market (Ref 2). The orchard harvests will provide healthy food options for low-income and minority residents (Ref 1) in the surrounding neighbourhood that has been identified as a food desert (lack of nutritional options available) (Ref 2). The project also has an educational purpose on healthy food for the youth and residents (Ref 3). Besides, the orchard's green space aims to contribute to beautification (Ref 1) and to sequester carbon dioxide (Ref 1).",https://keepmobilebeautiful.org/wp/beautiful-things/2019-keep-america-beautiful-community-tree-planting-grant-and-alabama-power-foundations-grass-roots-program/,2,3,2,2,1,1,2,1,2,3,2,1,2,3,1,2,9,5,8,8
21,Fort-de-France (FUA),Latin America and the Caribbean,Mangrove Protection Project for Etang Z’Abricots Marina,Projet Z’AB – Projet d’expérimentation de la mangrove pour la protection du port de plaisance de l’Etang Z’Abricots,"Trade winds from the east over the Bay of Fort-de-France increase agitation at the ""Étang Z’Abricots"" marina, reducing user comfort and raising maintenance costs for port equipment and vessels. Climate change worsen these problems, increasing the risks of coastline erosion, extreme weather events, and rising sea levels, which may diminish the protective effect of ""Pointe des Sables,"" leaving the marina more exposed to the winds (Ref 1; 2).

The Z’AB project aims to address these challenges by creating a protective barrier for the port by using mangroves. This involves installing lightweight, reversible devices to elevate the sea floor and accumulate sediments, encouraging the natural colonization of mangroves south of Pointe des Sables. Natural colonization refers to the growth of mangroves through processes like seed dispersal and sediment buildup. Once established, the mangrove will act as a natural buffer, protecting the marina from rough seas and adapting to rising sea levels. The project also includes educational efforts to raise awareness about the importance of mangroves for the region’s environmental issues and biodiversity (Ref 1).

Although the Z’AB project has been in planning since 2018, in 2021, a separate project to extend the marina, costing 7 million euros, was approved by the water park authorities (Ref 5). The extension will add 77 new vessel spaces (Ref 7), but it threatens portions of the mangrove and a strictly protected coral species, Oculina Diffusa, found in the area (Ref 6, p.17). While the marina extension project aims to offset the loss of coral and mangrove with various solutions, ""Projet Z'AB"" is not explicitly mentioned as a compensation mechanism (Ref 6, p.24). However, stakeholders involved in Projet Z'AB are also participating in the development of the marina extension (Ref 6). It remains unclear to what extent Projet Z'AB will be used to mitigate the environmental impact of the extension.",https://francevilledurable.fr/realisations/projet-zab-projet-dexperimentation-dune-solution-technique-basee-sur-la-nature-mangrove-pour-la-protection-du-port-de-plaisance-de-letang-zabricots-martinique/,2,1,1,3,2,1,3,2,1,2,2,1,4,4,2,2,7,8,6,12
22,Cagliari (FUA),Europe,PON Metro Cagliari - Green Areas,PON Metro Cagliari - Aree Verdi,"In January 2024, the municipality of Cagliari inaugurated three new green areas in the city, adding five and a half hectares of green spaces for residents to enjoy. These areas are located between Keplero, Avicenna, and Parigi streets, not far from the city center (Refs. 1 & 2).
The primary goal of this initiative is to mitigate the effects of climate change, particularly rising temperatures. The green areas are designed to reduce the city's heat island effect and contribute to carbon sequestration. The planting of new trees will also help maintain ecosystems and improve environmental conditions in targeted areas . Special attention was given to soil quality, with most projects incorporating walkways equipped with drainage systems (Refs. 1, 2, & 4). Additionally, the new infrastructure aims to foster social engagement and attract more citizens, who will benefit from these improvements.  (Refs. 1 & 2). 
This initiative is also expected to boost the local economy by encouraging the development of small complementary services (Ref. 3). It is part of a larger municipal project co-funded by the EU.",https://www.comune.cagliari.it/portale/page/it/ponmetrocagliari,2,1,1,2,4,1,2,1,4,2,3,2,3,1,3,3,6,8,11,10
24,Dublin (FUA),Europe,Dublin’s Darndale Park,NA,"This project aimed to create an urban forest that will grow within Dublin’s Darndale Park, which is popular among students and sports clubs. The objective is to offer the community a green area where they can gather, appreciate nature, and enhance their knowledge about it. The new forest will act as a windbreak for the nearby fishing pond and aims to address challenges related to  heatwaves that endanger the lives of young and elderly people. To foster a sense of inclusion and unity, the forest is designed in a doughnut shape, consisting of 3,000 native species like oaks, birch, willow, and hazel, with the trees forming the outer ring (1, 2). This urban forestation initiative is a component of the Uforest project, which is funded by the European Commission and supported by Etifor (environmental consulting company established within the Department of Land, Environment, Agriculture and Forestry of the University of Padua) and Ersaf (an instrumental body of the Lombardy Region) . The Uforest project seeks to enhance Europe's innovation capacity by fostering collaboration among universities, cities, and businesses to develop a novel approach to urban forestry (1).",https://www.wownature.eu/en/wow-area/darndale-donut/,2,2,3,2,3,0,2,1,2,2,3,1,3,4,3,3,9,6,8,13
25,Lisboa (FUA),Europe,Lisbon Cold Greenhouse,Estufa Fria de Lisboa,"The Estufa Fria de Lisboa (Cold Greenhouse of Lison), located on the south-facing slope of Park Eduardo VII in Lisbon and part of the city's green corridor (Corredor Verde de Monsanto)  aims to integrate leisure, culture, and education opportunities to promote plant biodiversity conservation within a sustainability framework (Ref. 1). Cold Greenhouse refers to the fact that there is no heating system on the premises, and it also refers to one of the three gardens (Ref. 5). The greenhouses were created in an old quarry dedicated to rock extraction, and these lush gardens are now comprised of three distinct greenhouse environments: cold, warm, and sweet (Ref. 1). These greenhouses collectively house over 300 plant species from diverse continents, including rare species (Ref. 2). 
The garden's design integrates natural water features, with watercourses and waterfalls and statuary elements. Since the opening of its Interpretation Center in 2016, the Estufa Fria has expanded its role as an educational resource, hosting exhibitions and activities related to botany and urban green structures. Since 2016 the project has been focused on its educative agenda with the development of a set of pedagogical resources for  preschoolers, students from ages 6 to 12 years old and their teachers, and with guided visits. (Ref 1, 2)",https://estufafria.lisboa.pt/sobre-nos/quem-somos,1,3,4,2,4,0,2,1,1,2,3,1,3,2,2,1,10,7,7,8
26,Göteborg (FUA),Europe,Opalparken,Opalparken,"As part of the development of the neighbourhood around Opaltorget in Tynneryd, Gothenburg, a park has been thoroughly renovated. The area is being developed and renovated as part of a long-term, large-scale project to become more attractive, safe, and sustainable [Ref. 1]. The area has previously been classified as an exposed area, indicating socio-economic problems and relatively high crime rates [Ref. 7, 8]. The old park was considered an important part of the neighbourhood but was sometimes perceived as being unsafe or being used mainly as a passage area. The renovation aims to make the park safer, more attractive, and more accessible to residents [Ref. 1, 3]. The new park includes a playground, recreational areas, rainwater management and a diverse tree population promoting the delivery of several ecosystem services [Ref. 2]. Around the park, new residential buildings and a kindergarten have been constructed, and the adjacent square, a central spot of the neighbourhood for business and social interactions, has been renovated [Ref. 2, 4, 8, 10]",https://goteborg.se/wps/portal/aktuelltarkivet/aktuellt/7946bcd8-b234-430a-b103-28601e86c60b,4,1,1,2,3,0,2,1,4,2,3,1,2,3,2,4,8,6,10,11
27,Birmingham (FUA),Europe,Library of Birmingham’s rooftop secret garden,NA,"Birmingham faces several immediate risks due to climate change, including heatwaves, water shortages from droughts, floods, and extreme weather (Ref 11). To address these challenges, Birmingham City Council has set a goal to reduce carbon emissions by 60% by 2027. As part of this effort, the new Birmingham Library project, initiated by the council, includes a rooftop garden designed to contribute to this target (Ref 3). The library was designed by the Dutch firm Mecanoo Architecten, with a design process spanning from 2008 to 2012 (Ref 5). The two outdoor rooftop gardens, located on levels 3 and 7, were completed in 2013 (Ref 1). These gardens provide green spaces in the city center, enhance water management through rainwater harvesting, serve as educational facilities for sustainable food innovation, and create natural habitats for wildlife (Ref 1, 3, 4, 6). Their contributions helped the library achieve a BREEAM 'Excellent' rating and have garnered various awards (Ref 1, 10). The new library aligns with Birmingham City Council's Big City Plan to regenerate the city center, with the green roof gardens playing a key role (Ref 4).",https://www.birmingham.gov.uk/info/50132/visiting_the_library_of_birmingham/1412/about_the_library_of_birmingham/8,4,3,1,2,2,0,2,1,2,4,3,1,4,2,4,3,10,5,10,13
28,Tbilisi (FUA),Europe,Meama Coffee Factory Green Roof,NA,"The Meama Coffee Factory incorporates ecological elements and functionality with architectural design to create a visually striking building. By doing so, the developers respond to requirements set by the city of Tbilisi for a factory that blends into the peri-urban landscape while avoiding the typical industrial appearance. This requirement corresponds to the architect's values of creating a sustainable and durable structure, implemented through multiple measures (Ref. 1,2). Firstly, a 3,680 square meter green roof has been installed, fully covered with local wild grasses and plants (Ref. 1). This green roof serves multiple purposes: it acts as a thermal barrier, reducing the need for additional roof insulation, mitigates noise pollution from the nearby airport and serves as a recreational and meeting area for visitors and employees (Ref. 1,2,3,4). The factory area also features a pine forest to its backside as well as multiple inside atriums covered in greenery (Ref. 2,3).
Lastly, building materials and installation methods have been selected to ensure the durability of the project, such as roofing membranes that withstand root penetration as well as reinforced concrete structures that are waterproofed and protected against corrosion (Ref. 4&5)",https://giorgikhmaladze.com/projects/Coffee_Production_Plant_Meama,2,2,4,2,4,0,2,1,4,3,2,1,2,1,2,1,10,7,10,6
29,Phoenix (FUA),Northern America,Spaces of Opportunity,NA,"Spaces of Opportunity is an initiative created by several organizations in Phoenix, that aims to bring food security and sustainability to the south Phoenix community. The initiative aims to reach its goals through its community garden that incorporates 19 acres of barren land (dessert) that can be used by locals for growing food and earning an income while providing the community organically grown produce. The mission is to enable all South Phoenix families to have affordable access to healthy food, active living and healthy roots of their cultures (1, 2, 4, 6, 8).
The initiative started in 2011 when several local actors formed a coalition with a shared vision of improving well-being by addressing the natural, built, and social environments. Spaces of Opportunity is the only local food system of its kind in the Phoenix metropolitan area, and unique in the country for the diverse strengths of the committed partner organizations and their shared vision to bring food security, build sustainability, and cultivate community. (8)",https://www.spacesofopportunity.org/,1,1,2,4,3,0,4,1,4,2,3,3,2,3,2,4,8,8,12,11
30,Dublin (FUA),Europe,NatureRx Rain Garden Pilot,NA,"The NatureRx Rain Garden Pilot is a community-driven initiative aimed at addressing urban runoff and its associated challenges, implemented by Bí URBAN,  a community hub and social enterprise in Dublin focused on urban regeneration. The pilot project developed in Stoneybatter, Dublin  involves diverting rainwater from residential rooftops into specially designed rain gardens (1). The area is used as the first trial area by installing around 100 rain gardens (3, 11). Built to fit neatly into available spaces, these self-sustaining planters will filter rainwater through the garden, with overflow pipes in place to prevent flooding during heavy downpours (1).
It is expected that these gardens will transform sterile urban spaces into green areas, enhancing biodiversity, providing habitats for pollinators, and acting as carbon sinks (1,3).",https://www.biurban.ie/rain-garden-project,2,1,4,4,2,1,4,1,2,3,4,3,4,4,2,1,11,8,12,11
31,Lima (FUA),Latin America and the Caribbean,In-Line Gardens,Huertos en Línea,"Lima is grappling with significant challenges driven by climate change, and one of the pressing issues is the shortage of green spaces. According to the PLAM 2035 report, Lima offers only 3.1 square meters of green area per inhabitant, well below the World Health Organization's recommendations (2). Moreover, food insecurity is on the rise, with Peru leading the region in this crisis (4). Compounding these issues is the lack of coordination among state actors tasked with addressing the country's food crisis (2).
In response to these challenges, the Energy Network of Peru (ISA REP) has been running the ""Huertos en Línea"" project since 2004 in the districts of Villa María del Triunfo and San Juan de Miraflores as part of its corporate social responsibility initiatives (2, 3, 6). This project aims to establish community gardens that promote environmental awareness, reduce pollution in these affected areas (1, 2), provide food for vulnerable populations, and create income-generating opportunities through the sale of surplus produce (1, 6). The gardens are strategically located in power grid easement strips, which are often plagued by encroachment, burning, and waste accumulation—issues exacerbated by poverty, extreme poverty, and weak social organization in these areas (5, 6).
Originally planned with an annual development and growth strategy up to 2011, the project has been extended year by year and has now been active for nearly two decades. Beneficiaries continue to receive technical and material support, and the number of community gardens has grown. In 2019, the initiative expanded to include two bio-gardens in the Trujillo districts of La Esperanza and El Porvenir (7, 9). The project has contributed to improving soil quality, recycling and transforming waste, enhancing landscape aesthetics, reducing burning and waste accumulation, and implementing drip irrigation systems.",https://www.snmpe.org.pe/repositorio-premio-al-desarollo-sostenible/82-2009/4406-huertos-en-linea.html,3,1,1,3,4,0,3,1,4,2,4,1,3,3,2,4,8,8,11,12
32,Fort-de-France (FUA),Latin America and the Caribbean,Saving the mangrove of Morne Cabri,Sauver la mangrove de Morne Cabri,"The mangrove area of Morne Cabri, located in the municipality of Le Lamentin and sharing the bay of Fort-deFrance, is the largest mangrove area in Martinique. Since 2011, the municipality has led efforts to understand and better manage the area (Ref 1). The natural regeneration of the mangrove is threatened by fresh water run-off (from waste and rainwater), invasive species and pollution. However, it is an important protection against extreme weather events, operates as a carbon sink for the island and provides recreational activities (Ref 1). The municipality has led several initiatives supported by volunteers, local businesses, national subsidies and private donations (See: Ref 2, 3, 4, 11).",https://www.ecologie.gouv.fr/sites/default/files/documents/DP-MissionNature_0.pdf,2,3,4,4,4,1,4,3,1,2,2,3,4,4,4,3,13,12,8,15
33,Mobile (FUA),Northern America,Deer River Coastal Marsh Stabilization and Restoration,Deer River Coastal Marsh Stabilization and Restoration,"The Mobile Bay National Estuary Program is one of 28 National Estuary Programs established by the United States Environmental Protection Agency, focused on safeguarding and restoring the water quality and ecological health of nationally significant estuaries (Ref 2). One of the four main areas of work of the project (Ref 2) is focused on Ecosystem Restoration and Protection (ERP), aiming at restoring and protecting ecosystem function and services (Ref 4). One of the projects implemented in 2023-2024 in the ERP category is the Deer River Coastal Marsh Stabilization and Restoration project, aiming at restoring and protecting the saltwater marshes of the area (Ref 8).
The issues faced in the Deer River Shoreline are shoreline recession, marsh deterioration, and loss of natural function from erosion, apparently caused by heavy storms, tidal impacts, and wakes from cargo ships entering or exiting the Theodore Ship Channel (Ref 8). Indeed, the saltwater marshes of this area have started to erode at a rapid rate, up to 12 feet per year (Ref 7). 
The project aims to enhance the natural function of ecosystem services to improve the area's resilience. It will restore the eroded marsh by creating offshore structures to protect the shoreline and attenuate the waves. The project also aims to restore the water quality of the Deer River by dredging it out, thus improving the water flow. The material dredged out will be used to nourish the marsh (Ref 9).",https://www.mobilebaynep.com/,2,NA,NA,NA,2,NA,NA,NA,1,2,NA,NA,3,2,3,1,2,2,3,9
34,Lisboa (FUA),Europe,Vertical Forest at CCB,Bosque Vertical no CCB,"The Bosque Vertical do Centro Cultural de Belém (CCB) in Lisbon (Vertical Forest at CCB), designed by Francisco Caldeira Cabral, is an innovative vertical garden inaugurated in 2020. Spanning two 17-meter-high walls with 7,524 plant pots, it enhances urban biodiversity by attracting birds and insects (Ref 3). This project offers recreational and aesthetic benefits, making the entrance of the cultural centre into a green space (Ref 4).
The garden helps reduce air pollution by absorbing pollutants and producing oxygen. It uses a drop-by-drop irrigation system made from recycled PVC, ensuring efficient water usage and retention (Ref 1). Furthermore, the garden improves air quality, aims to mitigate urban heat island effects, and conserves water (Ref 2, Ref 5).",https://www.ccb.pt/evento/visita-guiada-visitas-abertas/2021-09-05/,2,NA,NA,NA,4,NA,NA,NA,1,1,NA,NA,3,1,1,1,2,4,2,6
35,Göteborg (FUA),Europe,New greenhouses in Gothenburg Botanical Gardens,NA,"The Gothenburg Botanical Gardens are replacing and expanding their old greenhouses, which had serious flaws in terms of work environment, climate and accessibility [Ref. 1]. The new greenhouses will be divided into sections with a diverse set of climates and preserve over 4000 species, some of which are extinct in their natural environments [Ref. 1-2]. A new visitors centre is also being built and will have ameneties such as a café, a shop, toilets and places to sit, which will improve the Botanical Gardens' ability to invite the public and educate about biodiversity. The greenhouse project aims to strengthen the Gardens' national and international standing within research and education [Ref. 4]. A significant share of the visitors today are domestic and international tourists, and the new greenhouses aim to promote that further. The Botanical Gardens are owned by the regional government (Region Västra Götaland), which is funding these new project activities. The construction is ongoing and plans to finish in 2028, but the greenhouses will not be fully open to the public before the inauguration in 2030. The project has an investment budget of about 56 million EUR, and will, in total, occupy 6600 sqm [Ref. 1-3].",https://fastighet.vgregion.se/ovriga-fastigheter/goteborgs-botaniska-tradgard/projekt/Goteborgsbotaniskatradgard/,1,2,4,2,2,0,2,1,1,3,2,2,2,2,2,1,9,5,8,7
36,Berlin (FUA),Europe,Anita Berber park,Anita-Berber-Park,"The new 6.5-hectare Anita Berber Park has been created on the site of the former St Thomas cemetery, between Tempelhofer Feld and Hermannstraße. It is named after the dancer Anita Berber, who herself was buried there in 1928. The cemetery was unused and out of use for several years and became accessible to the public through the intervention. (Ref. 3; Ref. 6) The construction period was preceded by a public participation process in which the facilities and design were developed together with the users. The redesign of the space was conducted by a landscape architecture office (Henningsen Landschaftsarchitekten PartG mbB) and financed by the German Federal Government (Ref. 1). The new park, which was planned and financed as a compensatory measure for the construction of the A100 urban highway, increases the quality of local recreation in the densely populated district of Neukölln. (Ref. 2; Ref. 6) An important goal was to achieve high species diversity in the park while preserving its valuable trees and shrubs. The park also offers multiple spots for rest and play as well as a zone for free running dogs. (Ref. 2; Ref. 6) 
The park features wooden climbing structures and an old collection of trees with hollows, along with bushes and shrubs. These areas often accumulate rubbish, highlighting the ongoing waste management issues the park has faced since its renovation (Ref. 4).",https://www.anita-berber-park.de/,1,4,3,3,4,0,3,1,4,3,3,3,3,3,1,3,11,8,13,10
37,Detroit (FUA),Northern America,Elmwood Circle Forest,NA,"The Circle Forest project, led by Arboretum Detroit in partnership with Detroit Future City, is transforming a vacant lot the size of a football field in the Poletown East neighborhood into a green space. Once used as a dumping site, the area is being revitalized with 200 native trees, including oak, elderberry, white pine, and juniper. Supported by local groups like Detroit Audubon, Singing Tree, and the US Fish and Wildlife Service, the project aims to improve environmental quality and provide better access to nature for residents. Since 2019, over 120 trees have been planted, with plans to develop a native meadow. This initiative offers a space for recreation and reflection, benefiting the local community, including a nearby nursing home and rehabilitation center. Beyond ecological restoration, Circle Forest fosters connections to indigenous knowledge and respects the wisdom of the original stewards of the land. (Ref.1, 2)",https://www.arbdetroit.org/circle-forest,1,4,3,3,4,0,2,1,4,3,2,2,3,2,2,4,11,7,11,11
38,Cagliari (FUA),Europe,Invasive Alien Species Itinerary,Percorso Flora Aliena Invasiva,"In September 2018, a new didactic itinerary on invasive alien species was inaugurated in Cagliari's botanic garden. The initiative has been initiated in order to raise awareness and share important legislative and scientific knowledge on the matter (Refs. 1, 2 & 3). It has been curated by Life ASAP, which is an EU co-funded project focused on targeting the introduction of animal and vegetal alien species in Italian territory (Refs. 4 & 5). The initiative in the botanic garden focuses on a 13-pannels pathway through the garden, which will guide visitors towards the discovery of the issue of the introduction of alien invasive species on the territory. The goal is to attract the population's attention to the topic through a sensorial and interactive experience. In fact, the panels are easy to understand, colorful, and accompanied by explanatory images and bas reliefs. Children and youngsters can also participate in a laboratory called ""the alien's identikit,"" according to which they have to recognize the newly learned alien species around the garden (Refs. 1, 2 & 3). This Path represents the first (and only) permanent space dedicated to biological invasion processes and invasive alien species in the network of Italian Botanical Gardens. (Ref.2).
Therefore, the project, in collaboration with the University of Cagliari, promotes education for all ages on the risks and consequences of such an underestimated problem and aims to educate citizens on how their actions can prevent the phenomenon from spreading further (Refs. 1, 2 & 3).",https://www.lifeasap.eu/index.php/it/component/content/article?id=199:piante-aliene-tra-noi-2,1,2,4,3,2,0,4,1,2,3,3,3,2,4,3,2,10,7,11,11
40,Tbilisi (FUA),Europe,Redevelopment of the Mziuri Park,მზიურის პარკი,"The Mziuri Park in the center of Tbilisi and adjacent to the city's zoo was heavily impacted by floods and landslides that occured in June 2015 in Georgia. As a result, many of its facilities were destroyed, necessating the redevelopment of the site (Ref. 1,2). In 2017, the Georgian government initiated the Urban Reconstruction and Development (GURAD) Project with funding from the European Investment Bank (EIB) under the 100 million € framework loan. The park's reconstuction is one of multiple projects under the natural disaster recovery component of the GUARD Fund (Ref. 1,2). As of 2020, the park has been fully redeveloped catering to the needs of diverse groups, but especially youth and children with a number of different sports, cultural and recreational areas (Ref. 3,4). Importantly, construction was carried out under consideration of spatial adaptation measures for people with disabilities and with a renewed drainage system to mitigate the effects of future floods (Ref. 1). The park is now again one of the most important recreational areas in Tbilisi (Ref. 3).",http://mdf.org.ge/?site-lang=en&site-path=tenders/completed_tenders/&id=2393,4,2,3,4,1,0,4,1,4,3,4,3,3,2,3,2,13,6,14,10
41,Cartagena (FUA),Latin America and the Caribbean,The Boston Project: Sustainable Neighborhood,"El programa de Barrio Sostenible, Barrio Boston","The “Sustainable Neighbourhood” project is a pilot initiative led by the Public Environmental Establishment (EPA Cartagena), aiming to achieve environmental management and adaptation to climate change for environmental sustainability in the Boston neighbourhood. The primary objective of the project is to transform these areas into an eco-neighbourhood through activities that promote an ecological culture and raise awareness in the community, thereby enhancing the quality of life in the area, particularly since the neighbourhood is situated adjacent to Ciénaga de la Virgen. This coastal wetland serves as the primary recipient of the city’s wastewater and solid waste. The activities included the restoration of environmentally degraded areas such as mangroves, solid waste collection, environmental education activities, recreational activities, and plastic collection. The project employed a participatory approach, with planning conducted in collaboration with community leaders, public entities, private companies, and other stakeholders (ref 1). Additionally, the EPA conducted awareness sessions on the responsible handling of solid waste, proper water use, and energy service (ref 2). the project seeks environmental management and adaptation to climate change for environmental sustainability, Community leaders participate in these activities with the cooperation and coordination of partners, including Afinia, Guardia Ambiental, Aguas de Cartagena, Comfenalco, IDER, Pacaribe, and others (ref 3).",https://epacartagena.gov.co/web/epa-cartagena-culmina-jornada-mi-barrio-sostenible-en-barrio-boston/,2,1,1,4,2,1,3,1,3,2,4,2,2,3,1,2,8,7,11,8
42,Lima (FUA),Latin America and the Caribbean,National Botanical Garden,Jardín Botánico Nacional,"Peru is classified as one of the 17 most biodiverse countries in the world, so biodiversity and its conservation are important national aspects (2, 3, 4). However, one-third of the native flora currently assessed is threatened (3, 4). Thus, the creation of the Botanical Garden represents the opening of a space to learn about, study and conserve the national flora by strengthening Peruvian society's awareness of its value (4, 5). 
The Botanical Garden is in its early stages of development and is not open to the public yet, but its development and implementation have the support of several associations such as the British Council, Concytec, the Ministry of Environment, the Ministry of Culture, the British Embassy and the Asociación Pro Jardín Botánico Nacional de Lima (1). The initiative has been incorporated as part of the Bicentennial City project of the Ministry of Environment in Ancon (6).
The implementation began in 2021 on a 10-hectare plot of land donated by the Universidad Nacional Agraria La Molina (UNALM) in Lima (3), and it will be carried out in several stages. An Inter-Institutional Committee has been established to oversee its development (3). In addition, it is planned to extend the idea of botanical gardens to other regions of the country, creating a network that will allow the conservation and study of flora in different contexts (4, 5), as the purpose of its development is to condense in one place all the biological richness of the country (7).
With this project, they aim to strengthen the conservation of plant species, the generation of inputs for education, and as a source of cultural spaces and for the well-being of its citizens, among others (1, 2). The Botanical Garden is intended to house a select sample of the more than 25,000 species in Peru, emphasising those that are endemic, threatened and of social, cultural and economic relevance (8).",https://portal.concytec.gob.pe/images/publicaciones/guias-doc/202002-National_Botanic_Garden_for_Peru-Executive_Summary.pdf,1,2,1,2,2,0,1,1,1,3,3,1,2,4,2,3,6,4,8,11
43,Mobile (FUA),Northern America,Three Mile Creek Greenway Trail,Three Mile Creek Greenway Trail,"The Three Mile Creek Greenway Trail project aims to transform the existing creek into a valuable community asset by developing a multi-use greenway trail (Ref 1). This greenway will connect various parts of the city through walking and biking paths, linking neighbourhoods, parks, and commercial districts while providing access to unique natural areas (Ref 2). The creek having been adandonned for decades (Ref 5), the initiative seeks to turn 3 Mile Creek (3MC) into a vibrant natural corridor that fosters recreation, education, and economic activities (Ref 1, Ref 2). The project aims also at reducing pollutants in the waterway, restoring natural stream channels, and maintaining flood protection (Ref 1).
The 3MC Greenway Trail is expected to become a key feature of Mobile's urban landscape, offering numerous benefits. These include enhancing community health, both mental and physical (Ref 2), and stimulating the local economy by increasing property values, tax revenues, and opportunities for recreation-related businesses and job development (Ref 2). Additionally, the trail will improve community connectivity by linking neighbourhoods, parks, and schools, thereby fostering a stronger sense of community and better access to public spaces (Ref 2). Lastly, the project will contribute to environmental restoration through stormwater management, pollution reduction, and natural habitat preservation (Ref 2).
The greenway is part of a plan to restore the health of the Three Mile Creek watershed and is the first major piece of a long-term Mobile Greenway Initiative (MGI) (Ref 4).",https://mapformobile.org/3mctrail/,2,1,3,3,2,1,3,1,2,3,3,1,3,3,2,1,9,7,9,9
44,Cartagena (FUA),Latin America and the Caribbean,Recovery project for La Cienaga de la Virgen,Proyecto de recuperacion de La Cienaga de la Virgen,"The Ciénaga de la Virgen is a coastal wetland (cienaga) located on the north side of the border of the city of Cartagena, separated from the sea by La Boquilla's sandy beach. It has a maximum width of 4.5 km, a length of approximately 7 km, a water body area of about 22.5 km², and depths of up to 1.6 m. It is connected to the city's canal system (ref 1).  The recovery project of la Cienaga de la Virgen, led by EPA Cartagena, is proposed as a strategy to address the issues affecting the water body, local communities, the economic activities that depend on it, and the ecosystems that regulate the water cycle and provide multiple services, many of them essential, with an integrated and global management approach based on the basin as the unit for planning and resource management (ref 14). Some of the main problems of the wetland are related to illegal settlements on its shore, as well as illicit dumping of waste, pollution by wastewater from the illegal settlements and deforestation of mangroves (ref 4). Key activities include stopping illegal occupation by relocating established families, improving roads, promoting reforestation, encouraging social participation, managing wastewater, and enhancing tidal systems (ref. 1 and 15). 
Alonside the EPA, other stakeholders involved include the regional authority ""Regional Autonomous Corporation of the Canal del Dique"" (Cardique), with jurisdiction in the rural area, and Cartagena Mayor's Office, and the local community, involved in all the stages of the plan thanks to the “mesas de governance” or ""governance tables"", discussion spaces where different actors participate in the decision-making (ref 2).",https://observatorio.epacartagena.gov.co/gestion-ambiental/ecosistemas/proyecto-cienaga-de-la-virgen/cienaga-de-la-virgen/,1,4,2,4,2,1,4,1,4,3,4,3,2,4,2,2,11,8,14,10
45,Cagliari (FUA),Europe,Cultivated Lands - Giulia's Farm,Terre Colte - Fattoria Giulia,"Giulia's Farm is the first project launched by the Italian NGO Terre Colte in Sardinia, focused on transforming unused agricultural plots into a productive community garden. Initiated in 2014, the project covers approximately 3,000 square meters (out of 18,000 sqm owned by the NGO). The garden leases 50-square-meter plots to local residents, known as ""ortisti,"" who cultivate the land using organic and natural farming methods. This approach not only revitalizes neglected land but also strengthens community bonds and promotes sustainable agriculture (Refs. 1 & 2).
The project operates on a cooperative model, ensuring that the land remains accessible and productive while fostering a connection between people and the environment. Participants share resources and knowledge, creating a network of mutual support that enhances both social and environmental resilience.
Beyond its agricultural impact, Giulia's Farm aims to preserve Sardinia's agricultural heritage and combat land speculation. By involving the community in farming, the initiative helps protect these plots from being sold for non-agricultural purposes, ensuring they remain dedicated to food production. The project also demonstrates the potential for reclaiming abandoned land, fostering local food production, and building a more sustainable and resilient food system.
Giulia's Farm has gained attention as a replicable model for other regions facing similar challenges of land abandonment and environmental degradation (Refs. 2, 3 & 4).",https://associazioneterrecolte.blogspot.com/,1,1,3,NA,3,0,3,1,4,3,2,2,2,1,2,4,5,7,11,9
46,Cagliari (FUA),Europe,Nervi Park,Parco del Nervi,"Del Nervi Park is a project co-led by the Port System Authority of the Sardinian Sea and the Municipality of Cagliari. Completed in 2021, it transformed a long-abandoned and degraded area on the Cagliari waterfront into a vibrant green space. The two-hectare site surrounds a 1950s industrial building and underwent extensive redevelopment to enhance its structural integrity and convert it into a public park. With a budget exceeding 5 million euros, the project prioritized green investments by creating new pedestrian and cycling paths, along with green spaces featuring local plants, flower beds, grass, and lawns.

Nervi Park is set to become a key destination for leisure, sports, and cultural activities, while also providing the Cagliari community with greater access to green spaces. The environmental and urban renewal efforts aimed to beautify and modernize the area, with future development plans focusing on long-term management and the introduction of commercial activities to further enhance the space 
The project faced significant barriers, including prolonged disruptions due to the COVID-19 pandemic, which halted work for about eight months. (Refs. 1, 2, 3 & 4).",https://www.adspmaredisardegna.it/2021/07/30/inaugurato-il-parco-del-nervi/,1,1,2,3,4,1,3,1,1,2,2,2,2,2,1,2,7,9,7,7
47,Dublin (FUA),Europe,Griffeen Valley Park Wetlands,NA,"The Dublin Urban Rivers LIFE (DURL) project incorporates two interconnected wetlands in Griffeen Park as part of its broader initiative to improve water quality, natural water management and aquatic biodiversity in urban areas. These wetlands were specifically designed as a natural sewage system to treat wastewater from the surrounding areas, addressing a significant environmental issue known as ""domestic misconnection."" Domestic misconnection occurs when household appliances, such as washing machines, dishwashers, and kitchen sinks, are incorrectly linked to surface water drains rather than the sewage system. This leads to untreated wastewater being directly discharged into local waterways, contributing to contamination.
In the River Griffeen catchment, which includes approximately 12,000 dwellings and associated infrastructure, domestic misconnections are a considerable threat to water quality. The DURL project focuses on identifying and rectifying these misconnected appliances to ensure that wastewater is properly treated before entering the river. This process will not only improve water quality but will also provide flood alleviation and support healthier aquatic ecosystems in the area.
The project is aligned with broader environmental policies, including the River Basin Management Plan 2022-2027, the Water Framework Directive, the Climate Change Action Plan, the Floods Directive, and the draft Biodiversity Plan. One of the key strategies is to use a Geographic Information System (GIS) to streamline inspections for domestic misconnections, making the process faster and more cost-effective.
The constructed wetlands in Griffeen Park, with a standing water depth of approximately 30 cm, are planted with a variety of native Irish species. These wetlands offer a natural, sustainable solution to wastewater treatment, with the potential for similar applications across Europe. (Ref. 2, 4)",https://www.sdcc.ie/ga/seirbhisi/comhshaol/saol-abhainn-bhaile-tha-cliath/wetlands-what-s-happening-now/,2,3,2,2,2,0,2,1,2,2,3,1,3,2,3,2,9,5,8,10
48,Detroit (FUA),Northern America,Lafayette Greens,NA,"Lafayette Greens is a transformative urban green space and community garden located in downtown Detroit, occupying a parcel of 1720 sqm that once housed the historic Lafayette Building. Following the building's demolition in 2010, the site, situated near Compuware headquarters and the Detroit Federal Building, was re-imagined through a public-private partnership into a productive urban garden (Ref.1, 6). The garden was designed in 2012 for a local software company,  Compuware, which after completion gifted it to a local NGO, The Greening of Detroit, in 2014. Lafayette Greens serves as a green oasis in a bustling urban environment, offering city workers, residents, and visitors a space to relax and engage with nature. The garden produces chemical-free fruits, vegetables, herbs, and flowers, and since 2019, has focused on cultivating a certified pollinator habitat, essential for supporting urban biodiversity. The garden also provides educational programming, including classes on pollinators like bees and birds, and the DIG - Detroiters in the Garden series, in collaboration with Fort Street Presbyterian Church’s Open Door program, fostering community involvement and environmental stewardship. (Ref.2)",https://www.greeningofdetroit.com/greenspaces,4,1,1,2,4,0,2,1,4,3,2,1,4,3,2,2,8,7,10,11
49,Belgrade (FUA),Europe,Organic Community Gardening in Belgrade,Baštalište,"Baštalište is an organic community garden initiative located in the town of Slanci, some 20 minutes from the city centre of Belgrade (Ref. 3). It is one of the first initiatives of its kind in Serbia, emerging after organizations such as WWOOF Serbia and the Belgrade Flower Festival, along with activists and citizens, united with the goal of growing vegetables for their own needs. Additionally, they aimed to highlight the numerous neglected and abandoned urban spaces in the city that could be repurposed in this manner (Ref.1). Even though more and more people would like to join Baštalište, the community has been struggling to grow beyond their original plot of 1800 m2, shared between some 30 people of mixed demographics (Ref. 3). They have turned to the municipality to provide more such spaces for urban community gardening but their appeals bear little success (Ref. 2,3). Despite their spatial constraints, the initiative remains open to anyone who would like to visit and help while being financed by membership fees (Ref. 1,2,3). The initiative hopes to eventually scale this type of activity, drawing inspiration from the example of Zagreb, where over 2,000 garden communities were established within 2.5 years after the city decided to repurpose its neglected areas (Ref. 2).",https://www.agromedia.rs/agro-teme/organska-proizvodnja/bastaliste-svi-urbani-poljoprivrednici-na-jednom-mestu/,1,1,4,2,3,0,2,1,4,2,2,1,2,1,1,3,8,6,9,7
50,Iaşi (FUA),Europe,The Bahlui Forest,Padurea Bahluiului,"The Bahlui Forest project consists of a tree-planting initiative along the banks of the Bahlui River, which flows over a distance of 11 km through Iasi, practically dividing the city in two (1, 2, 6). The project aims to reduce the high levels of air pollution prevalent in the city, increase green spaces along the river and in the urban area, and enhance the aesthetic appeal of the surroundings, thereby improving the quality of life for local residents (1–3, 8, p. 188). The initiative was planned by the Municipality of Iași in collaboration with the Prut-Bârlad Water Basin Administration, the regional authority responsible for the river’s proper management (1–6). Furthermore, the ""Ion Ionescu de la Brad"" University of Agricultural Sciences and Veterinary Medicine in Iași provided the technical expertise needed to select and plant appropriate species (1–3, 7).
The planting completed in 2024, covers the river section between the Sf. Ioan bridge and the Stone Bridge (3–5). In total, 1,200 native species were planted, including four tree species—Willow, Malin, Red Maple, and Birch—and three shrub species (3–6).
This initiative is part of a broader municipal strategy to revitalize the riverbanks and address key issues  (8, 9). Due to its natural geomorphology, the river represents a barrier in terms of accesibility between different parts of the city, and infrastructure and improvements need to be carried out to manage this problem (8 & 9). Therefore the areas around the river are sought to be revitalised to fullfil its touristic and recreational potential, ultimately becoming a green corridor and representing a new axis of development for Iasi (8, p. 344). Improving its green surfaces would also support efforts to increase green space sq.m. per inhabitant in the city, which falls short of the national requirement of 26 sq.m. per inhabitant (8, p. 189).",https://apix.ro/padurea-bahluiului-vor-fi-plantati-copaci-salcami-mesteceni-artari-malini-in-lungul-raului/,1,1,2,4,2,0,4,1,4,1,4,3,2,3,2,3,8,7,12,10
52,Phoenix (FUA),Northern America,Heat Action Planning in Lindo Park-Roesley Park Neighborhood,NA,"The Heat Action Planning project in the Lindo Park-Roesley Park Neighborhood in Phoenix, Arizona, specifically addresses the heat-related challenges residents face in this area. Phoenix is particularly vulnerable to extreme heat events, and this project aims to provide both mitigation and adaptation strategies to reduce the direct impacts of heat and help residents cope more effectively with these conditions. As part of the city’s broader Heat Action Plan, the Lindo Park-Roesley Park initiative is one of three target areas, including Edison-Eastlake, just east of downtown Phoenix, and the Water Tower Improvement District in the City of Mesa. The project focuses on heat hazards such as extreme temperature events and the urban heat island effect, which disproportionately affect vulnerable populations. 
This project is a collaborative effort, uniting a range of stakeholders including The Nature Conservancy, Maricopa County Department of Public Health, the Central Arizona Conservation Alliance, the Urban Resilience to Extremes Sustainability Research Network, Arizona State University’s Urban Climate Research Center, and the local residents. Together, these partners are working to develop comprehensive heat mitigation and adaptation strategies that address social equity and strengthen community engagement. Furthermore, the Heat Action Planning process was designed to serve as a model for future heat resilience efforts and create a local, contextual, and culturally appropriate vision of a safer, healthier future. The iterative planning and engagement method used by the project team strengthened relationships within and between
neighborhoods, community-based organizations, decision-makers, and the core team, and it combined storytelling wisdom and scientific evidence to better understand current and future challenges residents face during extreme heat events.The ultimate aim is to foster a more resilient and equitable neighborhood (1-7).",https://www.nature.org/content/dam/tnc/nature/en/documents/Arizona-Heat-Action-Plan-Lindo-Park-Roesley-Park.pdf,4,1,4,4,3,0,4,1,2,3,3,4,3,3,3,4,13,8,12,13
53,Lima (FUA),Latin America and the Caribbean,Independencia's Green Belt,El Cinturón Verde de Independencia,"The Cinturón Verde de Independencia initiative is a pilot intervention that seeks to plant an urban forest in the lower middle-class district of Independencia (1) in the northern part of the urban territory (3). Here, 19% of the population lives in high-risk conditions, settled on steep slopes, and threatened by landslides (3).
It is part of a broader planning strategy that involves proposals engaging different levels of government (4). This project seeks to afforest the district's hillsides to improve the environment, reduce air pollution, improve the quality of life of its inhabitants, manage waste, regulate shade, control erosion, increase wild biodiversity, and provide spaces for environmental education (2). The Independence Green Belt is linked to a wide range of plans, projects, and decrees that have been developed by actors at different levels of government since 2016 (4). It works hand in hand with the EBA Lomas programme and seeks to create a green belt along the Lomas-city interface, which acts as a buffer zone for this sensitive ecosystem and creates a protective boundary against the expansion of irregular human settlements while providing a space for environmental awareness (2).
This program was developed by a consortium of multiple private, public, national, and international parties with strong community support (3). In two phases, an urban forest park of 4,800 of native trees irrigated with treated wastewater has been planted. During the first phase, PREDES planted 3,300 trees with USAID support in 2015, and another 1,500 were recently planted by PERIFERIA (consultants) (3). 
The Independencia Green Belt occupies the hill areas of the district of the same name and relates to a possible metropolitan-scale buffer belt. 
Its boundaries take advantage of the seven Sustainable Ecotourism Forest Parks (PFES) in the District Municipality of Independencia (MDI), as well as 115 hectares of the Amancaes Lomas (4). It aims to conserve 400 hectares (4).",https://predes.org.pe/wp-content/uploads/2023/02/Plan-Integral-del-Cinturon-Verde-Edicion-30-Marzo-2023-2.pdf,2,1,2,3,4,0,3,1,2,3,4,1,2,4,4,3,8,8,10,13
54,Lisboa (FUA),Europe,Renovation of the Eucalyptus Garden,Renovação do Jardim do Eucaliptal,"The ""Jardim do Eucaliptal"" (Eucalyptus Garden) in Benfica is undergoing extensive renovations to improve its facilities and usability. Over time, the intensive urbanization of this neighbourhood has not left many traces of the historic eucalyptus forest typical of this area, but this urban park actively protects and maintains these old and heavy-trunk eucalyptus trees, growing amidst the park's more recent vegetation (Ref. 3). In the last few years, several trees have fallen, causing considerable damages to buildings and vehicles in the nearby area (July 2023), and leading to residents demanding financial compensations for damages and for the Lisbon City Council (CML) to take action for mitigating future problems (Ref. 5).
The renovation project implementation, expected to last six months, includes refurbishing the children's playground, sports field, toilets, and amphitheatre, along with introducing a dog park and outdoor exercise equipment (Ref 1). The park, originally part of the Quinta das Palmeiras de Guerreiro Galla forest, remains a crucial green space in the area despite extensive urbanization (Ref 2). These renovations, with a budget of 180,000 euros, also address the maintenance of public street furniture, the pavement, and lighting infrastructure, ensuring that the park meets the growing needs of the local community (Ref 3). These activities aim to meet the growing needs of the local population and improve these urban green spaces so that the community can enjoy them to the fullest. (Ref. 4).",https://informacoeseservicos.lisboa.pt/contactos/diretorio-da-cidade/eucaliptal-de-benfica,1,1,1,3,1,0,3,1,1,2,4,3,3,2,2,1,6,5,10,8
55,Dublin (FUA),Europe,Native Tree Trail at St. Anne's Park,NA,"Ireland’s native trees have developed over thousands of years, forming a vibrant ecosystem alongside surrounding plants, animals, fungi, and microbes. These trees provide critical habitats for plants and wildlife, offering essential food and shelter while producing oxygen vital to animals and humans alike. Historically, native trees supplied early Irish communities with fuel, food, shelter, and building materials. Today, they play a modern role in filtering dust, reducing pollution, and enriching urban spaces.
To highlight these benefits in Dublin, the Native Tree Trail in St. Anne's Park was created by DCC Parks and Landscape Services in 2008. This trail, featuring 15 different types of native trees, invites visitors to explore and appreciate the natural and cultural heritage of Ireland's native trees, underscoring the value of green spaces for both biodiversity and community well-being.
Strategic tree placement contributes to Dublin’s sustainability by reducing soil erosion, sequestering carbon, and mitigating urban heat. A green city is a healthy city, and preserving open spaces enhances its appeal as a place to live, work, and visit. The trail also plays an essential role in environmental education and community engagement. Over the years, St. Anne's Park has hosted multiple tree-planting events, including a 2019 collaboration with local schools for National Tree Week and National Tree Day, in partnership with the Tree Council of Ireland. The NGO has also offered family-friendly guided walks along the trail, helping to instill an appreciation for nature in visitors of all ages (1, 2, 3, 4, 5, p.93).",https://www.dublincity.ie/residential/parks/nature-and-biodiversity-dublin/native-tree-trails,2,3,3,4,4,1,4,NA,1,3,3,3,3,2,2,1,12,9,10,8
56,Mobile (FUA),Northern America,Taylor Park Community Garden,NA,"The Taylor Park Community Garden is part of the After School Tutorial Program and is managed by the Methodist Inner City Mission. Located in the Maysville and Oakdale areas of Mobile, Alabama, the garden primarily serves children from these communities. After receiving homework assistance, students from elementary and middle schools participate in the Gardening Program, where volunteers teach various gardening concepts and engage the children in hands-on activities. 
Taylor Park Community Garden is part of a network of community gardeners and urban farmers across the city called Mobile Urban Growers, which aims to increase access to fresh produce for everyone to contribute to tackling the high rate of diabetes (Mobile has one of the highest rates of diabetes in the United States) and food desert in Mobile (over 25% of Mobilians live in a food desert as defined by the USDA without access to fresh fruits or vegetables) (Ref 2).  Taylor Park became part of the Mobile Urban Growers (MUG) after it began its operations around 2016 (Ref 2). The garden is open to the entire community, with Mobile Urban Growers and Mobile County Master Gardeners (a volunteer recruitment program) providing support and guidance. 
The produce harvested is shared among gardeners, participating children, local residents, and the Food Pantry at Central Presbyterian Church. (Ref 1)",https://www.mobileurbangrowers.org/new-page,1,1,2,3,1,0,3,1,4,2,2,1,2,1,1,2,7,5,9,6
57,Berlin (FUA),Europe,Living wall,Begrünte Fassade in Kreuzberg,"The project features a  vertical garden, or ""living wall,"" on the facade of a residential building in Berlin’s Kreuzberg district. Constructed in 2016, the building replaced a WWII-damaged plot situated between two existing structures. With a strong emphasis on sustainability, the project minimizes its ecological footprint in various ways. The 660-square-meter plot retained original elements of the location’s history: the two surviving sections along Glogauer and Reichenberger Strasse were restored after the war, while the rubble from the destroyed corner was used to fill in the basement. This approach allowed the new construction to be built over the original foundations, preserving historical integrity while reducing construction costs and material use.
At the core of the building’s design is a green agenda, embodied in the vertical garden that helps absorb noise and pollution from the bustling street below, improving air quality for residents and passersby. The selection of winter-hardy plants ensures that the facade remains green year-round, while also cooling the surrounding area and mitigating the urban heat effect, which is especially valuable in densely populated neighborhoods. The greenery contributes to the local microclimate, providing both environmental and aesthetic benefits.
For residents, the garden is made accessible through rectangular box balconies that project from the green wall, allowing them to engage closely with the plants and enjoy the immersive garden atmosphere. The plants grow on a support structure that is securely anchored in the brickwork, receiving water and nutrients through an integrated, precision-controlled irrigation and fertilization system. Maintenance of the plants occurs twice a year, with new additions planted each spring to maintain the garden’s health and visual appeal.
The building itself, privately owned, contains a mix of holiday rentals and residential apartments. Architect Sarah Revière designed the project. (1-6)",https://www.sarahrivierearchitect.com/de/architektur-urbanes-wohnhaus-mit-begruenter-fassade-berlin-kreuzberg-deutschland.html,2,1,4,2,2,0,1,1,2,1,3,1,3,2,1,2,9,4,7,8
59,Birmingham (FUA),Europe,Eastside City Park in Birmingham,NA,"As an industrial city under climate change, Birmingham has been confronted with multiple environmental risks such as air pollution, fluctuating precipitation and flooding (Ref 3). The Big City Plan is a 20-year city center regeneration plan to support Birmingham’s sustainable transformation, where the delivery of the Eastside City Park was prioritized (Ref 1, 2). Completed and opened to public in 2013, this first new park in Birmingham for 130 years is a linear site which connects the city center along the frontage of Millennium Point eastwards towards the Digbeth canal. (Ref 1, 4, 5). Providing 2.73 ha of urban green spaces, the multi-award winning development features more than 300 trees, a 110 meter canal water feature and a public square with 21 jet fountains, and offers “a moment of green in a journey through the city” (Ref 1, 6).",https://www.birmingham.gov.uk/eastsidepark,2,2,1,3,4,0,3,1,3,4,3,1,2,4,2,3,8,8,11,11
60,Phoenix (FUA),Northern America,"Tres Rios, Arizona Ecosystem Restoration Project",NA,"The Tres Rios Ecosystem Restoration Project is an ambitious initiative aimed at revitalizing a seven-mile stretch of the Salt and Gila Rivers in Phoenix, Arizona. The Tres Rios Environmental Restoration project involves the rehabilitation of nearly 700 acres in and around the Salt River, restoring a vital wetland and riparian habitat. Initially conceived in 1993 to tackle water quality issues and improve flood control, the project gained significant traction in the 2000s through a partnership between the City of Phoenix and the U.S. Army Corps of Engineers (USACE). Funding was structured with 65 percent from the USACE and 35 percent from the City of Phoenix and the Sub-Regional Operating Group Members, including Scottsdale, Tempe, Glendale, and Mesa.
The Tres Rios project encompasses habitat restoration, flood control, and recreational development, with the primary objectives being to restore a degraded ecosystem, enhance water quality, and provide new recreational spaces. Construction involved relocating 1.6 million cubic yards of earth to shape three large wetland zones and two deep-water retention basins. Additionally, 18,000 feet of underground water lines and 600 feet of 84-inch fiberglass effluent pipelines were installed. To establish a thriving wetland habitat, the project coordinated the planting of over 300,000 aquatic and terrestrial plants.
Habitat restoration efforts re-establish native vegetation and create wetland areas that support local biodiversity. The lush and scenic Tres Rios is now home to more than 150 different species of birds and animals like muskrats, raccoons, skunks, coyotes, bobcats, and beavers. By using treated wastewater to sustain the ecosystem, the project reduces dependency on natural water sources, thereby helping to mitigate water scarcity. The Tres Rios Ecosystem Restoration Project serves as a model for sustainable urban ecological initiatives, combining environmental health with community benefits. (1-8, 10-13)",https://www.phoenix.gov/waterservices/tresrios,4,4,2,4,4,0,4,1,4,4,2,4,3,2,3,4,14,9,14,12
61,Cartagena (FUA),Latin America and the Caribbean,Recovery plan of the Juan Angola Channel,Plan de recuperación del caño Juan Angola,"The Juan Angola River is an urban channel included in the system of rivers and channels of Cartagena, and it connects the Ciénaga de la Virgen wetland and the Bay of Cartagena, facing similar issues as the Cienaga de la Virgen such as illegal occupation of its shores, illegal waste dumping, deforestation of mangroves, and pollution. The recovery plan for the Juan Angola River is led by the EPA Cartagena (Environmental Protection Agency), with the support of other institutions, aiming to restore the Juan Angola’s ecosystem. This includes targeting the mangrove forest, dredging the natural channel, and delineating buffer zones with urban infrastructure to create public recreational spaces. The activities involve relocating people illegalling cupping informal settlements from the river shore, moving an existing bridge (the Benjamín Herrera bridge) which obstructs the current, recovering the low tide and riverbed areas, building pedestrian paths, clean the riverbank, recover mangrove areas and establish programs of education and environmental awareness (ref 1 and 2).",https://epacartagena.gov.co/web/epa-presenta-propuesta-del-plan-de-recuperacion-integral-del-cano-juan-angola-sector-la-union/,2,1,2,4,4,1,3,1,3,4,4,3,2,3,2,3,9,9,14,10
62,Göteborg (FUA),Europe,The Jubilee Park,Jubileumsparken,"The ""Jubilee Park"" (Jubileumsparken) is a city park in the developing area of Frihamnen in central Gothenburg. The first part of the park finished construction in 2024, but the aim is that the park will continue to grow and develop until the year 2035 [Ref. 1-2, 5]. The park is said to be the result of the wishes of the people of Gothenburg to have better access to green areas and water before the city's 400-year jubilee in 2023 [Ref. 2]. To achieve this, the park has been constructed gradually in cooperation with residents, using a method called placemaking, where activities and amenities are tested in place to get feedback from residents before being made permanent [Ref. 2, 4]. Additionally, activities in the park are being run by a youth organisations, which also offers summer jobs to young people from across the city and aims to engage marginalised groups [Ref. 1, 6]. The park provides amenities a sculpture-based playground, an outdoor classroom, places to sit and a harbour bath at the edge of the park, with outdoor pools and a sauna. The park contains elements for biodiversity such as trees, meadows and an area for urban farming, increasing biodiversity and connectivity compared to the previous land use as a harbour [Ref. 1, 2, 9].",https://goteborg2023.com/jubileumsprojekt/jubileumsparken/,1,1,3,3,3,1,2,1,4,3,3,2,3,3,2,3,8,7,12,11
63,Phoenix (FUA),Northern America,Civic Space Park,NA,"Civic Space Park, located in the heart of Phoenix, Arizona, is a notable example of urban design aimed at addressing the region’s increasing urban heat. In Phoenix, rising temperatures affect health, safety, comfort, and economic growth, and this impact is expected to worsen over time. In response, the park was developed to transform an underused site into a vibrant public space that prioritizes community engagement, sustainability, and urban revitalization.
The project was realized through a public-private partnership between the City of Phoenix and Arizona State University, with strong community involvement shaping its development. This collaboration led to the “Urban Weave” concept, a design that embodies the identity and values of the local community.
Civic Space Park was designed with several goals in mind. Increasing the tree canopy was essential to help reduce the urban heat island effect and improve air quality. Creating a welcoming area for social interaction, recreation, and relaxation was equally important to enhance community well-being. Water conservation was also prioritized, achieved through innovative stormwater management techniques such as permeable paving and underground infiltration. The park incorporates renewable energy generation as well, with on-site solar power helping to reduce energy consumption.
One of the park’s unique features is its extensive use of pervious concrete paving, designed to allow stormwater to permeate directly into the subsurface. However, during installation, it became clear that placing the material over highly compacted soil limited water infiltration. To improve its effectiveness, future designs could include a plastic vapor barrier beneath the permeable paving to capture water and direct it to planting beds. This adjustment would enable the paving to act as a collection and storage system, gradually releasing water into the surrounding vegetation.
(1-6)",https://www.phoenix.gov/parks/parks/alphabetical/c-parks/civic-space,4,1,1,3,4,0,3,1,4,3,2,3,3,4,2,4,9,8,12,13
64,Lisboa (FUA),Europe,Neighborhood remodelling for improved safety for women,Segurança da mulher no espaço público,"The pilot project in Bairro Padre Cruz, Carnide, Lisbon, is a groundbreaking initiative aimed at enhancing women's safety in public spaces and improving access to public transport. Launched in June 2024, this project stems from extensive consultations with local women to address their specific security concerns (Ref1). It involves strategic interventions like better lighting and the relocation of bus stops to safer areas, ensuring a more secure environment for women (Ref4). A key element of the project is the greening of the area through tree planting and the creation of more harmonised public spaces, contributing to a more pleasant and welcoming neighbourhood (Ref2). Funded by the Recovery and Resilience Plan (RRP), this initiative aims to foster greater inclusivity and safety in urban design, with completion expected by 2025 (Ref4).",https://www.ateliermob.com/noticias/projecto-piloto-no-bairro-padre-cruz,1,1,2,3,2,0,3,1,2,3,3,2,2,2,1,3,7,6,10,8
66,Fort-de-France (FUA),Latin America and the Caribbean,Martinican Marine  Natural Park,Parc Naturel Marin de Martinique,"The Martinican Marine Natural Park (MMNP) was established in 2018 to protect key marine habitats, including coral reefs, mangroves, seagrass beds, and open waters. These areas are home to important species like sea turtles, dolphins, and tropical fish. The park’s conservation efforts focus on addressing threats from human activities such as pollution and overfishing. It also collaborates with ocean-related industries, such as tourism and fishing, by recommending, funding, or conducting research aimed at promoting more sustainable practices within the MMNP.

To support its work, the park operates a growing fleet of boats that raise public awareness, resolve conflicts, and enforce the protection of designated areas. The MMNP spans an area of 47,340 km², extending from Martinique's coast to the boundary of the French Exclusive Economic Zone. The park's management board, which includes diverse stakeholders, must be consulted for advice on development activities that impact the marine environment. Their goal is to balance competing interests within the region.

The park receives funding from the French Office for Biodiversity (OBF) to carry out initiatives that protect the marine environment, promote sustainability, and raise public awareness. Notable efforts include creating or restoring habitats for species such as sea turtles and sea urchins, managing invasive species like sargassum algae, restoring coral reefs, and training resource users such as whale-watching companies and diving clubs. Other initiatives include reducing plastic pollution through clean-ups, supporting sustainable fishing practices (e.g., artisanal coastal fishing), installing eco-friendly moorings, funding Marine Educational Areas (MEAs), and sponsoring cultural events that promote marine conservation (Ref 1; 2; 3).",https://parc-marin-martinique.fr/,1,NA,NA,NA,4,NA,NA,NA,2,2,NA,NA,3,4,3,2,1,4,4,12
67,Göteborg (FUA),Europe,Urban farming in Higab properties,NA,"The municipal real estate company Higab partnered with The Foodprint Lab Architects, an architecture firm specialising in food system design, in a three-year pilot project to create urban farms in three of their properties in Gothenburg. The Foodprint Lab designed the urban farms based on the conditions of each property and connected Higab with potential farmers. The urban farms are located at Slakthuset (an old industrial area), Kviberg (by an empty building undergoing renovation) and Musikens hus (an old building used for music events and a restaurant). The farms are established in unused, mostly grey areas such as parking lots. In all sites, the farming is run by local farming associations; some sell vegetables on site and in Kviberg, there has also been a commercial production of vegetables. Sustainable food production, entrepreneurship opportunities, a nicer and safer environment, and the promotion of biodiversity are highlighted as benefits of the project. In total, about 50 different plant species are found across the locations. The establishment of the urban farms was part of the Grow Gothenburg project within the Sharing Cities Sweden program, which provided some of the funding [Ref. 1-5, 7].",https://www.higab.se/nyhetsarkiv/pressmeddelande-nya-stadsodlingar-vid-higabs-hus/,4,1,1,2,3,1,2,1,4,3,4,1,3,3,2,4,8,7,12,12
68,Birmingham (FUA),Europe,River corridor restoration: Love Your River Stour,NA,"Sourced from Northern Worcestershire, the River Stour has played a significant role in the industrial heritage of Birmingham and the Black Country (Ref 1).  It consists of 11 Water Framework Directive water bodies and multiple tributaries, spanning 200 km in length (Ref 2, 3). Once a pristine Salmonid river that powered the Industrial Revolution, rapid industrialization severely impacted the river, leaving it heavily polluted with sewage (ibid.).
Initiated by the Birmingham and Black Country Wildlife Trust (BBCWT) in 2021, the Love Your River Stour (LYRS) project focuses on Dudley and Wolverhampton, aiming to transform the River Stour and its surrounding green spaces into a beautiful, wildlife-rich source of pride for local communities and to create a corridor for wildlife to thrive through the heart of the Black Country (Ref 4).
Phase 1 of the project was completed in June 2023, bringing significant improvements along the river (Ref 5, 6, 7, 8). In Phase 2, the project will extend to a stretch running through Cradley Heath and Lye (Ref 7, 8). This initiative is funded by the UK Government's Green Recovery Challenge Fund.",https://www.bbcwildlife.org.uk/LoveYourRiverStour,1,3,4,3,4,0,3,3,4,3,4,4,3,2,3,4,11,10,15,12
69,Iaşi (FUA),Europe,New Trees in Frumoasa,Frumoasa a devenit mai verde,"In 2021, the real estate company Inamstro, in collaboration with the Municipality of Iași, the civil organization ""Glasul Vieții"" (Voice of Life), and local citizens, initiated a tree-planting initiative that involved planting 250 trees near a residential area and a parking lot in the Frumoasa neighborhood of Iași. This neighborhood is smaller compared to other areas of the city and was developed during the communist systematization of the 1970s and 1980s. It consists of groups of four-story blocks arranged around common spaces, situated near the Frumoasa Monastery complex.
The main goals of the 2021 planting action were to enhance green space, lower air temperatures, reduce urban air pollutants—such as fine particulate matter—absorb CO2, and improve overall health and quality of life (1–5). Additionally, the implementing company concluded that the trees planted near residential areas can significantly reduce energy needs for air conditioning and heating, leading to an average cost decrease of 30% during summer and winter (1, 2).
Volunteers participating in the project received a ""tree certificate,"" signifying their commitment to planting and adopting a tree (7). In this initiative, volunteers were also tasked with monitoring the growth of their adopted trees to ensure their health (1–6).",https://apix.ro/cartierul-frumoasa-din-iasi-a-devenit-mai-verde-cu-250-arbori-p/,2,1,1,2,3,0,1,1,4,1,3,1,3,3,2,4,6,5,9,12
71,Göteborg (FUA),Europe,Gårda pilot rain garden,NA,"The Gårda pilot rain garden has been constructed as part of the research project Innovative Rain Gardens at Chalmers University of Technology in Gothenburg. In addition to causing flooding, runoff rain water in urban environments can be contaminated with microplastics, organic pollutants and metals which can spread into the natural environment. Yet, most of the storm water in urban environments is not treated. The purpose of the Innovative Rain Gardens project is to research the ability of a pilot rain garden to treat such pollution. The project acknowledges the function of a rain garden to prevent flooding, but in this study only the pollution treatment potential is investigated. The pilot rain garden was constructed next to the E6 highway in central Gothenburg [Ref. 1-4]. It includes several different bioretention filters where selected plants are grown in filters containing different materials such as biochar, ash and soil [Ref. 2, 3]. Results so far show that the use of rain gardens can significantly reduce pollution. However, further research is needed to determine the long term function of the bioretention filters and the potential of scaling up the NBS. The project is funded by the Swedish Research Council for Sustainable Development (Formas), IMMERSE - Implementing Measures for Sustainable Estuaries, an Interreg project supported by the North Sea Programme of the European Regional Development Fund of the European Union, and COWIfonden (private foundation) [Ref. 1-3].",https://www.chalmers.se/projekt/raingardens/om-projektet/,2,1,3,2,1,0,1,1,1,2,3,1,2,3,2,1,8,3,7,8
72,Fort-de-France (FUA),Latin America and the Caribbean,Slowing down the erosion of the 'Salines' beach,Ralentir l'érosion de la plage des 'Salines',"Salines Beach, a popular destination for over a million visitors annually (Ref 9), is facing severe erosion due to rising sea levels and poor coastal management. Since 1995, the beach has lost more than 20 meters in width. This loss has been worsened by vehicle traffic and the introduction of coconut trees in the 1950s, which reduced the native root systems that once helped to stabilize the coast (Ref 5). Now, the encroaching sea threatens to swallow the road that runs along the beach.
In response, the Salines Conservation Committee—comprised of concerned community members and environmental groups—has been advocating for urgent action to halt the erosion. They have called for a renaturalization of the area through the replanting of endemic species and restrictions on car traffic, both aimed at restoring the beach’s natural resilience.
When part of the road collapsed in July 2022, the committee took immediate action, organizing community-based interventions. These efforts included blocking traffic, raising public awareness, and planting over 60 endemic plants in the damaged area. The aim was to reestablish a root network capable of anchoring the coastline and capturing shifting sands (Ref 1; 2). The intervention was described as ""a response to the urgent need to rebuild the root network, an ecological engineering solution recognized as the most effective method for retaining beach sand and slowing coastal erosion"" (Ref 2; 1). The intervention on this section of the coast was first completed, then discarded by the municipality of Sainte-Anne (Ref 2). Regional and National agencies are currently undertaking the restoration  works but it is unclear the stage of completion (See Ref 3).",https://la1ere.francetvinfo.fr/martinique/nouvelle-operation-de-renaturation-sur-la-plage-des-salines-a-saint-anne-1333612.html,2,NA,NA,NA,2,NA,NA,NA,3,2,NA,NA,3,2,1,2,2,2,5,8
73,Detroit (FUA),Northern America,Detroit RiverWalk Project,NA,"The Detroit RiverWalk is an urban development project along the Detroit River, designed to reconnect residents with their waterfront and revitalize a historically industrial area. Once characterized by abandoned buildings and industrial debris, the riverfront between the MacArthur and Ambassador Bridges had long been inaccessible to the public. To address this, the Detroit Riverfront Conservancy was established in 2003 to lead the redevelopment of this space.
The RiverWalk currently stretches along a 3.5-mile section, with plans to expand to 5.5 miles, integrating ecological restoration, public access, and recreational opportunities. The esplanade features native landscaping, artistic elements, and amenities, including four pavilions, a custom carousel, and areas for fishing, walking, biking, and inline skating.
Environmental remediation has been a crucial part of the project. In collaboration with the U.S. Environmental Protection Agency’s Great Lakes National Program Office, the Detroit Riverfront Conservancy successfully cleaned up 13,000 cubic yards of contaminated sediment, significantly reducing pollution and contributing to the removal of the Detroit River from the list of the most polluted sites in the Great Lakes. Furthermore, the project also includes greenways, park creation and revitalization.
The RiverWalk is not just a public space; it symbolizes Detroit’s transformation from a Rust Belt city to a sustainable urban environment. It exemplifies the power of public-private partnerships in revitalizing urban areas. The RiverWalk continues to expand, with plans to connect various parks and extend to the Ambassador Bridge, further enhancing the city’s waterfront. Its success was recognized in 2021 when it was named the Best Riverwalk in America by USA Today, cementing its status as a model for urban renewal and community engagement. (Ref. 1, 2, 3, 4)",https://www.smithgroup.com/projects/detroit-riverwalk,2,1,3,3,4,0,3,1,4,2,3,3,4,3,4,4,9,8,12,15
74,Berlin (FUA),Europe,Vertical Wetlands,Vertikale Feuchtgebiete,"Bound by miles of steel, concrete, or brick walls, Berlin’s rivers and artificial canals often look alike. Plastic bottles, along with ducks, swans, and perhaps the occasional coot seeking scraps from humans, are some of the few visible signs of life. Underwater, the scene is similarly sparse and monotonous, with only a handful of resilient species able to endure the harsh conditions.
In response to this lack of biodiversity, researchers from the Leibniz Institute for Freshwater Ecology and Inland Fisheries in Berlin collaborated with the engineering firm Wite to create the Vertical Wetland project. This initiative introduced plant boxes that attach to sheet piling along canal walls, extending into the water to form miniature habitats. These boxes serve as refuges for insects, birds, fish, and other small animals, offering hiding spots and sheltered spaces for egg-laying among the roots and boxes protruding into the water. Known as ""ecological stepping stones,"" vertical wetlands enable animals to rest and safely traverse urban waterways, fostering biodiversity along urban riverbanks. 
Vertical wetlands present a quick and cost-effective way to ecologically upgrade sections of urban waterways. Although they can’t fully replace natural riverside habitats, these mini-habitats offer substantial ecological benefits. Native river floodplain plants, including willows, reeds, rushes, and shallow-water species like irises and marsh marigolds, provide the foundation of these structures. All materials used are environmentally friendly and biodegradable. 
By covering the grey, industrial surfaces of riversides, the vegetation cools the local environment, both on land and in the water, and helps improve water quality. Plant shading cools water, reducing eutrophication risks and creating a healthier habitat for aquatic life.
The Vertical Wetland project’s pilot installation was successfully implemented and tested in 2023 in the Berlin-Spandau Ship Canal. (1, 3, 6)",https://www.igb-berlin.de/news/vertikale-feuchtgebiete-oekologische-trittsteine-fuer-urbane-gewaesser,4,1,1,2,4,0,2,1,1,1,3,2,3,3,3,4,8,7,7,13
75,Lisboa (FUA),Europe,Redevelopment of the Marechal Humberto Delgado Square,Requalificação da Praça Marechal Humberto Delgado,"The renovation of the ""Marechal Humberto Delgado"" Square focused on transforming the area into a more pedestrian-friendly and sustainable urban space. The project included reorganising the traffic system, creating a new urban green square, requalifying the bus terminal, enhancing the integration of different transport modes and improving pedestrian access (Ref 1). Key features of the intervention were the introduction of cycle paths, wider sidewalks, green spaces with 200 new trees, and recreational facilities such as a children's playground and water features (Ref 2). The project also addressed critical infrastructural needs, including constructing a rainwater collector as part of Lisbon's General Drainage Plan to mitigate the city's frequent flooding issues (Ref 3). The renovation, completed in 2024, was part of the 'A Square in Every Neighborhood' program, emphasizing community involvement and sustainable urban development (Ref 3).",https://informacoeseservicos.lisboa.pt/servicos/informacao-de-obras/praca-marechal-humberto-delgado-sete-rios,2,1,3,3,2,0,3,1,2,3,3,3,3,2,1,2,9,6,11,8
76,Iaşi (FUA),Europe,Rehabilitation of the Ciurchi Park,Amenajare si Modernizare Parc Ciurchi,"The project aims to modernize Ciurchi Park, also known as ""Tătărași Park,"" due to the degraded state of its current infrastructure (1 - 8). Initiated by the Municipality of Iași, the initiative seeks furthermore to increase the amount of green space per inhabitant in the city and reduce overcrowding in other parks, thereby diversifying options for citizens (1 - 9). Planning for the project began in 2022, and the bidding process for its execution was released in April 2024, which is still awaiting a decision (1, 2. 7).
The implementation is expected to involve interventions in existing green spaces, including the planting of 120 trees, 1,000 bushes, and approximately 2,000 species of flowers and ornamental plants. The project will also feature a monitoring program for tree species, management of existing vegetation to protect healthy trees, and removal of invasive or degraded plants (1, 2, 4, 8). Additionally, it will include benches, facilities for physical exercise, an underground waste collector, and a rainwater drainage system, among other infrastructure improvements (1 to 8).
The project is expected to be financed by the local budget and EU funds, with a total estimated cost exceeding 5,000,000 euros, including taxes (2, 4). It is included in the Integrated Urban Development Strategy 2015-2030 for the city (8, p. 12).
The goals of the project are to modernize the park, improve accessibility for citizens in the surrounding area, minimize management costs for the municipality, ensure a sustainable habitat for flora and fauna with minimal invasive interventions, and harmonize architectural proposals with the landscape (6, 8, p. 32). Other objectives include protecting biodiversity, enhancing the park’s aesthetics and the overall city environment, and reducing CO2 emissions, which will ultimately improve the quality of life for surrounding residents (8, p. 141).",https://www.primaria-iasi.ro/dm_iasi/hotarari.nsf/70D90FAFC39DA166C22588BE002F3CF4/$FILE/HCL%20318%2031%2008%202022.pdf?Open,2,3,4,3,2,0,3,1,2,3,3,3,4,2,4,3,12,6,11,13
78,Dublin (FUA),Europe,GLAS Community Garden in Blanchardstown,NA,"A community garden opened in 2023 on the Technological University (TU) Dublin Blanchardstown campus. This environmental education and social inclusion project is a collaborative effort involving Fingal County Council, Global Action Plan Ireland, TU Dublin, and the local community. It provides a space for local groups and schools to grow fresh produce, reconnect with nature, and foster a stronger sense of community.
Rooted in a successful template developed by Global Action Plan in Ballymun, this initiative promotes social and cultural inclusion alongside environmental education. The Green Living & Sustainability Community Garden (GLAS) aims to create an inclusive environment that welcomes individuals of all ages, abilities, and backgrounds. More than a site for cultivating plants, flowers, and vegetables, the garden serves as a hub for fostering social connections, enhancing well-being, and offering valuable educational opportunities.
The garden provides individuals with the chance to engage in social horticulture, exploring the connections between food, health, biodiversity, and global issues such as climate change. It operates on organic and regenerative principles, with all tasks and harvests shared by volunteers. Additionally, the garden will support youth gardening projects and public workshops on topics such as growing food, composting, water harvesting, and waste management. Beyond its environmental benefits, the garden helps people connect with one another, positively impacting social, physical, and mental well-being.",https://www.tudublin.ie/explore/about-the-university/sustainability/about/news-and-events/glas-at-tu-dublin-community-garden-celebrates-one-year-engaging-communities.php,1,1,3,2,1,0,2,1,2,2,2,1,2,4,2,2,7,4,7,10
79,Cartagena (FUA),Latin America and the Caribbean,Mangrove Spirit Park,Parque Espíritu del Manglar,"The ""Parque Espíritu del Manglar"" in Cartagena is a multi-zone public space designed to promote recreation, environmental awareness, and cultural identity. The park, which has undergone a significant reconstruction, offers a wide array of recreational equipment and spaces for contemplation in a natural setting. It is divided into six thematic zones: Entrance Zone; Sports Area,  Open-Air Theatre, the Tertulia Island, offering scenic views, public restrooms, and statues such as the iconic ""Macondo"" tree, a tribute donated by Gabriel García Márquez’s family; Children’s Central Zone, featuring a pirate-themed mangrove ship and an Environmental Observation Deck.  (ref 1). 
With the reopening of the park, EPA Cartagena introduced an ecological trail on Tertulia Island, where a mangrove restoration process has been carried out, focusing on plant health and climate resilience. This area also hosts wildlife such as macaws, sloths, turtles, raccoons, and green herons—species that cannot be reintroduced into their natural habitats. (ref 2) 
The park now serves as an active site for environmental education, particularly for children, with programs addressing solid waste separation, climate change, and the protection of natural resources. Its reopening has also been recognized as a key step in strengthening family-oriented tourism and promoting sustainable urban development in Cartagena. (ref 2)",https://www.facebook.com/espiritudelmanglar/,1,1,4,4,4,1,3,1,1,3,4,2,2,2,1,1,10,9,10,6
80,Belgrade (FUA),Europe,"Green Corridor ""Lazaro Cardenas"" in New Belgrade","Rekonstrukcija novobeogradskog šetališta ""Lazaro Kardenas""","Named after the former Mexican president Lázaro Cárdenas, this green corridor project stretches over 4,5 km throughout one of the most densely populated areas in Belgrade. It was first built in the 1970s, connecting the building blocks 45, 44 and 70 of Novi Beograd, but has deteriorated since then (Ref. 4,9). Given the fact that close to 40.000 people live in the area which its highly vulnerable to climate change, action was taken to fully reconstruct the corridor for the benefit of local and surrounding residents (Ref. 3,4). 
The project was implemented in three phases, according to the three blocks adjacent to the construction site starting in 2019. During the third implementation phase in 2022, however, major delays occurred due to disagreements with the local neighbourhood association ""Common Action Block 70 and 70a"", which demanded to be taken into consideration in the project's design (Ref. 2,5). Despite some cooperation between the responsible authority (Greenery Belgrade) and the association, demands could not be met (Ref. 5). In the end, the project was carried out as originally planned by the authorities, with a delay of approximately one year. Ultimately, the green corridor provides ample amenities for sports (bicycle lanes, basketball courts, playgrounds, etc.) and recreational activities (benches, chess area) as well as low-barrier infrastructure for all age groups (Ref. 9).
The project was initiated by President Aleksandar Vučić and supported by the current mayor of Belgrade, Šapić, who both have roots in the district (Ref. 4,6).",https://beogradskiizlet.com/tour/setaliste-lazaro-kardenas/,2,NA,2,3,4,0,3,1,4,3,4,3,3,2,1,3,7,8,14,9
81,Lima (FUA),Latin America and the Caribbean,Vertical Biogarden,Biohuerto Vertical,"The Surco district of Lima has implemented a vertical bio-garden occupying a 685 square meter area within El Aire Park. The garden comprises a 600-meter linear structure supporting 11,000 planters fabricated from recycled plastic bottles. This system yields a substantial crop production of between 400 and 1,500 varieties on a 20-day cycle (1).
Initiated by the Municipality of Santiago de Surco, the bio-garden is designed to contribute to the district's economic, nutritional, and environmental sustainability (1, 2, 3, 5). By cultivating high-protein, nutrient-rich crops, the municipality provides essential sustenance to 24 local community kitchens (1), a local market (3), parishes, and social aid organizations (1). 
To optimize crop yield, the municipality has implemented specialized techniques, including seedling cultivation, harvesting, and organic fertilization, to prevent pest and disease infestations (1). Since its implementation in 2020 with an initial 7,000 planters, the project has expanded by 300% to accommodate 11,000 (1). Cultivated plant varieties include medicinal herbs, leafy greens, root vegetables, and infusion ingredients (2, 5).
Additionally, the initiative serves as an educational platform, demonstrating and spreading sustainable home gardening practices utilising recycled materials such as plastic bottles (3, 5).",https://youtu.be/RXlZ86ILKJA,1,2,4,3,3,0,3,1,4,3,4,1,2,2,2,2,10,7,12,8
82,Berlin (FUA),Europe,Floating University,Floating University,"The Floating University was initiated in 2018 at the rainwater retention basin of the former Tempelhof airport in Berlin. Though not an official university, it serves as a space for transdisciplinary, communal learning, transforming an abandoned urban site into a vibrant community resource. The project reclaims the basin, hosting workshops and events that range from ecological lectures to cultural and art programs, fostering collaboration between diverse disciplines and communities.
The architecture collective raumlaborberlin originally envisioned the project as a six-month initiative. Artists, universities, and seminar groups contributed to designing the space and organizing workshops. However, due to its success, an NGO, Floating e.V., was established to sustain the project. Today, the NGO manages the site and continues its mission of engaging communities with urban and ecological themes.
After Tempelhof airport closed in 2008, the basin was infrequently cleaned, leading to contamination and sediment accumulation. Over time, a wetland ecosystem emerged, attracting plants, insects, birds, mammals, and amphibians. This natural development complements the Floating University’s infrastructure, which consists of open timber structures like a kitchen, art installations, communal spaces, vertical gardens, gardening beds, and an auditorium. These structures integrate seamlessly with the basin’s existing technical framework and wetland environment.
Floating e.V. aims to make the basin accessible to Berlin’s urban population while sparking discussions about urban climate, resource management, and water cycles through diverse and artistic programs. Smaller initiatives focus on specific ecological themes, such as plant diversity and soil health, through projects like a seed archive and soil lab.
The Floating University exemplifies how abandoned urban spaces can be revitalized into hubs for learning, creativity, and ecological awareness. (1-3, 8, 9)",https://floating-berlin.org/de/,1,3,3,3,4,0,3,1,2,3,3,1,3,4,3,2,10,8,9,12
84,Cagliari (FUA),Europe,A Green Promenade for Cagliari,Una Promenade Verde Lungomare di Cagliari,"Cagliari's waterfront is currently characterized by extensive soil sealing, which has rendered the soil impermeable, leading to a loss of biodiversity and contributing to the urban heat island effect. Additionally, the waterfront is disconnected from the city due to heavy traffic. In 2023, the Municipality of Cagliari launched the ""Green Promenade for Cagliari’s Seafront"" project, aimed at revitalizing the waterfront and reconnecting the city with its coastal heritage. Led by Stefano Boeri Architetti, the project seeks to transform the area into a continuous green space that integrates pedestrian pathways with shaded public areas, functioning as a ""green lung"" to mitigate urban heat and enhance biodiversity.
The initiative will introduce over 200 new trees and 5,700 square meters of green space, creating a park that beautifies the area, improves air quality, and lowers local temperatures. A key focus of the project is fostering cultural and social inclusion by developing new community hubs that encourage diverse activities and strengthen social cohesion. Additional features include recreational areas, sports fields, and outdoor seating. (Ref. 1, 2,3)
The project also aims to enhance social inclusion, environmental sustainability, and urban connectivity, ultimately transforming the waterfront into a vibrant public space that reflects Cagliari’s identity. 
However, the lengthy construction process has disrupted local businesses and reduced foot traffic, making the area less attractive during the redevelopment phase. (Refs. 10, 11, 12 & 13).",https://www.stefanoboeriarchitetti.net/project/una-promenade-verde-per-il-lungomare-di-cagliari/,2,1,3,3,2,1,3,1,2,3,3,2,3,2,2,3,9,7,10,10
85,Detroit (FUA),Northern America,Joe Louis Greenway,NA,"The Joe Louis Greenway is a 27.5-mile recreational pathway designed to create safe, connected, and equitable spaces throughout Detroit. It will link 23 neighborhoods across Detroit, Hamtramck, Highland Park, and Dearborn, connecting them to each other and to the Detroit riverfront. The greenway will transform a blighted, abandoned rail corridor into a park that runs through the heart of Detroit's communities. (Ref. 2, 3)
This project is guided by a Framework Plan funded by the Ralph C. Wilson, Jr. Foundation and shaped by extensive community input. Residents voiced a strong desire for the greenway to provide off-street recreation and increased access to green spaces across Detroit. Additionally, they advocated for the restoration and remediation of former industrial sites, which the Conrail section of the greenway will address. (Ref. 4) The design incorporates stormwater management to mitigate flooding, native meadow plantings to support bird habitats, and tree-lined paths for shade and improved air quality. The Framework Plan ensures the Joe Louis Greenway will transform infrastructure that once divided neighborhoods into one that unites them, reconnects natural systems, drives economic redevelopment, and fosters a resilient social network. (Ref. 13)
The concept originated in 2007 with the Friends of the Inner Circle Greenway local NGO and became part of the Detroit Greenways Coalition Network Vision in 2009. The Detroit Greenways Coalition Network Vision is a comprehensive plan developed by the Detroit Greenways Coalition (NGO), an organization dedicated to promoting non-motorized transportation and green infrastructure throughout the city. After years of advocacy and collaboration with the city of Detroit, the project’s route was finalized. In 2017, Mayor Mike Duggan announced the greenway would be renamed in honor of Joe Louis, the legendary boxer and Detroit native who championed African Americans' rights and symbolized social justice. (Ref. 1, 2,)",https://detroitgreenways.org/projects/joe-louis-greenway/,2,1,3,3,2,0,3,1,4,3,4,3,3,3,3,3,9,6,14,12
86,Göteborg (FUA),Europe,Fjärding Park,Fjärdingsparken,"Fjärdingsparken is a city park that has been constructed in two phases, the second finishing in 2023 [Ref. 1]. The initial phase of the plan focuses on building a new kindergarten, and it includes developing the park surrounding the kindergarten to increase locals' access to green space and recreation. The first phase also involved building a football field at the park's edge [Ref. 1, 4, 5]. The second phase continued the park's development focusing on rain water management and biodiversity. The park was constructed so that up to 900 m3 of rainwater can be managed in the park during a 100-year rain, protecting the surrounding area from flooding. This is part of a flooding strategy for the city. The park includes a meadow, aiming to provide habitat for flowers and plants supporting pollinators and butterflies. It also contains amenities such as an outdoor gym, a dog park, and a ""play forest"" designed for children. The climate impact of constructing the park was evaluated in an attempt to reduce GHG emissions [Ref. 1-3].",https://goteborg.se/wps/portal/aktuelltarkivet/aktuellt/336607ec-5334-4786-81da-500dc85af7e7,4,1,1,3,1,1,3,1,4,3,3,2,3,3,3,3,9,6,12,12
87,Ciudad Juárez (FUA),Latin America and the Caribbean,Renovating a park to increase resilience,Renace el Parque Central,"Parque Central Hermanos Escobar had been neglected for years, but in 2022, it was fully reopened following a public investment aimed at redesigning some of its features. The renovations provided better amenities, new and improved recreational opportunities, and enhanced the city's resilience to flooding and water stress. Although the park already had a dedicated blue space, the renovations increased permeable surfaces (e.g., parking lots) and boosted its water retention capacity with cisterns, stormwater basins, and an artificial lake designed to function ""like a natural one"" (Ref 1).

The artificial lake was one of the most anticipated additions with a depth of one meter and being used for recreational purposes. It is supplied with water from the existing treatment plant in the park’s western section, which complies with the National Water Commission (Conagua) standards. The lake features recreational facilities, such as boats and a pier, and  serves as a habitat for local wildlife, including ducks, turtles, and several amphibian species that have already begun to naturally populate the area. (1,2)

Overall, the improvements were intended to enhance the park's recreational offerings while strengthening the city's defenses against flood risks and water shortages. The local community will have a space to relax and enjoy various facilities, including an open-air auditorium, scenic viewpoints, an indoor pool, and a baseball field, among many other features.",https://netnoticias.mx/juarez/el-parque-central-renovado,4,4,3,4,2,0,4,1,2,2,3,4,3,2,3,1,15,7,11,9
88,Thessaloniki (FUA),Europe,Kipos3 urban community gardens project,NA,"Thessaloniki has a dense urban structure with limited open and green spaces. As a coastal city severely impacted by climate change, it faces multiple interconnected challenges, including extreme weather events, flooding, and peri-urban forest fires. These issues are further compounded by the city's aging infrastructure and deteriorating buildings, increasing its vulnerability (Ref 1).
Kipos 3, a community garden, is part of the ""Green Neighborhoods"" project proposed in the Thessaloniki 2030 municipal resilience strategy (ibid.). Established in 2015 on a 600-square-meter plot donated by the municipality, the garden is now managed by 30 local families under the continued stewardship of the Municipality (Ref 2, 3). The garden's creation was supported by a team of architects, landscape architects, and agriculturists, and features a variety of herbs and edible plants grown using permaculture methods (Ref 3).
The garden hosts a greenhouse along a range of environmental, recreational, and educational activities, providing an opportunity to foster a more cohesive, inclusive, and resilient community. It also serves as a space for synergies and discussions about the future of the city (Ref 3, 4). Recognized as a good practice, the intervention has been showcased in national, European, and international networks (Ref 2, 4).",https://www.interregeurope.eu/good-practices/kipos3,2,1,1,3,2,0,3,1,4,4,4,1,4,4,4,3,7,6,13,15
89,Detroit (FUA),Northern America,Belt Line Center PACE-funded Green Roof,NA,"The Belt Line Center building, located in Detroit, Michigan, property of  Letts Industries, features a green-blue roof, along with a rain garden, showcasing the benefits of green infrastructure in historic properties. The idea for this retrofit emerged in 2015 after a major renovation, when Chip Letts, CEO of Letts Industries, recognized the potential of green infrastructure for long-term energy efficiency and storm-water management.
The initiative gained momentum in 2018, following the Detroit Water and Sewerage Department's (DWSD) introduction of new drainage fees, which charged $750 per acre of impermeable surfaces. The DWSD also offered up to 80% discounts for properties implementing green solutions, further incentivizing the project.
The project officially began in 2020 after securing PACE funding (Property Assessed Clean Energy funding, a financing mechanism that enables property owners to fund energy efficiency, renewable energy, and water conservation projects) from CounterpointeSRE (financial institution), marking the first use of commercial PACE financing for a green roof in Michigan. The green roof, covering 17,250 square feet, includes 300 square feet of pedestal pavers and a 2,500 square foot blue roof. These features enhance stormwater management, energy efficiency, and roof longevity; the center also incorporates two beehives to support local biodiversity.
These systems work in tandem with the ground-level rain garden to capture and infiltrate stormwater runoff, significantly reducing the impact on Detroit’s stormwater system. The project aligns with the city’s broader sustainability goals, including the Beltline Greenway initiative, which will pass directly behind the property, integrating the building into Detroit’s expanding network of green spaces and bike paths.
The Belt Line Center serves as a model for revitalizing historic buildings through innovative financing and sustainable design, enhancing Detroit’s environmental resilience. (Ref.1-5)",https://counterpointesre.com/2020/07/detroit-retrofit-models-use-of-pace-for-green-roofs/,4,1,4,2,4,0,2,1,1,2,2,1,2,2,2,4,11,7,6,10
90,Dublin (FUA),Europe,GLAS Garden in Ballymun,NA,"The GLAS Garden in Ballymun was established in 2011 by the NGO Global Action Plan, serving as a community-driven initiative that offers a welcoming and accessible space where people of all ages and abilities can engage with nature, learn new skills, and build connections within their community. The garden is actively utilized on a weekly basis by various groups, including St. Michael’s House, Saol Clubhouse, the Central Remedial Clinic, Ballark Youth Training, and Young Ballymun. It features a polytunnel for year-round growing, a whimsical fairy garden, and numerous microhabitats, including a pond, composting systems, a grow dome, and an innovative rainwater harvesting system made from recycled plastic bottles.
As part of the social regeneration program for Ballymun, the Green Living and Sustainability (GLAS) community garden has been operated by Global Action Plan (GAP) since its inception. It is supported by Dublin City Council under the Social Regeneration Fund and serves as a hub for environmental education and social inclusion in the area.
GAP’s GLAS garden brings together individuals of all ages and abilities, providing a socially inclusive space for participatory learning and active exploration of sustainability. It plays a crucial role in helping individuals and groups reduce their carbon footprint, produce organic food, and enjoy nature, thus transforming the garden into a space for positive change. (1-5)",https://globalactionplan.ie/services/glas-community-gardens/,4,1,1,2,1,0,2,1,2,4,3,1,3,4,3,2,8,4,10,12
91,Lisboa (FUA),Europe,Street Greening in Areeiro and Arroios,Ruas Verdes+,"The ""Ruas Verdes+"" (green streets) project, implemented in the parishes of Areeiro and Arroios in Lisbon, is part of a broader European initiative, Conexus, aimed at promoting green solutions in highly urbanized areas (Ref 3). The project primarily focuses on creating a tree-lined pedestrian corridor along Carlos Mardel and Francisco Sanches streets, establishing a continuous axis between the Casal Vistoso Urban Park and the Caracol da Penha Garden (Ref 1). This corridor is designed to mitigate urban heat island effects, enhance ecological connectivity, and improve residents' quality of life (Ref 5). The pilot phase includes planting 20 trees on Rua Carlos Mardel and removing a minimal number of parking spaces to balance urban greening with local needs (Ref 1). Additionally, planters are being introduced in the Bairro dos Actores area to test the community’s response to greening initiatives (Ref 1). The project also involves public participation through gardening workshops, encouraging residents to contribute to the greening effort by adding plants to their balconies (Ref 4). This initiative aims not only to enhance the urban environment but also to foster social inclusion and community engagement while addressing the challenges of climate change in Lisbon's densely populated areas (Ref 5).",https://lisboaparticipa.pt/pt/news/mais-arborizacao-para-lisboa-com-o-projeto-ruas-verdes-1876,2,1,3,3,2,0,2,1,2,1,4,2,3,2,1,1,9,5,9,7
92,Lima (FUA),Latin America and the Caribbean,Villa Mosha community garden,Biohuerto en Villa Mosha,"According to the FAO, in 2022, 16.6 million Peruvians faced moderate or severe food insecurity, representing an increase of 1.5 million compared to the previous year (3). This situation was exacerbated by the health crisis, inflation, and job losses, leaving three out of ten Peruvians in poverty in 2021. The situation was particularly critical in Metropolitan Lima and Callao, with 14% of families reporting difficulties in acquiring protein-rich foods due to their precarious economic situation (2).
In response to this food crisis, the Municipality of Lima implemented the ""Lima te Cuida"" (Lima Takes Care of You) initiative, in which residents from vulnerable areas got training to create urban gardens and produce organic compost to help the community kitchens in these areas become self-sustainable (1, 2). An example of this initiative is the community garden in A.H. Villa Mosha in San Juan de Lurigancho, where a community garden has been built, and community members have been trained in small-scale planting, cultivation, care, and harvesting of various foods (2).
This initiative has been supported by the MUSA project ""Mujeres Unidas por la Seguridad Alimentaria y Ambiental"" (Women United for Food and Environmental Security) as part of the project ""Alimentando a Lima desde Adentro"" (ALDA) (Feeding Lima from within), which has had an impact in eight districts of Lima to strengthen food security (3). In addition to promoting urban agriculture, the project seeks to influence public policy through training and development of proposals to promote urban agriculture at the local level (4).",https://agriculturaenlima.com/proyecto/musa/musa,1,1,NA,2,3,0,NA,1,4,2,3,NA,2,2,1,4,4,4,9,9
93,Mobile (FUA),Northern America,The Three Mile Creek Watershed Restoration,NA,"The Three Mile Creek Watershed project is part of the City Council watershed management plans (Ref 2) to stabilize the banks and the stream along the Twelve Mile Creek and Langan Park Lake, both of which drain into Three Mile Creek and Mobile Bay (Ref 1). The project aims to address the issues of degradation of the banks and destabilization of the creek, undercutting of sanitary sewer crossings and sedimentation in the creek and Langan Park Lake because of the increased water flow speed due to stormwater conveyance (Ref 2). Besides, major pollutants from run-off and sewage water contribute to the degradation of Three Mile Creek (Ref 5). Key initiatives include stabilizing the banks and streambed of the Twelve Mile Creek, dredging and restoring Langan Park Lake, and implementing instream structures to reduce erosion and protect infrastructure (Ref 2). The project also emphasizes reducing pollutants from stormwater runoff, improving water quality, and helping to protect the area’s estuarine and marine water resources (Ref 1).  The project will increase natural habitat and contribute to regulating biodiversity by aiding in the abatement of invasive species such as the apple snail (Ref 2). It is expected to contribute to enhancing recreational access through the development of trails, educational programs, and water sports facilities. The overall goal is to restore ecological health, support flood control, improve the quality of life in the Mobile and Prichard communities and make the Three Mile Creek a recreational destination (Ref 6).",https://mapformobile.org/3mcwatershed/,2,2,3,3,2,0,3,1,1,2,2,1,3,4,4,1,10,6,6,12
94,Phoenix (FUA),Northern America,Dreamy Draw Park Project,NA,"The Dreamy Draw Recreation Area is located in Phoenix, Arizona. It is situated near the Phoenix Mountains Preserve and provides access to various hiking and biking trails, as well as scenic desert landscapes. The Dreamy Draw Recreation Area project is a comprehensive initiative aimed at enhancing an existing park space. Key improvements include infrastructure upgrades, trail enhancements, and ecological restoration efforts. Through the construction of new ramadas, expanded parking, and increased accessibility features, the project seeks to create a more welcoming and inclusive environment for all visitors. This endeavor was launched as part of the City's Drought Pipeline Project.
One important component of the project is revegetation, which includes the planting of native saguaros to support ecological restoration and improve the park's visual appeal. The project addresses several longstanding challenges, such as limited parking, outdated facilities, and the need for improved trail conditions. By adding more parking spaces, installing modern restrooms, and constructing accessible pathways, the enhancements contribute to a safer and more enjoyable experience for visitors. Additionally, the revegetation efforts help restore natural habitats and mitigate the ecological impacts of urbanization on the local environment.
In total, more than two dozen mature saguaros were replanted in the newly reopened Dreamy Draw Recreation Area, creating an “immediate visual impact,” particularly along Route 51. The Mountain Parks and Preserves Committee held a meeting on Monday evening to review the revegetation work completed over the summer, with the area reopening on September 7.
Of the 58 cacti planted in this project, 27 saguaros—referred to as ""reclamation saguaros"" by Wayne Colebank, a landscape architect on the project—were previously stored by Phoenix Water Services at the 24th Street Water Treatment Plant near Lincoln Drive and 24th Street. (1-11)",https://www.phoenix.gov/newsroom/parks-and-recreation/2857,3,1,2,4,4,0,4,1,4,4,2,4,3,2,3,4,10,9,14,12
95,Ciudad Juárez (FUA),Latin America and the Caribbean,El Chamizal Zone of Ecological Restoration,El Chamizal: de parque a zona de restauración ecológica,"“El Chamizal is a site of significant sociocultural importance and a key part of the identity of the people of Juarez. It is frequently visited by over 200,000 people seeking a space for recreation and enjoyment.” Located along the Rio Bravo/Grande river, El Chamizal is a park and a riparian area (Ref 2). Despite its popularity, the park has been suffering three decades of irregular management by the Municipal Government of Juárez  and is facing issues such as accelerated desertification, soil degradation, and biodiversity loss. (Ref.2)

To counteract some of these challenges, in February 2024, the Secretariat of Environment and Natural Resources (Semarnat) and the National Commission of Protected Natural Areas (Conanp) designated El Chamizal Park, spanning 327 hectares, as a Zone of Ecological Restoration (ZER) (Ref 1). 

The restoration plan involves dividing the park into four distinct zones, each with specific recovery actions (Ref 1; 2). Zone A, covering 107.3 hectares, is designated as a conservation area where reforestation with native species must commence. Zone B, which spans 47.8 hectares, also requires reforestation with native plants. Zone C, encompassing 12.7 hectares, consists of flooded or floodable plains that must remain in their current state. However, the surrounding ecosystem in this zone needs restoration with native aquatic plants to aid in stormwater purification. Zone D, at 159.8 hectares, contains existing infrastructure—such as buildings, installations, and communications—that must remain unchanged (Ref 3, p. 96). The project proposal is still awaiting implementation.",https://zonafree.mx/2024/05/22/el-rescate-de-el-chamizal/,2,4,3,4,2,0,4,1,2,2,4,4,3,2,2,3,13,7,12,10
96,Iaşi (FUA),Europe,Green Spaces at Palas Campus,Palas Campus,"The Palas Campus project is a real estate investment by the private company IULIUS, involving the construction of a mixed-use development with integrated green elements, including a green terrace (1–3, 5). The project spans approximately 86,000 sq.m., of which 4,500 sq.m. are dedicated to green spaces (1–3, 5). In these green spaces, 200 trees and 7,000 bushes of various species were planted (1, 2). The landscape design was created by a team of international experts, with some plant species imported from Italy (1, 5). The primary goal of the project is urban regeneration in a specific district of the city, building on similar projects previously implemented by IULIUS (1, 2, 5). The Palas Campus landscape includes relaxation spaces and pedestrian walkways (1).
The buildings were designed to meet the standards for two green certifications: EDGE and LEED, both of which were awarded in 2024 (4, 6–10). The EDGE certification signifies a 20–40% reduction in energy and water use compared to standard buildings (4, 8). The LEED certification, awarded based on various sustainability criteria, saw Palas Campus achieve one of the highest scores (4, 9, 10). One key aspect of the certification was the reduction of the ""heat island"" effect (10).
The total cost of the project reached 120 million euros, with 3.8 million euros allocated to the green spaces (1, 2, 5). The project was partially financed by a 72 million euro ""green"" loan from the IFC, a member of the World Bank Group, which also provided expertise to help secure the EDGE certification (6–8). The LEED certification was obtained with the support of the consulting firm BuildGreen (11).",https://en.palascampus.ro/concept,4,1,1,2,4,0,2,1,2,3,3,1,2,4,2,3,8,7,9,11
97,Belgrade (FUA),Europe,The Line Park: Redeveloping old Railway Tracks,Linijski park,"The ""Line Park"" project in Belgrade aims to create a continuous green belt spanning 4.6 kilometres and covering over 48 hectares. As such, the project will revitalize the former railway corridor from ""Beton Hala"", just below the Belgrade Fortress, to the Pancevac Bridge. Inspired by notable urban parks like New York's ""High Line"", Moscow's ""Zagrađe,"" and Toronto's ""Rail Corridor,"" it will become a major recreational destination and also help to alleviate the pressures from the city's heavy air pollution and summer heat (Ref. 5, 6).
The park will be divided into ten thematic sections dedicated to aromatic plant and flower gardens, urban gardening and beekeeping, sports facilities, a newly built university campus and more. Additionally, there will be an amphitheatre and facilities for outdoor education. To further integrate green infrastructure, new buildings will have green roofs and walls (Ref. 2,5). Ultimately, the park integrates a number of amenities into the entire city.
The development of the park also introduced innovative co-creation mechanisms in terms of governance and planning. Since Belgrade is part of the multinational CLEVER Cities Initiative, the city's Secretariat for Environmental Protection suggested the use of the site as a pilot test for introducing nature-based solutions in urban planning and with diverse stakeholders' input. Several workshops, focus groups, and consultations took place between 2019 and 2021, which facilitated the diversity of ideas that have been adopted into the official construction plan (Ref. 1, 2). Despite these successes, civil society groups raise concerns over the extraordinary cost of 70 million euros, displacement of Roma communities and the interest of real estate developers that may undermine the project's original cause (Ref. 3, 8).",https://gradonacelnik.beograd.rs/lat/Vesti/Gradske-aktuelnosti/a84802/Beogradjani-dobijaju-linijski-park.html,2,1,2,3,2,0,3,1,4,3,4,3,4,4,2,1,8,6,14,11
98,Lima (FUA),Latin America and the Caribbean,San Isidro Ecological and Cultural Park,Parque Bicentenario - San Isidro,"In Peru, there is a significant gap in the coverage of public spaces for social interaction, environmental awareness, and cultural expression in urban areas, reaching 23.10% (3). To address this issue and commemorate the 200th anniversary of Peru's independence, the national project ""Proyecto Especial Bicentenario"" (Special Bicentenary Project) was launched. As part of this project, 26 Cultural and Ecological Parks are being developed throughout the country (2, 5). This initiative aims to strengthen the role of municipalities in sustainable urban planning, prioritising the well-being of citizens and promoting citizen participation (1, 3).
These parks combine ecological elements with cultural infrastructure, fostering a connection between people and nature and their Peruvian identity (5). By offering recreational and educational spaces, the goal is to raise public awareness of the importance of local biodiversity and strengthen community ties (1, 5). To ensure that these spaces meet the needs of each community, a citizen participation campaign called ""Ideas for My Bicentennial Cultural Park"" was implemented, allowing citizens to propose ideas from various perspectives, such as design, culture, citizenship, and the environment (5).
The San Isidro Bicentennial Park, inaugurated in 2020, is an example of this initiative. With its 20,000 square meters of green areas, cultural activities, family recreation zones, and a neighbourhood gathering centre, this park has become a new green lung for the city and a meeting place for people of all ages, with a focus on inclusion for children and the elderly (2, 4, 5). Additionally, it features a municipal community garden of 250 m2 that promotes urban agriculture and offers workshops to teach citizens about sustainable farming practices (6).",https://www.munisanisidro.gob.pe/Transparencia/RepositorioGobPe/Normatividad/ACU-2020-032.pdf,1,1,2,2,3,0,2,1,4,3,3,2,2,2,2,3,6,6,12,9
99,Berlin (FUA),Europe,Roof Water Farm,Roof Water Farm,"The ROOF WATER-FARM is an innovative demonstration site located in the heart of Berlin, near Potsdamer Platz, showcasing sustainable urban infrastructure that integrates wastewater treatment and food production. Situated in the ""Block 6"" quarter of the 1987 International Building Exhibition in Berlin-Kreuzberg, the site transforms wastewater and rainwater collected from nearby buildings into usable resources for farming and fertilizer production (Ref. 1). This project provides a real-world example of how sustainable systems can be incorporated into everyday urban design to enhance resilience and functionality.

At the ROOF WATER-FARM, water from rooftops and surrounding households is channeled into a treatment plant, where it is analyzed for micropollutants and purified. The treated water is then used for both fish farming in aquaponics systems and plant irrigation in hydroponic farming. The nutrient-rich water from the fish tanks nourishes plants, while also contributing to the production of food. This integrated approach actively supports climate protection by managing rainwater runoff and using plants for CO2 storage, helping to mitigate the urban heat island effect (Ref. 4).

This demonstration site embodies how cities can move toward a circular economy, where wastewater is reused for both farming and water management. The project also serves as a hub for learning and experimentation in sustainable urban design, with the greenhouse acting as a space for collaboration and innovation in infrastructure development (Ref. 2; Ref. 5). By incorporating these technologies into urban environments, the ROOF WATER-FARM demonstrates a future where buildings and neighborhoods efficiently recycle water, produce food, and reduce environmental impact.",http://www.roofwaterfarm.com/,2,2,4,2,1,0,2,1,1,1,3,1,2,3,3,3,10,4,6,11
100,Gdansk (FUA),Europe,Rain Garden 2.0,Ogród deszczowy 2.0,"The Rain Garden 2.0 project at Gdańsk University of Technology is an innovative green infrastructure initiative that manages and purifies rainwater while enhancing biodiversity. Part of the international NICE (Nature-based solutions for urban climate adaptation) initiative, this project serves as a living hub for testing solutions to address urban climate challenges. Opened in July 2023, the rain garden exemplifies a multifunctional approach to water retention, pollutant filtration, and urban biodiversity support. It is located behind the Faculty of Chemistry's Building C and has a capacity exceeding 11 cubic meters. (Ref. 1; Ref. 6)
The garden, designed by researchers from the Faculty of Civil and Environmental Engineering under the leadership of Prof. Magdalena Gajewska, captures rainwater runoff to prevent urban flooding and mitigate the strain on storm sewer systems. It absorbs pollutants, improves water quality, and supports over 1,100 hydrophyte plants, creating a natural solution for heavy rainfall events.
Beyond water management, the garden contributes significantly to urban biodiversity. Its moist soil and diverse plant species—designed to thrive in a range of conditions—help create habitats for insects and other small wildlife, boosting ecological resilience. (Ref. 1)
The rain garden’s innovative design consists of several key components. The first stage channels rainwater into reservoirs, reducing the energy of inflowing water. Subsequent parts purify the water through sedimentation processes, effectively filtering out pollutants such as those from streets and roads. Early research shows that these purification methods work exceptionally well, retaining a broad spectrum of pollutants before the water reaches the garden’s main basin. The project also benefits from cutting-edge laboratory equipment, allowing for detailed monitoring and analysis of water quality. (Ref. 1)",https://pg.edu.pl/aktualnosci/2023-10/ogrod-deszczowy-20-w-gdansku-powstal-na-pg,2,3,3,2,2,0,2,1,1,3,3,1,3,3,2,2,10,5,8,10
101,Detroit (FUA),Northern America,Core City Park(ing),NA,"The PARK(ing) project, completed in April 2022, is an urban private intervention in Core City neighborhood in Detroit, that re-imagines a vacant 24,000-square-foot lot into a dual-purpose public park and a 28-car parking lot. Designed by Julie Bargmann of D.I.R.T. Studio, in collaboration with Prince Concepts and in-house landscape designer Andrew Schwartz, this innovative green space harmonizes urban infrastructure with natural elements. The site is punctuated with 78 newly planted trees, including sumac, maple, and evergreen species, creating an environment rich in vegetation that seamlessly integrates with its urban surroundings.
The design incorporates permeable pavers and  sloped berms, which effectively manage storm-water by absorbing and channeling rainwater, mitigating the risk of flooding—an often-overlooked challenge in traditional parking lots. This approach reflects sensitivity to the local environment and a commitment to sustainable urban design.
By day, the park discreetly functions as a parking facility, with cars nestled among dense greenery, while by evening, it transforms into a public garden, extending the communal space of Core City Park. This dual functionality addresses the needs of a car-dependent community while promoting walkability and enhancing the neighborhood's ecological footprint. 
PARK(ing) exemplifies a shift in Detroit's urban planning, moving away from the car-centric developments of the past toward a more balanced relationship between people, nature, and infrastructure. The project stands as a testament to the evolving identity of American cities, particularly those like Detroit, historically shaped by the automobile. It offers a vision of urban spaces that prioritize community well-being and environmental stewardship while acknowledging the realities of modern urban life. (Ref. 1, 2)",https://www.princeconcepts.com/parking,4,1,4,2,4,0,1,1,4,3,2,1,4,1,3,3,11,6,10,11
103,Mobile (FUA),Northern America,Brookley by the Bay,Brookley by the Bay,"Brookley by the Bay is a 98-acre new waterfront park project along Mobile Bay's western shore (Ref 1). The park aims to reconnect people with the Mobile waterfront and coastal ecosystem (Ref 2). The area, once an abundant mosaic of tidal marshes, forested wetlands, and shallow lagoons, became a port, leading residents to lose contact with the natural landscape (Ref 2).
The park serves both recreational and environmental purposes, aiming to create and restore areas that enhance habitat resilience and allow coastal ecosystems to thrive (Ref 1). It features sports facilities, including kayaking, volleyball, golf, and biking, along with social gathering and educational spaces such as an amphitheatre lawn, a performance pavilion, and picnic tables (Ref 3, Images 1-3). The park provides safe and equitable access for all Mobile residents to nature, beaches, tree canopies, open fields, and varied shorelines, all connected by pedestrian and bike lanes (Ref 2). The project also focuses on habitat enhancement and restoration for biodiversity (Ref 3, Images 1 & 4), as well as flood protection through shoreline get-downs, vegetated edges (Image 4), and undulating berms and swales that serve as a layered protection system against stormwater and coastal flooding (Ref 2).
The development of Brookley by the Bay was guided by input from over 300 community members (Ref 1), local stakeholder organizations, and project partners, with the goal of establishing a more resilient, accessible, and enduring space for generations to come (Ref 2).",https://www.cityofmobile.org/brookleybythebay,2,1,3,4,2,1,4,1,2,2,2,3,3,3,3,1,10,8,9,10
104,Göteborg (FUA),Europe,Reuse Park Medicinareberget,Återbruksparken på Medicinareberget,"A green area was turned into a ""reuse park"" to save trees, bushes and other plants that had to be moved from elsewhere due to construction work. The project resulted from constructing the new business school at the University of Gothenburg, where circular economy initiatives are being tested. Plants that would have to be removed from that site were moved to the park at Medicinareberget temporarily. They will later be replanted elsewhere on campus, saving money and reducing the environmental impact of buying new plants. The lead actor in the project is the public real estate company Akademiska Hus, which owns and manages the affected parts of the university campus. The reuse park was established in 2021, and it's implied that it can continue to function as a storage site for plants from different construction locations. The project is highlighted as a learning opportunity for how the reuse of plants can be implemented in future construction projects. The project is connected to the regional initiative Återbruk Väst within the national platform CCbuild, which promotes circular solutions in the construction centre [Ref. 1-5].",https://www.akademiskahus.se/campusutveckling/hallbara-campus/hallbarhetscase/aterbrukspark/,2,1,1,2,4,0,2,1,3,2,3,1,2,2,3,3,6,7,9,10
105,Lisboa (FUA),Europe,Miyawaki Urban forest in Areeiro,Miyawaki Mini-floresta no Areeiro,"In Lisbon's Areeiro district, Urbem, a non-profit organization, is leading the creation of a 2500m2 Miyawaki mini-forest in Casal Vistoso Urban Park. This initiative involves densely planting native species to rapidly establish a diverse, self-sustaining forest ecosystem. Supported by the Lisbon City Council, the project aims to enhance urban biodiversity, improve air quality, and contribute to climate resilience. Volunteers from the local community play a crucial role in every stage, from preparing the land to planting and maintaining the forest. Despite initial challenges, such as a 40-50% plant survival rate, the forest is expected to become self-sustaining within three years. The project focuses on environmental restoration and seeks to engage and educate the community, fostering a sense of ownership and connection to these new green spaces (Ref 1; Ref 2; Ref 3; Ref 4).",NA,2,1,3,3,2,0,3,1,1,1,4,3,3,2,1,1,9,6,9,7
106,Kunming (FUA),Asia,Chaowan Nursery Garden Base Project,潮玩苗圃基地,"The Chaowan Nursery Garden Base Project (潮玩苗圃基地), located along the Dianchi Greenway in Kunming, was established by the Kunming Gardens Virescence Bureau (昆明市园林绿化局) in 2022 as part of the city's efforts to transform into a ""city of parks"" (Ref 2, 3). Covering 639 mu (42.6 hectares), the Chaowan Nursery Garden has introduced over 1.4 million plants, including trees, flowers, and grasses, greatly expanding the city's green spaces (Ref 3). It serves as a key resource for the Kunming Greening Service Center (昆明市绿化服务中心), providing seedlings for major greening projects along roads like Guangfu Road, Airport Road, Beijing Road, and the Second Ring Elevated Road (Ref 4).
Innovatively designed, the nursery also functions as a park, offering an ""immersive"" experience with various themed areas such as rainwater gardens, rural gardens, Chinese gardens, and scenic balconies. These spaces allow visitors to stroll through and enjoy the beauty of various flowers and natural surroundings (Ref 4). The project also collaborates with local universities on seedling research, capacity building, and resource sharing, further enhancing its multifaceted role (Ref 3).
Since opening to the public in 2023, the Chaowan Nursery Garden has become a popular destination for families, young people, and children, offering both recreational and educational experiences (Ref 5, 6, 7, 8).",https://www.kunming.cn/news/c/2023-04-06/13688613.shtml,4,1,1,3,4,0,3,2,4,4,4,2,4,2,3,4,9,9,14,13
107,Berlin (FUA),Europe,Green Corridor Südpanke,Grünzug an der Südpanke,"The Green Corridor Südpanke is a transformative restoration project that unveiled 700 meters of the river Südpanke, connecting Invalidenpark and Südpankepark in the heart of Berlin. This initiative, part of Berlin's broader mission to restore the Panke River, was spearheaded by the state of Berlin with a focus on ecological restoration, biodiversity enhancement, microclimate cooling, and creating recreational spaces to improve the quality of life for residents (Ref. 2; Ref. 3).
Historically, the river in this area was channeled underground. The project brought the Südpanke back to the surface, integrating ecological principles and landscape planning into the design. The restored section of the river now flows openly in a natural watercourse bed, making it accessible to the public (Ref. 5). The restoration was completed in 2021, transforming the area with features such as playgrounds, lawns, benches, and a continuous biking and walking path that weaves through the green spaces.
Work on the project began in 2010 but was interrupted by the construction of the neighboring headquarters of the Federal Intelligence Service. As a result, parts of the green corridor were opened to the public in 2012, with the full restoration completed nearly a decade later, in 2021 (Ref. 3; Ref. 6).
The project established a seamless connection for cyclists and pedestrians from Invalidenpark in the south to Südpankepark in the north. The new open water section cools the microclimate in Berlin's densely built-up center while providing a critical habitat for plants and animals. Embankments and meadows near the Federal Intelligence Service's property support wild bees and other pollinators, fostering biodiversity. The Green Corridor Südpanke is a vibrant example of how urban ecological restoration can contribute to sustainability, quality of life, and resilience in a growing city. (Ref. 2)",https://bbzl.de/en/p-berlin-greencorridor-suedpanke/,4,1,1,3,4,0,3,1,3,2,3,3,3,2,3,3,9,8,11,11
108,Phoenix (FUA),Northern America,The Lower Salt River Restoration Project,NA,"The Lower Salt River Restoration Project (LSRRP) is a riparian restoration initiative located along the Lower Salt River within the Mesa Ranger District of the Tonto National Forest. This collaborative project seeks to restore a section of the Lower Salt River Recreation Area that was severely impacted by the 2017 Cactus Fire. The Cactus Fire was a significant wildfire that caused extensive damage to vegetation and habitat in the area, highlighting the need for targeted restoration efforts to rebuild the ecosystem and mitigate future fire risks.
The LSRRP’s primary activities focus on removing invasive tamarisk trees, which are highly flammable and contribute to the intensity of wildfires, and planting native seedlings to reestablish local flora. By removing tamarisk trees, the project aims to create a landscape that is more resistant to fire, reducing the wildfire risk for the region. Additionally, the project supports the abundance and diversity of native plant species by removing invasive plants and planting thousands of native riparian tree species.
The restoration efforts also aim to enhance the riparian habitat by expanding two critical vegetation communities—the mesquite bosque and the cottonwood-willow gallery forest. These communities support rich biodiversity and offer essential habitats for local wildlife.
Beyond ecological restoration, the project emphasizes community involvement and awareness. It provides opportunities for the local community to participate in the project through environmental education events for K-12 students and ongoing volunteer involvement in monitoring and maintaining restored areas.
Overall, the Lower Salt River Restoration Project is a proactive effort to protect and revitalize the Lower Salt River Recreation Area, enhancing its ecological resilience and engaging the community in long-term conservation. (2-4, 6, 8, 11)",https://lsrrp.com/,4,3,3,4,4,0,4,1,2,1,2,2,3,3,4,3,14,9,7,13
109,Gdansk (FUA),Europe,Park in Wrzeszcz,Park we Wrzeszczu od Politechniki Gdańskiej,"A new addition has enriched Gdańsk's green spaces: the park at Szubieniczna Mountain near the Gdańsk University of Technology. This area, located behind the cutting-edge STOS building housing the ""Kraken"" supercomputer, has been transformed into a vibrant urban oasis. Covering approximately 7,500 square meters and costing 3.5 million zlotys, the park introduces a sustainable and welcoming environment for students, residents, and visitors alike.
The park aligns with the university's PG Climate Plan, a strategic initiative promoting environmental sustainability through research, education, and green infrastructure. Historically a neglected area with overgrown trees and bushes, it has now been revitalized to create a functional and aesthetic space that merges ecological values with public utility.
Key features of the park include over 1,500 new plantings—trees, shrubs, and flowers—that enhance biodiversity and create a visually appealing landscape. Ecological innovations such as a rain garden and energy-efficient lighting reflect the park's commitment to sustainability. Recreational and educational facilities include a mini amphitheater, an outdoor gym, and walking paths interspersed with gravel squares surrounded by flower meadows.
A new pathway connects the campus to Szubieniczna Hill, granting access to Gdańsk's largest water reservoir and offering stunning panoramic views. This transformation underscores how urban green spaces can address climate challenges while improving quality of life for the community. The Szubieniczna Mountain Park is not just a park—it’s a symbol of progress toward a greener future for Gdańsk. (1-2)",https://pg.edu.pl/aktualnosci/2023-10/nowy-park-we-wrzeszczu-od-politechniki-gdanskiej,2,4,3,3,2,0,2,1,2,3,3,2,4,3,2,3,12,5,10,12
110,Lima (FUA),Latin America and the Caribbean,Medicinal and food plant nursery,Vivero de Plantas Medicinales y Alimenticias,"The World Health Organization estimates that 80% of the population in developing countries use medicinal plants for health prevention and care, primarily in rural areas (3). These plant species have therapeutic potential in treating various diseases, and they are considered safe and effective medications with fewer side effects and affordable prices (3). In Peru, medicinal plants have historically been used to treat respiratory, gastrointestinal, and digestive ailments. To this day, they continue to be used by both native and urban communities (3).
To promote, develop, and encourage research, innovation, and technologies related to the use, preservation, conservation, and employment of medicinal and food plants, the National Center for Social and Intercultural Research in Health (CENSI) of the National Institute of Health (INS) has inaugurated its medicinal and food plant nursery located in one of its facilities (Chorrillos) in Lima (1, 3). The primary objective of this project is to adapt various species from the coast, mountains, and jungle of the country and initiate a plant production program that contributes to improving public health, environmental quality and the revitalization of the ancestral knowledge of indigenous, Amazonian, Andean, and Afro-Peruvian communities (1). Additionally, it aims to contribute to mitigating the effects of climate change by creating green areas, reducing atmospheric carbon dioxide levels through plant photosynthesis, improving soil quality, and promoting the responsible use of water resources, among others (3).
For the development of this project, the INS is working in collaboration with the International Organization for Migration to benefit not only the health and well-being of the Peruvian community but also promote the integration and care of the migrant population in the country (2).",https://boletin.ins.gob.pe/wp-content/uploads/2023/V29N6/a03v29n6.pdf,2,1,NA,2,3,0,1,1,4,3,4,1,4,3,3,3,5,5,12,13
111,Iaşi (FUA),Europe,Improvement of Bărboi Park,Amenajare Parcul Bărboi,"In 2017, many public parks in Iași were in poor condition, suffering from neglect and inadequate maintenance. Parks like Barboi were left unmanaged, with deteriorating infrastructure and overgrown vegetation. In response, the municipality of Iași initiated efforts to revitalize these green spaces.
The Barboi Park revitalization focused on rehabilitating 8,200 sqm of a degraded area (1 & 6, p. 106). Accessible pathways were repaired, and benches were installed to create a relaxing environment (1 & 4). Existing trees and vegetation were pruned, new trees and ornamental plants were introduced, and the soil was enhanced with more fertile layers to correct uneven levels (1 & 4). The primary aim of the new vegetation was to improve the park’s aesthetic appeal and boost biodiversity (1).
The project was led by the Municipality of Iași through its Public Services Department (Servicii Publice Iași), which oversaw the improvements (1 & 6, p. 106). It was part of a larger urban plan to expand and enhance the city’s green spaces (6, p. 106 & 7, p. 336). This plan aimed to improve the city’s visual appeal and increase livability for residents (6, p. 106). The project’s total cost was approximately €260,450.45 (6, p. 107). Later that year, the park was renamed ""Woodrow Wilson"" to commemorate the 100th anniversary of the U.S. mission to Iași during WWI, with a small monument erected to mark the occasion (5). The initiative also aligned with national guidelines on green space regeneration, per capita green space, and accessibility (7 & 9).",https://spiasi.ro/module/portofoliul/2017/04/01/descriere.php,1,1,1,3,4,0,3,1,4,2,4,2,3,1,2,3,6,8,12,9
113,Mobile (FUA),Northern America,The Africatown Connections Blueway,NA,"The Africatown Connections Blueway project aims to create a recreational water trail by linking 14 culturally and historically significant points along a 10-mile route (Ref 1). Central to this initiative is the preservation of Africatown's rich heritage and natural resources. The project seeks to reconnect residents of Africatown, descendants of the original founders of this self-governing community, which maintained a strong sense of African cultural heritage, to waterways that were historically vital for food, transport, and spiritual practices (Ref 1). By restoring access to these waters, the community can address both environmental and social issues, promoting eco-tourism and business growth while safeguarding cultural heritage (Ref 2). Local leaders emphasize the environment’s role in healing the community and preserving history, highlighting how this initiative can provide economic opportunities and improve quality of life (Ref 2). The project seeks to address the environmental injustices that Africatown communities have endured for decades. The area surrounding Africatown has long been dominated by harmful industries, including aluminium plants and paper mills, which have heavily polluted the water and restricted residents' access to it (Ref 1). With support from the National Park Service and contributions from Mississippi State University, the Blueway transforms neglected river access points into recreational areas, promoting environmental stewardship and cultural awareness (Ref 2).",https://mobilebaykeeper.org/blog/take-me-to-the-river-the-africatown-connections-blueway/,1,2,3,3,1,1,3,1,2,3,2,1,2,3,1,2,9,6,8,8
114,Cagliari (FUA),Europe,Ecological Corridor - Via San Paolo,Corridodio ecologico tra via San Paolo e la laguna di Santa Gilla,"Historically, the area of San Paolo in Cagliari has suffered from environmental degradation and illegal dumping, making it an unsightly entrance to the city. In 2022, the Città Metropolitana di Cagliari, initiated a project to transform this degraded area into a urban park featuring 7,000 new plants, including olive trees, junipers, lentisks, myrtle, rosemary, tamarisks, and Aleppo pines. Managed by the municiplaity of Cagliari, and funded by a €500,000 grant from the Ministry of Ecological Transition, this initiative will cover 4.7 hectares between Via San Paolo and the Santa Gilla Lagoon, creating a natural corridor connecting the city to the lagoon. The project aims not only to restore the land but also to enhance both metropolitan and municipal environmental requalification plans.
A multidisciplinary team, including a forestry technician, agronomist, and biologist, developed the project to ensure it is environmentally sustainable and suited to the local ecosystem. 
The work on the project began in June of 2022 with land preparation, removal of invasive species, and waste collection, resulting in the clearing of over 5 tons of rubbish. By December, around 3,000 plants had already been planted, with the remaining work, including the installation of an irrigation system, scheduled for completion by January 2023. The selected plant species are fast-growing, and within two years, the shrubs are expected to reach a height of about two meters. The park is planned to open to the public in 2024, providing a new green space for walking and outdoor activities.
The San Paolo urban park project has encountered obstacles, mainly due to the expropriation of buildings, leading to legal disputes, permit delays, and a temporary halt caused by a tender-related issue. The site is currently overgrown and unused, showing clear signs of neglect. (Refs. 1, 2, 3, 4 & 5).",https://www.cittametropolitanacagliari.it/portale/page/it/cagliari_al_via_la_forestazione_dellarea_san_paolo_in_arrivo_7_mila_nuove_piante?contentId=NVT18964,1,1,2,4,4,1,3,1,2,2,2,3,3,1,1,2,8,9,9,7
115,Detroit (FUA),Northern America,Upper Detroit Riverfront Parks Habitat Restoration,NA,"The Upper Detroit Riverfront Habitat and Parks Restoration Project aims to restore and enhance vital fish and wildlife habitats along the Detroit River. This initiative seeks to rehabilitate approximately 30 acres of upland and shoreline habitats within Riverfront-Lakewood East Park, A.B. Ford Park, and Mariners Park (all located alongside the river), covering nearly one mile of the Detroit River and its shorelines.
Key outcomes include improving approximately 1,000 linear feet of existing shoreline along the Detroit River by incorporating native wetland edges and fish spawning shelves into the restoration efforts. The project also plans to enhance around 2,000 linear feet of canal shoreline and 800 linear feet along Fox Creek to create or improve habitats for fish and herpetological species. In Riverfront-Lakewood East Park, 28 acres are targeted for the establishment or enhancement of native vegetation to support birds, mammals, and pollinators. If feasible, the creation of about 7 acres of wetlands, along with shallow and deep-water habitats, is also part of the vision.
The project is guided by the City of Detroit's 2017 Parks and Recreation Improvement Plan and represents part of a broader strategy to revitalize the city’s green spaces after years of underfunding. With renewed commitment, the city has allocated nearly $12 million to enhance neighborhood parks, particularly in areas that have lacked investment over the past decade.
However, the project was temporarily halted in 2020 due to high water levels causing flooding in the adjacent neighborhood. As of 2024, it remains on hold while the City of Detroit conducts a flood mitigation study. Despite this delay, the project remains a critical step toward fostering community stewardship and creating sustainable green spaces that improve the quality of life for all Detroit residents.
(Ref. 1, 4, 5)",https://cityofdetroit.wixsite.com/upperdetroitriver/about-the-project,1,1,2,4,2,0,4,1,2,2,2,1,3,3,3,3,8,7,7,12
116,Berlin (FUA),Europe,Tempelhofer Field,Tempelhofer Feld,"Tempelhofer Feld stands as an innovative green solution in the heart of Berlin, addressing several issues of environmental justice, biodiversity, and urban resilience. Within the S-Bahn ring, only one in 20 residents lives in areas well-served by green spaces, and districts like Neukölln, Kreuzberg, and Tempelhof would face even greater scarcity without this vast expanse. Many residents in these neighborhoods lack access to private green spaces such as gardens or balconies. Without nearby parks, people are compelled to travel to other districts, exacerbating the congestion of green spaces and increasing local traffic.
Since its opening in 2010, Tempelhofer Feld has provided Berlin with over 300 hectares of open, green, leisure, and recreational space, making it one of the largest urban open spaces globally. Once the site of bustling air traffic, it is now a sanctuary for activities such as skating, strolling, gardening, picnicking, birdwatching, kiteboarding, and more. These wide-ranging uses showcase its transformation into an accessible, multifunctional green space that serves as a social equalizer, particularly for disadvantaged neighborhoods, a significance amplified during the Covid-19 pandemic.
The field is not just a recreational haven but also a vital ecological refuge. With over two-thirds of its area designated as green space, it hosts diverse ecosystems, including extensive natural meadows, lawns, and protected habitats for birds and other species. Certain areas are closed to the public to preserve these sensitive environments, emphasizing the balance between human activity and ecological conservation. Since 2019, animal landscape keepers, including around 100 resident sheep, have contributed to sustainable land management practices, promoting biodiversity and ecological health (Ref. 2).
 Managed collaboratively by political, administrative, and societal actors, the site exemplifies integrated citizen participation in urban planning. (Ref. 3)",https://www.tempelhoferfeld.de/,2,1,2,4,4,0,4,1,4,3,4,4,4,3,4,4,9,9,15,15
117,Gdansk (FUA),Europe,Urban farm on Grobla IV and Za Murami Streets,Farmy miejska w Gdańsku na ul. Grobla IV i Za Murami,"The ""Urban Farms in Gdańsk"" project, launched in 2018, is an innovative educational initiative spearheaded by the Gdański Zarząd Dróg i Zieleni, Fundacja Gdańska, and dedicated volunteers. This project aims to inspire Gdańsk residents to cultivate herbs in their home gardens and balconies while emphasizing the importance of preserving urban greenery. The initiative not only promotes sustainable living but also fosters a deeper connection between the community and its natural surroundings.
As part of the project, two locations in Gdańsk—Grobla IV and Za Murami streets—feature 27 carefully designed planter boxes. Each box contains a thoughtfully curated selection of herbs, including culinary basil, lovage, olive herb, and dill, among others. These fragrant plants not only serve a practical purpose but also delight the senses and enhance the urban landscape. In total, 27 pots measuring 60x80 cm and 50 cm high were set up, with each labeled to describe its specific composition and plant varieties.
Approximately 500 plants were cultivated as part of this effort, showcasing a harmonious blend of practicality, education, and aesthetics. The herb gardens thrive from spring through late autumn, offering an ongoing visual and sensory experience. They serve as a testament to the potential of urban spaces to support greenery, community engagement, and ecological awareness.
This initiative also underscores the importance of individual contributions to urban green spaces. By growing herbs, residents not only enhance their own surroundings but also play an active role in maintaining the city's ecological balance. The ""Urban Farms in Gdańsk"" project demonstrates how urban agriculture can merge utility and beauty, creating vibrant spaces that benefit both people and the environment. (1-3)","https://www.gdansk.pl/zielony-gdansk/mieta-szalwia-truskawki-uszczknij-delikatnie-ziol-z-miejskiej-farmy-w-gdansku,a,173672#:~:text=%2D%20Miejskie%20Farmy%20w%20Gda%C5%84sku%20to,dbanie%20o%20miejsk%C4%85%20przestrze%C5%84%20zieleni.%202.%20https://gzdiz.gda.pl/zielen/miejskie-farmy-w-gdansku,a,3354",1,1,1,2,4,0,2,1,4,2,3,1,3,3,2,3,5,7,10,11
118,Iaşi (FUA),Europe,Urban regeneration of Silk District,Regenerare urbană Silk District,"The Silk District is a real estate project by Prime Kapital in partnership with MAS P.L.C., integrating green spaces into its urban design (1-10). It focuses on regenerating a brownfield site, an abandoned industrial area left undeveloped in one of Iasi's neighborhoods (1). The project aims to revitalize the area, improving its aesthetics, reducing pollution, and repurposing it into a commercial and residential space (1). A key feature of the project is the incorporation of green spaces throughout its design (1).
The development spans 101,000 square meters, with 40,500 square meters (combined) dedicated to green spaces and ""car-free"" open areas  (1, 2, 6, p.2). These green elements are designed to offer spaces for relaxation, recreation, and social interaction, while also contributing to environmental benefits such as air filtration, temperature regulation, rainwater drainage, and soil erosion prevention, all promoting better health for residents (1, 2, 4, 6, p.12). The landscape design includes “green islands” and vegetation-covered roofs for parking structures (4).
Launched in 2021 after receiving municipal approval, the project is ongoing and has already made significant progress, with over 10,000 perennial plants and 401 trees planted (4, 9). Upon completion, the landscape will feature 7,100 square meters of perennials, 3,000 square meters of shrubs, and an urban forest containing 2,400 trees (6, p.12).
The total investment in the project is €20,000,000 (7). In 2024, one of the completed office buildings earned a BREEAM green certification, achieving one of the highest possible scores, in collaboration with the consulting firm BuildGreen (5, 8). The landscape design was carried out by the architectural firm Beros Abdul+ (4). Before receiving approval, the project was opened for public consultation, and an independent online survey showed strong support from the community (15, 16).",https://silkdistrict.ro/blog/concept-peisagistic-integrat-vino-sa-vezi-primele-amenajari-din-silk-district/?_gl=1*1knpvqv*_up*MQ..*_ga*NDUwMDY1MTEuMTcyNDQwMjU3Nw..*_ga_NQPL62BX63*MTcyNDQwMjU3NC4xLjEuMTcyNDQwMjk4NC4wLjAuMA..,2,1,1,3,3,0,2,1,2,3,4,1,2,3,3,2,7,6,10,10
119,Göteborg (FUA),Europe,Project Seminarie Park,Projekt Seminarieparken,"An old park in Gothenburg was renovated to become ""the world's best park when it rains"" and attract visitors all year round. Rainfall is common in Gothenburg, but more importantly, the amount and intensity of rain are expected to increase in the future due to climate change. Municipal real estate company Higab had the park renovated to make the entrances more accessible and show that the park is open to everyone.  A few rain gardens were created to better take care of rainwater, as well as a roof and sculptures interacting with the rain for aesthetic purposes. Additionally, existing plants and trees were cared for, and new ones were planted to create varied vegetation year-round. The area has been a park since 1860, therefore, efforts were made to preserve the historical space, such as using necessary amenities (benches, light sources) as well as improve the ecological function of the park. Special care was taken not to damage grown trees, such as the cherry trees, which blossom in the spring and are a popular attraction [Ref. 1, 2, 4, 5]",https://www.higab.se/projekt/seminarieparken/,4,1,1,2,4,0,2,1,3,2,3,2,3,2,2,1,8,7,10,8
120,Ciudad Juárez (FUA),Latin America and the Caribbean,Greening the yards of El Barreal,Parque Ferrocarril,"In the city of Ciudad Juárez, the municipality, in collaboration with UN-Habitat, aims to design and create a park that encompasses the yards and unmaintained areas surrounding the railway station, transforming these spaces into an accessible and safe public area. This project covers over 500,000 square meters and addresses not only degraded areas but also several public squares. Described as ""a coordinated urban recycling strategy,"" this initiative seeks to repurpose existing public squares and rehabilitate neglected spaces into vibrant green areas that feature universal accessibility, native vegetation, and urban furniture designed to enhance safety. The project also aims to provide increased recreational opportunities, improve permeability, and introduce additional shaded areas. A key component of improving permeability involves the restoration and incorporation of acequias—traditional historical irrigation systems that absorb and manage excess rainwater, thereby reducing the likelihood of flash floods.
Additionally, the project focuses on the restoration and promotion of significant historical buildings, such as the old railway station and the whiskey factory, integrating them into a larger cultural and sports facility area at the municipal scale. The overarching goal is to revitalize the site through effective coordination with the relevant authorities responsible for the spaces adjacent to the railway station, stretching from Plaza Misión de Guadalupe to Blvd. Municipio Libre. This collaborative effort aims to accommodate both sports and cultural facilities while also creating a green corridor.
Furthermore, the project intends to reforest, redesign, and enhance Plaza Misión de Guadalupe, Plaza Monumento a Benito Juárez, and other residual public spaces and gardens. This initiative aligns with its Public Space Strategy, which emphasizes the development of gender-inclusive and resilient public spaces.(Ref 1, 3, 4).",https://publicacionesonuhabitat.org/onuhabitatmexico/CARTERA_PROYECTOS_ESTRATEGICOS-CiudadJuarez.pdf,2,1,3,4,2,0,4,1,2,3,4,3,4,3,4,3,10,7,12,14
121,Cartagena (FUA),Latin America and the Caribbean,Park Lineal de Crespo,Parque Lineal de Crespo,"The Parque Lineal de Crespo in Cartagena, Colombia, is an urban green space built in 2016-2017 that had fallen into neglect (ref 4) and recently has undergone revitalization initiatives (ref 2). Announced in January 2024 by the Mayor of Cartagena, Dumek Turbay Paz, the project aims to reclaim and enhance this public park as a hub for recreation and community activities, fostering urban well-being and environmental stewardship​ (ref 2 and 3). The local government spearheads the intervention, and the Instituto Distrital de Deporte y Recreación (IDER) has been tasked with the park's management, ensuring its upkeep and the development of activities. The project was launched following an inspection by the Mayor and other local officials, who underscored the need for better infrastructure, safety, lighting, and green coverage through tree planting ​(ref 2 and 3). The primary objectives of the Parque Lineal de Crespo project include revitalising the park through enhanced maintenance, security, and the introduction of recreational and sports facilities. The project also aims to relocate weekend recreational activities, such as a popular bike path (ciclovía), from the congested Avenida Santander to the park, thereby reducing traffic disruptions and enhancing safety ​(ref 2 and 3). The park is relevant for the city because it combats coastal erosion caused by the rising Caribbean waters (Ref 1). The Park aims to be an icon of culture and recreation (ref 1). The project inspired a neighbours initiative, the Friends of the Crespo Linear Park, are a non-profit organization whose objective is to collaborate in the conservation of the Park by contributing awareness initiatives to the population, alerting authorities, and developing new ways to interact with the environment, such as guided bird watching activities and sports (ref 1).",https://parquelinealdecrespo.com.co/index.html,4,1,4,3,4,1,3,1,4,2,4,4,3,2,2,1,12,9,14,8
122,Cagliari (FUA),Europe,Requalification of Viale Trieste,Riqualificazione ambientale di Viale Trieste,"In 2022, the municipality of Cagliari launched a project to revitalize Viale Trieste, one of its avenues, by redesigning its roads and pedestrian areas and adding new green spaces. The project covers approximately 1,300 meters and 36,500 square meters, and will be completed in two phases, each focusing on different sections of the avenue. With a budget of 12 million euros, funded by municipal, national, and EU resources, the aim is to transform Viale Trieste into a vibrant, accessible, and attractive space for everyone.

The renewal will introduce new green spaces and improved drainage systems to enhance soil permeability. As part of this, some trees will be relocated to other areas of the city to address root issues and improve survival rates. Dead or unstable ficus trees will be removed, while 79 new trees will be planted. Older ficus trees will be relocated to city parks, with younger ones planted along the avenue to prevent pavement damage and promote sustainability. The project also includes upgrading water supply and drainage systems to manage stormwater more effectively, reducing the risk of flooding and improving sustainability. Public lighting will be modernized, with new street lamps and dedicated lighting for pedestrian and bicycle paths to make the area safer and more welcoming after dark.

However, the community has expressed concerns about the project, citing safety issues, delays, disruptions, and poor communication from officials. There is also significant opposition to replacing the historic ficus trees, valued for their environmental and historical significance, with Chinese pear trees and younger ficus (Refs. 1, 2, 3, 4, 5, 6, 11, 16).",https://ferima.it/portfolio/viale-trieste-cagliari/,2,1,1,3,2,1,3,1,2,2,3,3,2,3,2,2,7,7,10,9
124,Belgrade (FUA),Europe,Liquid 3: Serbia's First Urban Photo-Bioreactor,Tečno Drvo: Urbani fotobioreaktor,"Liquid 3 is the first urban photo-bioreactor in Serbia, developed by an interdisciplinary team at the Institute for Multidisciplinary Research at the University of Belgrade (Ref. 1,2,3). Prompted by an appeal of the United Nations Development Programme (UNDP), the team was eager to find novel approaches to combat the city's severe air pollution issues while being space efficient and providing year-round benefits (Ref. 3). The key to the bioreactor are algae which are very efficient in sequestering carbon and filtering heavy metals from the air (Ref. 2). A Liquid 3 feature can be quickly set and occupies a plot of only 3 m². Some of its benefits include its ability to withstand high levels of air pollution and its ease of installation on surfaces like walkways and other sealed infrastructure (Ref. 2,3). Additionally, by design, Liquid 3 integrates amenities such as power outlets, a bench, and nighttime lighting (Ref. 1). The selected strain of algae can tolerate temperatures between 5-35°C making it deployable all year. However, monthly maintenance is required, during which the water and algae are replaced—both of which can be repurposed, for example, as fertilizers (Ref. 6).The project has received global media coverage as well as a prize for the best innovative and climate-smart solution in Serbia. Its success has prompted the installation of two more such bioreactors in Serbia, with interest coming from other countries such as Hungary and the UAE (Ref. 1,4).",https://liquid3.rs/,3,NA,NA,NA,1,NA,NA,NA,1,3,NA,NA,2,3,3,1,3,1,4,9
125,Tbilisi (FUA),Europe,Rehabilitation of Vera Park,NA,"The Vera Park is a significant site in the city of Tbilisi, created in the mid-20th century. Located centrally, it is not only frequently visited by tourists but also used as a recreational area for the surrounding residents and workers (Ref. 1,2). The park is recognized as an immovable cultural heritage site, emphasizing its historical significance (Ref. 1). However, its condition had become quite desolate, necessitating extensive rehabilitation while preserving its original features (Ref. 2). Importantly, the project is carried out between the city of Tbilisi and the Asian Development Bank under the Livable Cities Investment Program (LCIP) to improve urban and tourism infrastructure (Ref. 1,2). As such, the project was developed through co-participatory planning, engaging citizens who have shown significant interest in the site’s development and will further serve as a precedent case for co-participatory planning in the future (Ref. 4,2).",https://www.adb.org/sites/default/files/project-documents/53118/53118-001-smr-en_6.pdf,2,2,4,3,1,0,3,1,2,3,4,3,2,3,2,2,11,5,12,9
126,Cagliari (FUA),Europe,Requalification of Buoncammino Avenue,Riqualificazione del Viale Buoncammino,"The requalification project for Viale Buoncammino in Cagliari aims to revitalize the historic promenade while preserving its original layout and functions. Launched in September 2022 and completed in 2023, the project focused on enhancing the area’s aesthetic and environmental appeal. Key improvements include expanding green spaces by adding 560 new square meters, enhancing vegetation, and reducing surface runoff. This involves increasing permeable surfaces around existing trees to boost natural vegetation, improve bioclimatic comfort, and manage runoff during heavy rains. 

The project also includes reconstructing pavements, optimizing seating areas, and repositioning urban furniture for better functionality and aesthetics. A modern LED lighting system will be installed to reduce energy consumption and operational costs, supporting the project's sustainability goals. The area is included between via Anfiteatro, viale Buoncammino and viale Giussani and also includes the squares F.Pilia and Marongiu-Pernis. The project aims to restore Viale Buoncammino as a dynamic social and cultural hub in Cagliari, appealing to both residents and visitors. (Refs. 1, 2, 3 & 4).",https://www.comune.cagliari.it/portale/page/it/viale_buoncammino_una_nuova_promenade_per_la_citta?contentId=FPR165692,2,2,1,3,2,0,2,1,1,2,3,1,2,2,2,3,8,5,7,9
127,Cartagena (FUA),Latin America and the Caribbean,BASIC Project Cartagena: integrated coastal water resource management,Proyecto BASIC Cartagena,"The BASIC Cartagena Project is an applied research initiative focused on developing tools for integrated coastal water resource management in Cartagena, Colombia (ref 4). It is funded by the International Development Research Centre (IDRC) of Canada, and EAFIT University leads it in collaboration with the University of Los Andes, the University of Cartagena, the Foundation H.E.O., and the Regional Corporation CARDIQUE (ref 4). The goals are to reduce pollution, conserve ecosystem services, and implement climate change adaptation strategies in the coastal area (ref 3).  The studies focus on Cartagena Bay (Recognized as the most polluted body of water in the Caribbean), the Dique Canal and the Magdalena River watershed, the local communities in the areas surrounding Cartagena Bay, principally the communities of Ararca and Barú (ref 5). During its first phase (2014-2017), the project concentrated on diagnosing pollution levels and sources. This included extensive monitoring of water quality and the socio-economic conditions of local communities (with a public health focus). The second phase (2018-2021) focused on developing early warning systems for pollution, educational programs, and knowledge transfer through community engagement. The third phase (2023) plans to expand the same activities from phase 1 & 2 to the Rosario and San Bernardo Islands, with continued collaboration among scientists, authorities, and local communities​ (ref 2, 3). Among its most significant achievements are the production of high-level scientific knowledge and the training provided to communities and environmental authorities. A notable impact of the project is its contribution to the formulation of seven policies, including the creation of an intersectoral committee for the environmental management of the Bay of Cartagena. This committee, for the first time, brings together various stakeholders, including fishing and tourism communities, to make decisions about environmental management (3)",https://www.basic-cartagena.org/index_i.html,2,4,2,4,2,1,4,1,2,2,4,3,3,3,3,1,12,8,11,10
128,Kunming (FUA),Asia,Xishan Disctrict Wenxing Pocket Park,西山区文星公园,"Due to rapid urbanization and development, cities in China, including Kunming, face challenges in managing neglected urban spaces, particularly vacated demolition sites and leftover land (Ref 1, 2, 3). To address this issue and enhance residents' well-being, Kunming has created 400 pocket parks since 2022, transforming forgotten corners into vibrant green spaces (Ref 4, 5).
One of these parks, Wenxing Pocket Park in Xishan District, was built in 2023 on 2.3 hectares of land (Ref 6). Located next to a secondary school and two protected historical relics, the park not only preserves historical heritage but also reflects cultural value (Ref 6, 7). In addition to increasing urban green spaces, the park provides recreational and physical facilities for residents, children, and students (Ref 6). Its design is inspired by traditional architectural styles and incorporates wood craftsmanship, as well as ecological sponge facilities (Ref 6, 7).
The park also features science gardens, promoting awareness and knowledge of herbs and sustainability (Ref 6). The project employs methods such as infiltration, stagnation, storage, purification, and drainage to manage rainwater effectively. By utilizing the natural terrain, it creates ecological dry streams and sunken gardens that absorb and store rainwater, helping to control runoff. This approach aligns with the ""sponge city"" concept, promoting natural water accumulation, infiltration, and purification.
Additionally, the integration of various plants enhances the microclimate, supporting local wildlife and creating a healthy, vibrant public space. The Wenxing Pocket Park has been implemented by the Municipality of Xishan. (Ref.6,7)",http://union.china.com.cn/txt/2024-02/27/content_42707601.html,4,1,1,3,4,0,3,2,4,4,3,2,3,2,2,3,9,9,13,10
129,Belgrade (FUA),Europe,For a Forest in Your Neighborhood,Za šumu u tvom kraju,"For a Forest in Your Neighborhood"" is an afforestation campaign by the DDOR insurance group, launched in 2022 as part of their Environment, Society, and Governance (ESG) commitments (Ref. 1). Site selection was based on online votings, with thousands of votes being casted from 188 towns across Serbia (Ref. 2). In the end, the fifteen most popular cities were selected for project implementation. As a result, hundreds of trees were planted, including 25 trees along the promenade of Belgrade’s Ušće Park in 2023 (Ref. 3). Ultimately, the initiative aims to create and enhance urban green spaces, to improve air quality and living conditions in Serbian cities (Ref. 5). The success of the campaign encouraged DDOR to extend the campaign in 2024, financed through their eco-insurance schemes (Ref. 4)",https://www.ddor.rs/en/ddors-campaign-for-a-forest-in-your-area-continues-with-tree-planting-in-belgrades-usce/,1,1,4,2,3,0,2,1,2,2,3,2,2,3,1,1,8,6,9,7
130,Cartagena (FUA),Latin America and the Caribbean,Recovery initiatives for the Ciénaga de las Quintas,Recuperación de zona degradada en la Ciénaga de las Quintas,"The Ciénaga de las Quintas is a coastal wetland located alongside one of Cartagena’s main roads, adjacent to the public market square and situated between the Jiménez and Bazurto Bridges. It is home to two predominant mangrove species (Ref 1). The wetland currently faces pollution problems because it is used for the disposal of solid waste, such as plastics and construction materials, and it receives wastewater and household garbage from nearby residences. Las Quintas is also the main waste disposal area for the Bazurto market, which handles 43,430 tons of food products each month (ref 3). The recovery initiatives for the Ciénaga de las Quintas are led by the Environmental Public Establishment of Cartagena (EPA Cartagena) in collaboration with other public institutions, the private sector, and citizens, with the main goal of achieving the ecological restoration of the city's water bodies and to maintain and preserve our mangrove ecosystems (ref 2). Since 2020, key implementation activities have included the removal of solid waste, planting of native tree species, dismantling of informal structures within the mangrove zone, and the rehabilitation of areas previously occupied by debris (Refs 4, 5).",https://observatorio.epacartagena.gov.co/gestion-ambiental/ecosistemas/,1,3,2,4,4,1,4,1,3,1,4,4,2,3,1,2,10,10,12,8
132,Lima (FUA),Latin America and the Caribbean,Miraflores Bicentennial Park,Parque Bicentenario De Miraflores,"The Miraflores Bicentennial Park has been built on the Malecón de la Reserva and the Quebrada de Armendáriz. It was inaugurated in June 2022 as one of the created projects within the framework of the commemorations of the 200 years of Independence celebrations (1). It is considered a new green lung of Lima (2), as it has a green area of 30,400 square metres and stands on one of the cliffs of the Costa Verde (1). It has a system of terraces that replicates the construction model of the Incas, which has made it possible to additionally reinforce the soil and the slopes with the use of retaining walls up to 10 metres high, with horizontal geogrids and vertical geocells (1, 2). It was structured on a stabilised slope in order to mitigate the risk of landslides (4), and an irrigation system was implemented to stabilise the soil (4). 
This space was built as a biodiversity garden with more than 160,000 xerophilic coastal species with low water consumption, 300 trees and 80 palm trees. It also offers places for tourism, such as viewpoints and squares, where cultural events, open-air activities and rest areas are held (1). It also aims to connect aspects of landscape conservation, preservation of biodiversity in the city, and the construction of a cultural landscape in which human action is complementary and friendly to the natural environment (9). Finally, it seeks to contribute to the reduction of the municipality's carbon footprint by reducing the harmful effects of urban expansion on the Lima cliff ecosystem, such as deforestation, water pollution and loss of biodiversity (9).",https://consultasenlinea.mincetur.gob.pe/fichaInventario/index.aspx?cod_Ficha=11332,2,1,4,3,4,0,2,1,4,4,3,2,4,2,3,3,10,7,13,12
133,Phoenix (FUA),Northern America,Project Roots,NA,"Project Roots is a community-based nonprofit organization dedicated to fostering sustainable living and enhancing food security in South Phoenix, Arizona. Founded in 2020 in response to rising food insecurity—an issue impacting one in seven Arizonans—Project Roots aims to provide lasting solutions through community education, accessible fresh produce, and supportive services for vulnerable populations.
Central to Project Roots’ mission is its work in community gardening. The organization manages and maintains several community gardens, including 20 reserved rows at the Spaces of Opportunity Garden, where individuals and families can cultivate their own produce. Through these gardening spaces, Project Roots empowers community members to grow their own food, promoting self-sufficiency and healthier food choices.
Education is a cornerstone of Project Roots' outreach. The organization offers hands-on gardening classes, workshops, and educational resources that teach sustainable food production practices. A significant part of this educational effort focuses on South Phoenix's youth, helping them understand where their food comes from and how to grow it, fostering both awareness and skills that encourage lifelong healthy habits.
Project Roots also works to ensure that fresh, locally grown produce reaches the wider community. By distributing produce through farmers' markets, produce bags, and partnerships with local food banks and soup kitchens, Project Roots provides a consistent source of nutritious food to those who need it most. The produce bags, often delivered to community centers and low-income housing areas in Phoenix, help bridge the gap for those with limited access to fresh food.
In addition to its food-centered programs, Project Roots extends its support to include essential services such as food assistance, hygiene items, and temporary shelter, making it a vital resource for individuals and families experiencing hardship. (1-5, 8-14)",https://www.projectrootsaz.org/our-story,1,1,2,4,3,0,4,1,4,2,3,3,2,3,2,4,8,8,12,11
135,Dublin (FUA),Europe,St. Anne’s City Farm and Ecology Centre,NA,"St. Anne's Urban Farm and Ecology Center, nestled within Dublin’s historic St. Anne’s Park and surrounded by the suburban neighborhoods of Dublin 3 and 5, is a unique not-for-profit initiative dedicated to community engagement, environmental awareness, and sustainable urban agriculture. Established in 2019, this farm is the first urban farm within Dublin City Council’s boundaries and aims to reach even more people, believing that every child and adult should have access to a garden space and that everyone in the garden is equal.
Run by a team of over 20 dedicated community volunteers, the farm provides hands-on educational experiences for visitors of all ages and a safe, open space for sharing knowledge and learning from others. Featuring traditional Irish farm animals, such as heritage breeds of chickens, pigs, and goats, alongside native plants grown from heirloom seeds, the farm preserves Ireland’s agricultural heritage while promoting biodiversity and sustainable practices.
With a goal of becoming 75% self-sustaining, the farm is working toward off-grid solutions through solar power and eco-friendly techniques. St. Anne’s Urban Farm empowers local residents with its community allotments and self-management model, which foster greater control and pride in maintaining the shared space. Aligned with Dublin’s Climate Change Action Plan, the farm aspires to improve the quality of life within the city by promoting healthy neighborhoods and sustainable communities. Through this green space, St. Anne’s Urban Farm encourages social and environmental engagement, aiming to ensure that gardens and green spaces remain accessible, welcoming, and educational for generations to come. The initiative is supported by a €50,000 donation from Google and is designed to serve as a community resource rather than a traditional petting farm. 
(1-6)",https://horticultureconnected.ie/horticulture-connected-print/2019/spring-2019/insight-spring-2019/growth-in-social-assets/,2,2,4,2,2,0,2,1,2,3,2,1,3,3,1,2,10,5,8,9
136,Kunming (FUA),Asia,Eastside Lake Baisha Park,东白沙湖公园,"At the beginning of the twenty-first century, Kunming’s urban planning faced major challenges, including fragmented development, environmental degradation, and limited green spaces (Ref 1). In response, the municipal government launched a series of strategic plans aimed at promoting high-quality urban development and environmental restoration.
Baisha Lake was identified as a key area in these strategies, with plans for Baisha Lake Park first highlighted in 2017 (Ref 2) and reaffirmed in the ""Opinions on Supporting High-Quality Development in Kunming"" in 2021 (Ref 2). To implement parts of this broader strategy, the government entered into public-private partnerships. In 2018, land development rights for parts of East Baisha Lake were granted to Dahua Group, on the condition that 40% of the area be reserved as green space and that ecological restoration efforts be undertaken (Ref 3, 4).
The Eastside Baisha Lake Park project, launched by Dahua Group in February 2023 (Ref 3, 5), is thus one component of this larger government-led urban renewal effort. The project follows the city's planning framework of “one lake, six zones, 46 scenic nodes” and includes 55 hectares of green space, with 40% designated as parkland. By the end of 2023, 6.5 hectares had been completed, and the south bank of the park opened to the public in September 2023 (Ref 3, 6).
The broader East Baisha Lake area's development was originally planned by the state-owned Kunming Urban Construction Company, but land rights were later transferred to Dahua Group. Thus, while a private developer is leading the construction, the project remains a part of Kunming’s publicly driven strategy to restore the lake and enhance urban livability.",https://www.sohu.com/a/647106826_121650516,1,1,2,4,2,0,4,2,3,4,4,3,3,2,2,3,8,8,14,10
137,Lisboa (FUA),Europe,Community Urban Agroforest in Bela Flor,Bela Flor Respira,"The Bela Flor Respira (BFR) project, also known as ""ComBOA"", is an urban agroecology initiative located in the Campolide neighbourhood of Lisbon, Portugal. This project exemplifies a transformative approach to community development and environmental sustainability by repurposing a neglected urban space into an agroforest. Launched in 2018 by the NGO Circular Economy Portugal, BFR engages local residents of the neighbourhood, from children to the elderly, volunteers, and academic partners, in creating a regenerative space that combines food production with social interaction (Ref 1). The project emphasises the co-production of public policies, fostering social cohesion through collective intelligence and civil society entrepreneurship (Ref 1). BFR’s innovative approach integrates syntropic agriculture, blending fruit trees, vegetables, and native species to create a resilient ecosystem that supports both the environment and the community. Through this initiative, BFR not only enhances urban green spaces but also strengthens community bonds, making it a model of sustainable urban development (Ref 3).",https://belaflorrespira.wixsite.com/agrofloresta,1,1,3,2,2,0,2,1,4,2,3,2,2,3,1,2,7,5,11,8
138,Mobile (FUA),Northern America,D'Olive Watershed Restoration,D'Olive Watershed Restoration,"The D'Olive Creek Restoration project is designed to address the significant environmental challenges facing the D’Olive Creek Watershed and its tributaries (Tiawasee and Joe’s Branch), primarily caused by increased urbanization. Over the last several decades, the area has experienced severe erosion, sedimentation, and habitat degradation due to stormwater runoff from new residential and commercial developments. This runoff has led to stream channel instability, loss of wetlands, and impaired water quality in both D'Olive Creek and Mobile Bay, threatening aquatic and wildlife habitats (Ref 2).
The project involves restoring degraded streams and implementing management measures to reduce the downstream impacts within the watershed. Key activities include stormwater retrofits, stream restorations, and continuous monitoring. These efforts aim to stabilize stream segments and significantly reduce sediment loading into the northeast quadrant of Mobile Bay. This is crucial for improving water quality and clarity, which is necessary for re-establishing submerged aquatic vegetation (SAV) beds that serve as critical nursery areas for shellfish and finfish (Ref 1). By using natural materials like rock and living plants, the project also seeks to create a sustainable and ecologically balanced watershed system (Ref 3). 
The anticipated outcomes include enhanced water quality in D'Olive Creek and Mobile Bay, reduced erosion and sedimentation, and the restoration of vital habitats, which will contribute to the region's overall ecological health (Ref 1, 3). This restoration project is part of a broader strategy outlined in the 2002 Comprehensive Conservation Management Plan for the Mobile Bay Estuary (Ref 1).",https://www.daphneal.com/335/Restoration-Water-Quality,2,2,3,3,2,1,3,1,1,3,2,1,2,3,3,1,10,7,7,9
139,Detroit (FUA),Northern America,Warrendale Bio-retention Flower-gardens,NA,"""The Neighborhood, Environment & Water Research Collaborations for Green Infrastructure (NEW-GI)"" project in Warrendale, Detroit, aims to advance green stormwater infrastructure (GSI) knowledge and practice in legacy cities by integrating research on water quality, community well-being, governance, and ecological design. This collaborative effort, involving community members, government entities, and academic researchers, seeks to develop evidence-based strategies for sustainable stormwater management while enhancing urban landscapes and improving residents' quality of life.
In its first phase (2014-2015), the project created bioretention four bioretention gardens, each on two vacant residential properties in the Warrendale neighborhood.  in Detroit's Warrendale neighborhood. These sites, constructed by the Detroit Water and Sewerage Department (DWSD) on vacant lots owned by the Detroit Land Bank Authority (DLBA), were monitored for water quality, and resident surveys were conducted to gauge the gardens' impact on neighborhood satisfaction and stormwater management.
The second phase (2016-2019) expanded the scope to refine GSI designs to reduce maintenance needs and further assess their effects on water management and community well-being. It also explored governance structures that impact GSI success, both in Detroit and other legacy cities, contributing to the development of guidance documents for GSI planning and decision-making.
Funded by the Fred A. and Barbara M. Erb Family Foundation, the NEW-GI project represents a transdisciplinary approach to urban ecological challenges, offering valuable insights into how GSI can deliver both environmental and social benefits in cities like Detroit.
(Ref.1,2)",https://graham.umich.edu/media/files/NEW-GI/NEW-GI%20Advisory%20Committee%20Brief.pdf,4,1,4,4,4,0,4,1,2,3,3,4,3,4,3,4,13,9,12,14
140,Phoenix (FUA),Northern America,Maya's Farm,NA,"Maya’s Farm is a small, CSA (Community Supported Agriculture) sustainable urban farm located in Phoenix, Arizona, where urban development has limited farmland availability. In 2020 alone, Phoenix lost nearly 200 acres of farmland to urban sprawl, putting farms like Maya’s at risk. The farm faced potential closure until the City of Phoenix intervened, providing funding through the Farm Preservation Program, which established the city's first urban agricultural conservation easement. Maya's Farm strives to inspire a local appreciation for sustainable food and to bring renewed value to local food systems.
The farm’s mission is to provide accessible, fresh, locally grown produce to the community while promoting awareness of healthy, sustainable food practices. Through its CSA program, members receive a weekly produce box and have opportunities to come together, honor food traditions, and share stories over locally harvested food. As a CCOF (California Certified Organic Farmers) certified organic farm, Maya’s Farm is committed to organic practices that exclude GMOs, nurture the soil, foster biodiversity, and innovate growing systems. These methods result in healthy soil and cleaner air, contribute to carbon sequestration, and support critical wildlife habitats.
To broaden educational outreach, Maya’s Farm offers several programs that promote sustainable food practices, including its CSA program, an edible classroom series, and a partnership with Arizona State University (ASU). Through this ASU partnership, students gain hands-on experience by participating in daily farm operations.
Building stronger community connections is another cornerstone of Maya's Farm’s work. The farm collaborates with local restaurants, farmers' markets, and community groups to expand its impact. Maya’s Farm, ASU, and Arizona Sustainability Alliance launched an agrivoltaics project with solar-shaded crops. (2, 9, 11, 13, 15)",http://mayasfarm.com/?page_id=126,4,1,2,3,4,0,3,1,4,3,2,1,4,3,3,3,10,8,10,13
141,Berlin (FUA),Europe,Blue Pearls for Berlin,Blaue Perlen für Berlin,"Berlin has faced severe water shortages in recent years, with ponds, small lakes, and pools suffering significantly. Many have dried out or disappeared, causing habitats for countless animals and plants to vanish. Urbanization exacerbates the issue, as more areas become sealed, preventing rainwater from replenishing soil and water bodies. Recognizing the urgency, Berlin introduced the Eco-Account, a strategic reserve of areas and initiatives to mitigate the effects of urban development on nature and landscapes. Central to this is the Blue Pearls for Berlin program, focusing on revitalizing small water bodies to restore biodiversity and ecological balance.
The project identified approximately 30 ponds, pools, lakes, and ditches from over 100 candidates to be transformed into ""blue pearls."" These revitalized areas will support local ecosystems and improve Berlin’s water cycle. The Berlin Rainwater Agency, alongside departments responsible for nature, climate protection, and water management, is spearheading the initiative in collaboration with the Berlin Nature Conservation Foundation.
Two pilot sites—the Schleipfuhl/Feldweiher water complex in Marzahn-Hellersdorf and the Lankegrabenteich in Steglitz-Zehlendorf—were prioritized for restoration in 2024. These efforts include improving water quality and creating diverse habitats for wildlife. Enhancing small water bodies not only provides a refuge for animals and plants but also contributes to climate adaptation. Restored ponds and lakes can cool surrounding areas and improve the urban microclimate by utilizing locally accumulated rainwater. Blue Pearls for Berlin, approved by the Senate in 2022, aligns with the city’s Eco-Account framework, ensuring that these restored blue spaces offset ecological damage caused by infrastructure and urban projects. The initiative offers Berliners new ways to experience nature, fostering a balance between development and environmental preservation. (Ref. 1, 2, 4, 6, 7)",https://www.berlin.de/sen/uvk/natur-und-gruen/biologische-vielfalt/berliner-beispiele/arten-und-lebensraeume/kleingewaesser/,2,1,3,2,2,0,2,1,1,1,4,1,3,3,1,1,8,5,7,8
142,Lima (FUA),Latin America and the Caribbean,Community garden Ayllu 21,Huerto Ayllu 21,"In 2018, a group of residents from Sector II in the Villa El Salvador district initiated a communal effort to transform an abandoned space into an urban garden (3). This is how Ayllu 21, the first community-based agroecological garden in Villa El Salvador, was born. The project was spearheaded by a group of mostly migrant senior women who decided to dedicate their time and labour to reclaiming a landfill space, to turn it into a productive green area (1). Their philosophy is rooted in the concept of ""ayllu,"" a Quechua word signifying family, collective identity, solidarity, and respect for the environment to foster harmonious coexistence (3).
Today, Ayllu 21 spans 1400 square meters and features 40 plots where agroecological practices are employed (1, 3). The garden aims to become a space for comprehensive development, through promoting environmental awareness, political advocacy, and the fight against gender-based violence in a district that ranks third in the number of violence cases (1).
The vegetables produced are primarily for self-consumption, with any surplus distributed among neighbouring families. If there are any sales, the profits are shared among the members, who work an average of two days per week in the garden (3).
This space seeks to strengthen socialization among women and seniors and foster learning and community-building among neighbours through agriculture. It was initiated with the support of IPES Promotion of Sustainable Development as part of the Sowing in the Desert program (3, 6), and it has received support from a diversity of programmes, such as the framework of the Women United for Food and Environmental Security (MUSA) (1).",https://www.facebook.com/profile.php?id=100083479897076,1,1,1,2,3,0,1,1,4,3,4,1,2,3,3,3,5,5,12,11
143,Phoenix (FUA),Northern America,Bethune Elementary School Tree Planting,NA,"Urban areas are particularly vulnerable to climate change due to the extensive use of concrete and asphalt, higher levels of pollution, increased population densities, and the concentration of infrastructure, all of which amplify the effects of extreme heat, drought, and severe weather. Urban tree cover play a vital role in helping cities mitigate the impacts of climate change by reducing greenhouse gases and alleviating the effects of extreme heat and other climate alterations that negatively impact human health. In 2023, dozens of volunteers from Bethune Elementary School planted 33 trees on the school grounds to provide future shade and help cool the environment. The project was funded by Arizona’s Public Service (APS) Community Tree Program, which aims to reduce the urban heat island effect by increasing tree canopy coverage in vulnerable communities.
The initiative was driven by Trees Matter, a local nonprofit organization focused on enhancing tree infrastructure in schools while educating students and staff on the importance of trees and tree care. Involving children in the tree planting process allows them to take what they’ve learned in textbooks and apply it in real-life situations, while also fostering a sense of community and belonging. This hands-on involvement not only educates but also creates lasting memories. The project’s goal is to combat the urban heat island effect by expanding tree canopy coverage, thus creating cooler, healthier shaded spaces for students in areas of Phoenix most affected by high temperatures.
With support from APS and Trees Matter, the volunteers worked together to plant trees that will provide much-needed shade on the school campus. APS’s Community Tree Program aims to provide shade and cooler spaces in neighborhoods that need it most, helping to reduce temperatures by 20 to 45 degrees. This effort is part of a broader initiative to improve the quality of life and mitigate the impacts of extreme heat in Phoenix (1-5).",https://www.azfamily.com/2023/04/28/phoenix-elementary-students-plant-trees-arbor-day/,2,1,1,3,4,0,3,1,2,3,2,2,3,3,1,2,7,8,9,9
144,Ciudad Juárez (FUA),Latin America and the Caribbean,Green belt on the border,Paso de Oñate,"The municipality of Ciudad Juarez, in collaboration with UN-Habitat, has drafted a redevelopment strategy for an area known as ""Paso de Oñate."" This intervention falls within the broader framework of ""Vision Ciudad Juarez 2040."" The plan involves constructing a forested green belt along the southern edge of the Rio Grande (/Bravo) in the northwest part of Juarez, bordering the USA.
Currently in the planning stage, the project aims to restore the ecological function of various degraded areas along the Rio Grande, transforming them into a continuous, green, walkable, and recreational space. The strategy includes allowing vegetation to recover, introducing native plant species, and increasing tree cover to rehabilitate unmaintained parks, derelict areas, and degraded riverbanks. These areas will be equipped with new features and integrated with existing parks, schools, and playgrounds. The envisioned green corridor will enhance walking conditions, improve the perception of safety, offer recreational opportunities for all age groups, and deliver valuable ecosystem services such as temperature regulation, improved air quality, and water retention.
In addition to its ecological goals, the project has a historical and geographical dimension. It aims to incorporate cultural heritage elements, such as the monument of the New Citizen, Paso de Oñate, Turtles Park, and the beginning of the Acequia Madre. It will also connect with other green space initiatives, including the Mega Park ""El Chamizal"" and the ""Corredor Cultural,"" which runs through the city center.
This intervention is being prioritized due to the area's ongoing social and ecological decline. Paso de Oñate is a critical border crossing point, which negatively affects mobility and air quality. The area also suffers from a high concentration of vacant housing, which contributes to the residents' perception of insecurity. (Ref. 1, 2, 3, 4)",https://publicacionesonuhabitat.org/onuhabitatmexico/CARTERA_PROYECTOS_ESTRATEGICOS-CiudadJuarez.pdf,2,1,4,4,2,0,4,1,2,2,4,2,3,3,3,2,11,7,10,11
145,Göteborg (FUA),Europe,Kottedala biodiversity park,NA,"A biodiversity park was built on an abandoned plot of land that felt unsafe to local residents. In the future, the plot may eventually be used for the construction of something more permanent. In the meantime, this project seeks to increase safety and access to greenspace while benefiting biodiversity, specifically flowers and insects. 
Recycled materials were used to create the structure of the park, places to sit and insect hotels, while trees and a flowering meadow were planted. A mix of annual and perennial flowers was used to promote biodiversity over time. The locals are reported to be happy with the project. Familjebostäder i Göteborg AB, a publicly owned real estate company, conducted the project. [Ref. 1-5]",https://www.familjebostader.se/nyhet/kottedala-blir-hem-for-tusentals-nya-hyresgaster/,1,1,1,2,4,0,2,1,3,2,3,1,3,2,1,2,5,7,9,8
146,Lisboa (FUA),Europe,Horta Nova Horticultural Park,Horta Nova Parque,"The Horta Nova Urban Park, located in the Carnide parish (Lisbon), is a recently inaugurated green space that combines horticulture with community recreation. The Carnides neighbourhood is characterised by an inspiring history of overcoming hardship, with residents turning food shortages into opportunities by cultivating community gardens since the 70s. Currently, ""the neighbourhood continues to be an example of solidarity, innovation and community spirit"" (Ref. 2). In 2013, as a response to food scarcity caused during the post-Troika economic crisis, a group of local residents created an unauthorised vegetable garden overnight, on previously derelict space in the neighbourhood. Only in 2021 did the local authorities officially recognise the vegetable gardens, which since 2013 had operated under an informal agreement (Ref. 3). With the official establishment of the horticultural park, in addition, the park has a newly planted broad lawn, an open-air gym, and a dedicated dog park, creating a versatile space for residents (Ref 3). 
Currently, this park features 80 vegetable plots, each with a dimension of 100 m2 per plot,  attributed by the municipality through an official application process (Ref. 1). The park is a great reflection of the neighbourhood’s resilience and its history of small-scale citizen-oriented agricultural production that began as a response to social difficulties (Ref 1, 2).",https://lisboaparapessoas.pt/en/2021/06/04/horticultural-park-horta-nova/#google_vignette,1,1,1,3,1,0,3,1,4,3,3,3,2,2,1,2,6,5,13,7
147,Phoenix (FUA),Northern America,Emerson Elementary Tree Planting,NA,"Phoenix is grappling with severe urban heat problems. As the city continues to grow, it is expected to experience a rise in temperatures of three to five degrees on average in the coming years. This makes urban heat a significant concern, especially for vulnerable populations. Phoenix’s extensive urban sprawl, combined with a lack of green space, has exacerbated the urban heat island effect, where cities become significantly hotter than surrounding rural areas due to the high concentration of concrete, asphalt, and infrastructure. In 2022, Nick Lodato, the principal of Emerson Elementary School, wanted to mark the school's 100th anniversary in a meaningful way. He decided that planting trees would be the perfect way to celebrate this milestone while also benefiting the community. The tree planting event not only symbolized the school's strong sense of community but also represented an investment in its sustainable future. Prior to the project, Emerson had only 9% tree canopy cover, which was far below what is necessary to address some of the pressing environmental challenges Phoenix faces. 
Tree cover has become critical infrastructure for heat mitigation. Trees provide natural shade and help cool the environment by reducing surface temperatures, which in turn lowers energy consumption and promotes better public health. In addition to offering shade, the native, drought-tolerant trees and plants planted at Emerson will also contribute to carbon sequestration, purify the air, and improve mental health by creating more green spaces for relaxation and outdoor activities.
To complete this project, Emerson Elementary partnered with the Arizona Sustainability Alliance (ASA), a local nonprofit. Together, they planted over 100 trees and plants across the school’s campus, with approximately 125 people attending the event. Volunteers included students and their parents, Tau Psi Omega fraternity members, APS employees, neighbors, former Emerson students and teachers. (1-3)",https://eu.azcentral.com/story/news/local/arizona-environment/2022/03/07/emerson-elementary-plants-trees-add-shade-build-community/9352002002/,2,1,1,3,3,0,3,1,2,2,2,1,3,4,2,3,7,7,7,12
148,Iaşi (FUA),Europe,The Green Wall of Tomesti,Perdea forestieră Tomesti,"The Green Wall of Tomesti was an initiative launched by the commune of Tomesti to combat air pollution from the nearby city of Iasi, which often drifted into the area (1, 2). The municipality decided to implement this solution after consulting specialists on how to address pollution from the main urban area. It was also integrated into the objectives of their 2014 General Urbanistic Plan, which aimed to transform Tomesti into a ""modern, clean, and ecological area"" (1, 2, 5). In addition to mitigating air pollution, the forest wall was expected to help lower local air temperatures (1).
The municipality purchased seedlings and planted the trees at the end of 2019, near the D.D. Patranascu school (1-3). While the overall goal was to protect the entire commune and improve the health of Tomesti's residents, particular attention was given to safeguarding the school closest to Iasi (1, 2). Before planting, the organizers called for volunteers to help with the plantation (3). In total, approximately 1,500 trees were planted (linden, acacia, oak and willow), with a space of 1,5 m between each other (2). 
The action also follows on a 20-year national plan to increase forest walls to improve the quality of the air in the country (6).",https://www.ziaruldeiasi.ro/stiri/tomestiul-va-fi-protejat-de-poluare-printr-o-perdea-forestiera-de-1500-de-copaci--237700.html#google_vignette,2,1,4,3,3,0,3,1,2,1,2,3,3,2,3,2,10,7,8,10
150,Cartagena (FUA),Latin America and the Caribbean,Corridor of Cartagena - Barranquilla,Corredor Vial Cartagena - Barranquilla,"The Cartagena-Barranquilla Road Corridor project, led by the National Infrastructure Agency (Agencia Nacional de Infraestructura (ANI)), covers 146.7 km to enhance connectivity between Cartagena and Barranquilla (ref 2). While primarily a transportation initiative, the project stands out for its focus on environmental conservation and community development. A major goal is the restoration of ecosystems and biodiversity protection. To this end, over 40,000 mangrove seedlings have been planted in the 34.13-hectare Ciénaga de la Virgen, a vital coastal wetland in Cartagena. These mangroves play a crucial role in restoring habitats, capturing carbon, and acting as natural flood barriers, thereby safeguarding nearby communities (ref 1,4,6). The project also tackles hazards like wildlife-vehicle collisions and habitat fragmentation. Seven wildlife crossings have been built to facilitate the safe movement of species, including the endangered Blue Crab (Cardisoma guanhumi) in the Ciénaga de Mallorquín. These crossings are essential for preserving local wildlife (ref 1,7).
In terms of socio-economic impact, the project has created over 9,000 jobs and established six bioclimatic nurseries, which provide sustainable livelihoods for communities in La Boquilla, Villa Gloria, Tierra Baja, and Puerto Rey. These nurseries support mangrove restoration and offer local people opportunities to participate in planting, monitoring, and maintenance activities. This approach fosters a circular economy, empowering community members, both men and women, to engage in sustainable economic practices (ref 1,2,6).
Overall, the Cartagena-Barranquilla Road Corridor is more than a transport project; it acts as a green corridor with a comprehensive approach that combines environmental conservation, hazard mitigation, and socio-economic development.",https://www.invias.gov.co/index.php/normativa/valorizacion/anexos-resoluciones-de-aplicacion/15267-anexo-no-1-descripcion-detallada-del-proyecto-vial-cartagena-barranquilla-circunvalar-de-la-prosperidad/file,2,1,3,3,4,1,3,1,3,1,4,1,3,3,3,3,9,9,9,12
151,Tbilisi (FUA),Europe,Rike Park,რიყის პარკი,"Rike Park, centrally located on the riverbank of the Kura River, is one of the most recently developed Parks in Tbilisi. It was announced by the city hall in 2009 with the aim to increase the amount of accessible green space in the densely developed city center and stretches over an area of 7.5 ha (Ref. 1). Being the only location in the city where such a project could have been developed, it also serves as a pedestrian-friendly way to cross from the newer part of the city towards the old town via the adjacent ""Peace Bridge"" (Ref. 1,3). Next to its various amenities for recreation, the park has become a symbol of national identity through its design (Ref. 2). From above, one can identify the grid abstraction of the map of Georgia while in the center of the park lies a large Rose shaped mosaic, making a symbolic reference to the Rose Revolution (Ref. 3,5). Furthermore, Rike Park hosts several cultural festivities and artistic performances that invite the public to interact and socialize (Ref. 4).
Despite the park's success, its development has been criticised due to the city hall's exclusion of public consultations and transparency (Ref. 1).",https://land8.com/how-rike-park-merged-a-historical-space-with-a-modern-one/,1,2,4,3,3,0,3,1,4,2,4,2,2,2,1,1,10,7,12,6
152,Cagliari (FUA),Europe,Requalification of Poetto Beach,Riqualificazione della spiaggia del Poetto,"The project at Poetto Beach in Cagliari, Italy, implemented by the municipality of Cagliari, began in 2022. It focuses on protecting and restoring the dune system while raising public awareness about the importance of preserving the coastal ecosystem. The project recognizes the delicate balance between environmental preservation and public enjoyment of Poetto Beach.
Key activities include installing barriers and signs to prevent trampling and littering, modifying beach access points to reduce erosion, and implementing significant interventions to restore the beach. These interventions involve strengthening anti-erosion measures with dune confinement and sand retention systems, as well as creating natural barriers (natural repopulation of native plants ) to protect the seashore. Public education initiatives aim to encourage responsible beach use and enhance understanding of the dunes' fragility. Additionally, new access walkways will be installed, and existing ones will be improved, including the creation of four wheelchair-accessible pathways to the water, designed for easy entry.
This comprehensive plan for protecting and enhancing Poetto's environmental resources is valued at €945,000 and is funded by the European Regional Development Fund. 
Overall, the goal is to enhance environmental quality, promote sustainable beach use, and prevent both natural and economic losses. By balancing enjoyment of Poetto's natural resources with their protection, the project aims to ensure the long-term preservation of this valuable coastal area (Ref. 1, 2 & 4).",https://www.comune.cagliari.it/portale/page/it/riqualificazione_delle_dune_e_delle_risorse_ambientali_del_poetto?contentId=FPR167502,2,1,1,3,2,1,3,1,2,4,2,4,3,2,4,2,7,7,12,11
153,Dublin (FUA),Europe,Dodder Valley Park Wetlands,NA,"Two new wetlands were established in Dodder Valley Park as part of the Dublin Urban Rivers Life Project (DURL). This project aimed to create integrated constructed wetlands (ICWs) at strategic locations in South Dublin County to purify wastewater and storm-water before it discharged into rivers. 
The ICWs consisted of a series of cells resembling shallow ponds, typically 200 to 300 mm deep. Heavily planted with specific vegetation, these cells treated water by removing nutrients and harmful impurities, resulting in cleaner, purer water being discharged. The water flowing into the wetlands came from wastewater of misconnected appliances and storm-water pipes located under public roads, which collected rainwater from roads, footpaths, and the roofs and patios of houses. 
These wetlands also provided important benefits, including flood alleviation, bioretention of particulates and nutrients, improved habitat conditions, and enhanced biodiversity. The project aimed to promote the relationship between green infrastructure and public well-being, creating a complex biological system that supports a diverse range of plants, animals, microorganisms, and hopefully attracts frogs, newts, and birds.
To increase native biodiversity, the wetlands were designed with pollinator-friendly plants and trees, making them visually appealing for park users and the public. A Wetland Planting Day took place on September 9, 2022, with over 40 participants, including residents and representatives from local organizations. This phase of the project fulfilled not only the objectives of the LIFE project but also those of the River Basin Masin Management Plan 2022–2027, the Water Framework Directive, the Climate Change Action Plan, the Floods Directive. (1, 2, 5)",https://www.sdcc.ie/en/services/environment/dublin-urban-rivers-life/integrated-constructed-wetlands/,2,2,3,3,2,0,2,1,2,2,3,1,4,2,3,1,10,5,8,10
154,Iaşi (FUA),Europe,Urban regeneration of Depou CTP,Regenerare Urbană zona Depou CTP,"The last large-scale park in Iași was opened in 1923, and since then, the city has lacked any significant new green spaces. With the European Union recommending at least 26 square meters of green space per resident and the city's increasing urban density, the need for a new park is undeniable.
To address this, the Municipality of Iași is launching its first major park project in over a century. The project aims to transform the current CTP depot (tram station) into a 4.5-hectare, accessible green space in a densely populated area with strong development potential. This new park is envisioned as a green oasis that will enhance residents' quality of life while promoting environmental sustainability and urban renewal.
The initiative has received widespread public support, with citizens proposing the creation of a local museum to honor the tram station’s historical significance—one of the oldest in the city, with over 100 years of history. A consultation process has been established, involving local residents, NGOs, and a group of experts, including urban planners, architects, and mobility and environment officials, all contributing to the planning stage. Public suggestions for the park include underground parking, recreational and exercise facilities, and a diverse range of vegetation. Ensuring accessibility for all citizens and visitors is also a key priority in the park's design.
The municipality has allocated 300,000 euros for a solutions contest to finalize the approach to redeveloping the tram station. (1, 2, 3, 4, 5, 8, 9)",https://www.primaria-iasi.ro/dm_iasi/portal.nsf/pagini/proiect+regenerare+urbana+si+peisagistica+zona+depou+ctp-0003A232?Open?Open,1,1,1,3,2,0,2,1,4,2,3,1,2,3,1,2,6,5,10,8
155,Phoenix (FUA),Northern America,Pinnacle Farms,NA,"Over the past two decades, as Phoenix’s population has surged since the 1990s, large expanses of farmland have been paved over to make way for urban development. This transformation has increasingly disconnected the city from its agricultural roots. In 2000, Janna Anderson recognized a growing need for local farms to strengthen their ties with the community and for increased access to fresh, locally sourced produce. With a vision to reconnect the community with its agricultural heritage, she purchased a historic orchard property in southern Phoenix, near South Mountain, in 2011. The property, which included a 1918 adobe home, was transformed into a thriving mixed-fruit orchard.
At Pinnacle Farms, Janna planted over 1,200 trees, including peaches, apricots, and rare Maktoom Dates, which were brought to the U.S. from Iraq in 1910. These heritage crops have unique flavors and textures not commonly found in grocery stores. In 2015, the farm became certified organic, underscoring Janna’s commitment to sustainable farming practices. Her focus is on cultivating varieties that are uniquely suited to the arid Southwest climate, using methods that conserve water and promote soil health.
Janna’s approach to farming also highlights the potential of heritage varieties to support food security in the desert. By growing these rare and resilient crops, she not only preserves biodiversity but also brings attention to how such practices can contribute to a more sustainable, local food system. Pinnacle Farms serves as a living reminder of Phoenix’s agricultural history, a place where fertile soil and sustainable farming practices continue to thrive. The farm embodies the deep agricultural roots of the region, connecting Phoenix’s past to its future and proving that the city’s rich farming tradition is far from lost. (1, 2, 6, 8)",https://www.phoenixpinnaclefarms.com/,2,1,3,3,4,0,3,1,4,2,2,2,3,1,2,1,9,8,10,7
156,Göteborg (FUA),Europe,Maskinparken,NA,"Maskinparken is a new park covering 3700 m2 in the Lindholmen district, a new neighbourhood in a previous industrial/harbour area [Ref. 5]. The park is described as a well-needed green oasis or green lung in the developing area. The park finished construction in 2022 and is intended to provide access to green space for people living and working nearby. It is also designed as a blue-green stormwater management solution, where about 500 m3 of rainwater can be stored in the lower areas during heavy rainfall. Stormwater will be leaked from surrounding grey areas to the park to protect them from flooding. The Swedish National Board of Housing, Building and Planning (Boverket) has highlighted the park as a good example of climate adaptation in urban planning. The park has a variety of plants such as different tree species and flowering meadows, and plants that can withstand being soaked in the lower areas. Plants can grow in different landscape structures, such as hills and a pergola. The park also has amenities such as benches and lights, which are designed to mirror the style of the surrounding, older industrial brick buildings [Ref. 1-4].",https://lindholmshamnen.se/maskinparken-snart-fardig-i-lindholmshamnen/,4,1,1,2,4,1,1,1,3,3,2,1,2,3,4,4,8,7,9,13
157,Cartagena (FUA),Latin America and the Caribbean,Restoration of the Coastal Lagoon of El Laguito,Recuperación del Laguito,"The ""Recuperación del Laguito"" project aims to restore El Laguito, a coastal water body in Cartagena, Colombia, severely affected by sedimentation that blocks natural water exchange with the Caribbean Sea. This blockage has led to stagnant, low-oxygen water, degrading water quality and aquatic ecosystems (ref 1). The project seeks to restore El Laguito’s environmental and social functions by reestablishing seawater flow, reducing sediment impact, improving water quality, and reviving the ecosystem. Additionally, it aims to provide data to guide long-term solutions for sustainably managing this community resource (ref 1). 
The project is a response to recurring ecological crises, such as frequent fish die-offs due to low oxygen levels. Local residents initially took matters into their own hands, manually attempting to reopen the channel. The formal intervention started following a 2019 directive from the Ministry of Environment and Sustainable Development, outlining a phased strategy: short-term installation of an axial pump for water exchange, medium-term studies for a permanent fix, and long-term construction plans (ref 3). Currently, the project involves using heavy machinery to clear sediment and allow seawater inflow, supported by the Gobernación de Bolívar, Cardique, and the Cartagena Mayor's Office. This phase serves as a transitional step towards a more sustainable, permanent solution (ref 2). The project’s impacts focus on ecological restoration. Short-term benefits include better oxygenation, reduced harmful algal blooms, and revived marine life. Long-term goals encompass sustainable water management, ecosystem stabilization, tourism enhancement, and the development of recreational and sports facilities in harmony with environmental conservation (ref 4).",https://fundacionbahia.org/proyectos/recuperacion-del-laguito/,2,1,4,4,4,1,3,1,1,2,2,4,2,2,2,1,11,9,9,7
158,Fort-de-France (FUA),Latin America and the Caribbean,Medicinal plant library in Tivoli,Plantothèque médicinale école à l'écolieu de Tivoli,"The first medicinal plant library in Martinique was created by the Ypiranga Martinique association, which inaugurated the project in 2019. The initiative was developed to preserve and revitalize traditional knowledge of medicinal plants in Martinique, integrating agroecology , modern scientific understanding, and ancestral practices.
The project is located on land provided by the municipality in the Tivoli neighborhood, and it serves as an educational resource, a functional pharmacy, and includes a small shared vegetables garden. Visitors, local residents, and researchers can access information on over 150 native Caribbean plants and their medicinal properties. The site includes two educational trails: one following the river that crosses the garden and a sensory trail designed to help visitors ""reconnect with nature."" Each plant is identified with information boards detailing its medicinal uses, including whether these uses are scientifically validated.
The project also aims to address social exclusion by offering reintegration workshops to troubled teenagers and the unemployed.
The project was financed through a combination of sources: an EU-funded call for projects, a crowdfunding campaign, and regional and national public subsidies.
As a result of its success, in 2021 the initiative was formally replicated with the support of the Caribbean Interreg ""OSAIN"" project, which led to the creation of 14 additional plant libraries in schools and public spaces. Volunteers and community-based efforts continue to sustain the project, and it has become a model for similar initiatives. (Ref. 1,2,4,5,6,7)",https://www.fortdefrance.fr/une-plantotheque-ecole-inauguree-a-tivoli/,1,1,2,2,3,0,2,1,4,3,2,1,2,3,1,3,6,6,10,9
159,Lisboa (FUA),Europe,Olive Garden at CCB,Jardim das Oliveiras no CCB,"The Olive Garden (""Jardim das Oliveiras"") is a green roof created in the Centro Cultural de Belém (CCB) in Lisbon, as a green space that blends natural elements with the surrounding cultural area and building. Situated by the Tagus River, the garden features a lawn, olive trees, and small lakes, offering a quiet place for people to relax and enjoy nature (Ref 1, Ref 2). It is a popular spot for families, young people, and children who use the space (Ref 1). The garden also hosts cultural events, such as concerts and DJ performances, adding to its appeal as a community gathering place (Ref 3, Ref 4).",https://www.ccb.pt/visitar/jardim-das-oliveiras/,2,1,1,2,4,0,1,1,4,3,2,1,2,1,1,1,6,6,10,5
160,Lima (FUA),Latin America and the Caribbean,Forest Park La Molina,Parque Forestal La Molina,"The intervention of the Ecological Park of La Molina is an urban-landscape design project developed between the San Martín de Porres University, through the IVUC, the Institute of Housing, Urban Planning and Construction, and the Municipality of La Molina (7). This is the first ecological park in the city of Lima, located in a characteristic ecosystem such as Las Lomas, between 600-1000 m.a.s.l. (1). It is a natural area that is part of the hill system of Villa María del Triunfo, located in the Subtropical Coastal Desert ecoregion, and is part of the Regional Conservation Area ‘Sistema de Lomas de Lima’ (7). The City Council decided to open this space in 2022 to the public, as a 200-hectare area, designed to bring people closer to nature, through outdoor activities and environmental education about its fauna, flora and microclimates (1). Thus, citizens can enjoy a recreational area with multi-purpose spaces and sports circuits; a cultural area where workshops and an open-air amphitheatre are held; an ecological interpretation area with exhibition galleries and an interpretative route; and an administrative and control area (1). The park also envisages reforestation efforts in areas that are currently arid and infertile to convert them into green areas for the enjoyment of citizens (1). In 2023, conservation efforts were reinforced for an additional 50 hectares, due to the danger posed by encroachment and land trafficking (4).",https://portal.munimolina.gob.pe/la-molina-abren-parque-ecologico-forestal-de-aventura-totalmente-gratuito/,1,1,NA,3,4,0,3,2,4,2,3,1,3,3,2,4,5,9,10,12
161,Mobile (FUA),Northern America,The Three Mile Creek Hydrological Restoration,NA,"The Three Mile Creek Hydrological Restoration project is taking place in one historic channel of the Three Mile Creek, located east of Dr. Martin Luther King, Jr. Avenue, and covering approximately 1,800 linear feet (Ref 3). This project, led by the City of Mobile, aims to remove sediment from the stream channel. This segment of the Creek was bypassed with a straight channel in the early 1980s to control flooding in the area, thus accelerating the accumulation of sediments in the historic channel (Ref 1).
The project's goal is to restore and maintain the natural flow to the historic channel and create a connection to the City and County's Blueway initiatives (Ref 3). This will improve habitat conditions and water quality and help to protect the area’s estuarine and marine water resources (Ref 8). It will also contribute to revitalizing the Three Mile Creek Watershed and provide increased recreational opportunities for citizens, like kayaking and canoeing (Ref 6). Construction work occurred in 2022 and 2023 (Ref 3).
The Three Mile Creek Hydrological Restoration is a key component of the Mobile Bay Shore Habitat Conservation and Acquisition Initiative, which focuses on acquiring, restoring, and preserving habitats, including riparian, wetland, and upland areas that support various fish and wildlife species affected by the environmental disasters of the Deepwater Horizon oil spill that occurred in 2010 (Ref 1). The project spans three critical areas: 450 acres within the Three Mile Creek Watershed (as detailed in this project profile), 300 acres in the Dog River Watershed, and 40 acres of bay shore property in the Garrows Bend Watershed (with the latter two areas being part of separate initiatives) (Ref 4).",https://mapformobile.org/3mchydrological/,2,3,4,3,2,1,2,1,1,3,2,1,2,4,2,1,12,6,7,9
162,Miskolc (FUA),Europe,Avas Tomato Community Garden,Avasi Paradicsom Közösségi Kert,"The Avas Tomato Community Garden, located in a formerly neglected area of the Avas hill of Miskolc, has transformed from an overgrown, rat-infested, and litter-strewn space into a thriving community garden. Just a few years ago, this site was a source of concern for local residents, plagued by issues such as homelessness and illegal dumping. Today, however, it stands as a flourishing green space with fresh garden beds, composting boxes, a pavilion offering shade to gardeners, and a renewed sense of community spirit. 
The seeds of the Avas Tomato Community Garden project were planted in the fall of 2014, led by Zsolt Jakab and Ákos Káli-Nagy. The initiative began with the establishment of the ""Panelkertész"" club, and by 2016, with the support of a local representative, the garden began to take shape. The gardening community that blossomed in the spring of 2017 was built upon the strong relationships within the established Avas neighborhood. Working together, members constructed the garden beds according to a precise schedule and, through frequent discussions, developed a close-knit community. The garden now consists of 20 large and 6 smaller beds, with 18 families actively growing vegetables, herbs, and spices, alongside raspberry and strawberry plants by the fence.
The community has greatly benefited from both the professional support and supply donations provided by the Miskolc Ecological Institute Foundation. Additionally, the Dialóg Association has played a key role in organizing the garden users and fostering collaboration. Initially, Dialóg appointed a coordinator for the garden, but this responsibility has since been handed over to the gardeners themselves. Owned by the Municipality of Miskolc, the Avas Tomato Community Garden continues to thrive as a model of successful urban gardening, uniting people with a shared passion for gardening and a commitment to building a strong, supportive community.
(Ref.1,2,3)",https://kozossegikertek.hu/garden/avasi-paradicsom-kozossegi-kert/,1,1,1,2,4,0,2,1,4,3,2,1,2,4,2,4,5,7,10,12
163,Adana (FUA),Europe,Community Maintenance of the Green Mosque,Köprüköy Camisi,"The Köprüköy Mosque in Adana, commonly named ""green mosque"", is one of a kind in Türkiye (Ref. 2,5). Its building and minaret are almost entirely covered by poison ivy and appear in vivid green colour from afar. Founded in 1929, it had to be remodelled in the early 60s as it couldn't sufficiently accommodate worshippers in the growing district. The mosque was then entirely built and rebuilt by the community, with its maintenance overseen by the mosque's protection association (Ref. 4). In the 70s, the ivy was planted and has since helped to protect the building from environmental stressors and keep visitors inside the garden and mosque cool during the summer heat (Ref. 4,5,6) Furthermore, the mosque’s well-maintained garden, home to around 280 species, is adored by local, national, and international visitors and tourists, as well as the media (Ref. 1,3,7). Frequent maintenance and rotation of the garden's flowers keep its appearance and function intact, one of which is the profound impact on visitors’ well-being, with many praising the unique atmosphere of the mosque that evokes peace, comfort, and spirituality (Ref. 1,3,4).
During COVID-19, the mosque could only host worshippers during praying hours, after which it quickly continued to bring people back together to garden, rest and socialize throughout the day (Ref. 1).",https://www.aa.com.tr/tr/kultur-sanat/yesil-cami-baharda-acan-cicekleri-ve-sarmasiklariyla-botanik-bahcesini-andiriyor/2234428#,4,1,1,NA,4,0,2,1,4,2,2,1,4,1,4,3,6,7,9,12
164,Cartagena (FUA),Latin America and the Caribbean,Lacides Segovia Urban Park,Parque Lácides Segovia,"Parque Lácides Segovia is an urban park located on Isla de Manga in Cartagena, Colombia. The park was inaugurated and revitalizated in June 2014 to serve as a multifunctional green space promoting cultural, social, and environmental activities. Named after General Lácides Segovia, a notable figure in Cartagena's history, the park aimed to provide a family-friendly and culturally enriching environment (ref 1). The primary goal was to transform a neglected urban area into a dynamic public space that fosters community interaction and enhances local culture. The park aimed to create a safe, inclusive, and accessible environment for residents of all ages, promoting social integration and cultural activities. Additionally, the project sought to establish a green area contributing to the ecological health of the city through urban greenery (ref 1, 2). 
The first revitalization in 2014 involved facilities, planting native trees, and setting up public amenities such as Wi-Fi, seating, and cultural spaces(1, 2, 3). 
This new revitalization in 2024, led by the local government of Cartagena, will focus on enhancing the infrastructure of both the park and the surrounding sports area in Manga to improve sustainability. The project has an estimated budget of approximately USD 675,000. The improvement works to provide better facilities and infrastructure to support recreational and sports activities, benefiting the community and promoting a healthier urban environment (ref 6). The park is essential for the community; it was recently the subject of several citizen science projects led by the Montessori School, including research identifying the park's ecosystem services (ref 3).",https://www.instagram.com/parquelacidessegovia/?hl=es,3,1,1,2,2,1,2,1,4,2,4,1,2,2,3,2,7,6,11,9
165,Phoenix (FUA),Northern America,Cortez Park Tree Planting Project,NA,"Phoenix is one of the hottest cities in the United States, with temperatures regularly exceeding 40°C (104°F) for more than 90 days each year. The urban heat island effect is severe here, posing a significant health risk. Many communities in Phoenix lack equal access to shade cover—often, the impact of extreme heat disproportionately affects low-income neighborhoods that lack resources for tree planting and maintenance. In contrast, wealthier areas tend to have more trees and are visibly greener, which helps reduce the heat residents experience.
To address these disparities, the City of Phoenix partnered with SRP, a not-for-profit public power utility, to launch the ""Right Tree, Right Place"" program in 2018. This initiative aims to bring shade relief to areas most in need, such as parks, public transit stops, and schools, while replacing older trees that interfere with SRP power lines. SRP and the city work together to identify trees that pose risks to overhead power lines, and for each tree removed, three new trees are planted—either in a different location or with a species better suited to coexist with power lines.
One of the program’s notable projects took place in West Phoenix’s Cortez Park, where 24 drought-tolerant trees from four different species were planted. This diversity helps protect the trees against pests and other natural threats, ensuring their longevity and resilience. Through initiatives like these, the ""Right Tree, Right Place"" program contributes to Phoenix’s larger goal of developing a robust, biodiverse urban forest. By expanding green infrastructure, the city aims to reduce local temperatures, improve air quality, and create cooler, healthier neighborhoods for all residents. (1-8)",https://eu.azcentral.com/story/news/local/arizona-environment/2018/05/02/utilitys-tree-planting-program-phoenix-brings-shade-city-need/511319002/,2,3,2,4,4,0,4,1,2,2,3,4,3,2,3,2,11,9,11,10
166,Fort-de-France (FUA),Latin America and the Caribbean,Pedagogical Arboretum in schools,Pié Bwa a tè Matinik,"This project, implemented in several schools across Fort-de-France in 2018,  focuses on creating arboretums in schools to educate children about Martinique's native natural heritage and raise awareness of biodiversity loss. An arboretum is a curated collection of trees selected for scientific, conservation or public enjoyment.
The initiative, led by the Martinican National Botanical Conservation, is supported technically by the municipal landscaping department and administratively by the city of Fort-de-France and the Martinican School Rectorate. It includes three main activities: a seminar on Martinique's rich yet fragile botanical heritage, an excursion into a forest, and a tree planting event at schools featuring native or endangered plant species. The program has reached at least six schools in and around Fort-de-France.
(Ref. 1,2,5)",https://cbmartinique.org/2018/07/18/arboretum-pedagogique-pie-bwa-a-te-matinik/,1,3,4,2,4,0,2,1,1,1,4,1,3,2,1,2,10,7,7,8
167,Iaşi (FUA),Europe,Phoenix Park,Parcul Phoenix,"The Phoenix Park initiative was carried out by the ""Gheorghe Asachi"" Technical University of Iași in partnership with the Iași Communitarian Foundation, the BorgWagner Fund, and the Municipality of Iași. It involved the rehabilitation of a green space within the university campus. Covering an area of 3,000 square meters, the renovation was based on the winning design from a student competition focused on improving campus spaces.
The park was designed to include facilities for physical exercise (calisthenics equipment), recreation (badminton court and ping-pong table), and social interaction spaces. It also serves as a buffer to reduce noise from the surrounding areas.
The total cost of the project amounted to 121,200 euros, with the university covering infrastructure expenses, the municipality providing the labor for rehabilitation, and the private fund contributing 15,150 euros. The implementation of the design was overseen by the student designer and coordinated by the NGO and the university’s Association of Student Architects.
This initiative is part of a larger urban regeneration project by the university, in collaboration with the municipality and the Communitarian Foundation, where several campus green spaces are being rehabilitated based on student designs. The overarching goal is to enhance students' quality of life and promote healthy lifestyles through the creation of green spaces during their time at the university. (1, 2, 5, 6, 8, 13, p. 92)",https://campus.tuiasi.ro/05/01/2023/parcul-t1-t2/,1,1,1,2,2,0,2,1,4,3,3,1,2,4,2,3,5,5,11,11
168,Dublin (FUA),Europe,Dollymount Strand Ectocarpus,NA,"Coastal erosion is a well-known consequence of climate change, driven by rising sea levels, extreme storms, and powerful coastal surges. Dollymount Strand, a popular spot for bathing and water sports in Dublin, is particularly vulnerable. Located on North Bull Island and managed by Dublin City Council, the area is part of several protected zones, including a Special Area of Amenity, a Special Area of Conservation, a Special Protection Area, a Ramsar Wetland, a Natura 2000 site, and the UNESCO Dublin Bay Biosphere. To help mitigate this issue, Dublin City Council has implemented a solution that works with, rather than against, natural processes.
During late summer and autumn—particularly following high tides, warm weather, and storms—a type of seaweed called Ectocarpus siliculosis naturally accumulates along Dublin Bay’s beaches. Instead of removing it, the council allows the seaweed to remain, recognizing its essential role in maintaining the beach’s rich biodiversity. Ectocarpus contributes to the health of the coastal ecosystem, supporting marine life and enhancing the natural resilience of Dublin Bay. (1.2)",https://www.caro.ie/projects-research/case-studies/using-waste-from-an-algae-(ectocarpus)-on-an-urban,2,1,2,3,2,1,4,NA,1,2,2,2,3,1,2,2,8,7,7,8
169,Göteborg (FUA),Europe,Härlanda biodiversity park and farm,NA,"A small biodiversity park was established in Härlanda Park, an old prison complex which today houses a culture centre, a pre-school and office space. The area was previously used as a small lily garden, but this project implements more biodiversity-promoting features such as a bee hive, varied flowers and trees, different types of soil and insect hotels. The municipal real estate company Higab owns the park and partnered with Stadskupan, which works with urban beekeeping, biodiversity, and rewilding, to design and create the park. They also involved Vägen ut! (translates to ""the way out""), a social enterprise that employs people who are far from the labour market due to substance abuse issues to help maintain the park in a socially inclusive way. The park has pedagogic features and events for local businesses and organisations as well as the public. The beehive was established in 2022, while the entire biodiversity park was established in 2023. The project will go on for three years and be evaluated yearly. [Ref. 1, 2, 3].",https://www.higab.se/nyhetsarkiv/pressmeddelande-ny-gard-for-biologisk-mangfald-pa-harlanda-park/,1,1,1,2,4,0,2,1,3,4,2,1,2,3,3,3,5,7,10,11
170,Adana (FUA),Europe,The Çukurova University Botanical Garden,Ali Nihat Gökyiğit Botanik Bahçesi,"The Çukurova University Botanical Garden was initiated in 1972 by the Department for Landscape Architecture to protect and conserve the rich native and non-native biodiversity of the region for future generations (Ref. 5,9). Its establishment responds to the lack of Botanical Gardens in Türkiye despite the country's great diversity. The Garden also wants to offer protection for increasingly threatened species in the face of rapid and uncontrolled urbanization (Ref. 5,9). Being located close to two Deltas and an important agricultural region, the collection also aims to include a great number of wetland and agricultural species, drawing public attention to the importance of these ecosystems (Ref. 6). As such, the University invites every school in Adana to visit and participate in its ongoing educational activities and primary school children are offered hands-on gardening programmes (Ref. 1,2). Furthermore, visitors can immerse themselves and learn about various vegetation zones, including endemic maquis, where stairs, walking paths and information boards have been installed (Ref. 4). The University maintains research activities in the Botanical Garden and in on site laboratories, which regularly host interns (Ref. 4). To ensure the stready supply of plant material for landscaping and education, nurseries have been set up and in 2020 a 250 m² medicinal and aromatic plant greenhouse was added where students of the Faculty of Agriculture are trained and endemic species grown (Ref. 9,10).",https://botanik.cu.edu.tr/cu/collections/palm-garden#,1,1,4,NA,4,0,4,1,1,3,2,4,3,2,3,1,6,9,10,9
171,Kunming (FUA),Asia,Cuihu Lake Restoration,翠湖公园生态修复,"In the 1980s, rapid industrialization, urban population growth, and increased water usage led to severe pollution in Dianchi Lake, exceeding its environmental capacity and significantly degrading its water quality (Ref 1). This deterioration had serious effects on nearby ecosystems, including Cuihu Lake (Ref 2). Cuihu Lake (翠湖), also known as Green Lake Park, is a well-known park and body of water in the center of Kunming, Yunnan Province, China. In Cuihu lake the decline in water quality caused a sharp reduction in native species like the golden line barb, which depend on the local ecosystem for survival, pushing them to near extinction and destabilizing the entire ecosystem (ibid.).
To address this, several effective initiatives have been launched to restore Cuihu Lake’s ecosystem in recent years (Ref 2, 3). One of them was started in 2020 when a restoration project was initiated by the site's administration in collaboration with Dr. Li Weiwei’s team from the Kunming Institute of Zoology, Chinese Academy of Sciences. The project focused on creating micro-habitats and restoring the aquatic ecosystem (ibid.). Ecosystem and biodiversity restoration efforts were conducted across a 5,000 m² area on the east side of Green Lake Park, covering approximately 1/27th of the lake (ibid.).
As a result, more than 20 aquatic animal species are now thriving and contributing to water purification, while three submerged plant species cover over 50% of the project area (Ref 2, 3, 4). Bird diversity and numbers are also increasing, with species like white-breasted kingfishers, green-winged teals, and crested guinea-fowls returning to the area (ibid.). Additionally, there has been a significant improvement in water quality (ibid.).",https://www.cfej.net/city/rmtj/202403/t20240319_1068759.shtml,1,NA,2,2,4,0,1,2,3,4,4,1,3,3,3,4,5,7,12,13
172,Detroit (FUA),Northern America,Earthworks Urban Farm,NA,"Earthworks Urban Farm, located on Detroit's east side, is a pioneering initiative of the Capuchin Soup Kitchen that integrates sustainable agriculture, social justice, and community development. The Capuchin Soup Kitchen is a religiously affiliated soup kitchen and non-profit organization located in Detroit, Michigan. It was founded by the Capuchin friars to provide food for the poor during the Great Depression and is sponsored by the Capuchin Franciscan Province of St. Joseph. The farm was founded in 1998 by Brother Rick Samyn, and began as a small garden focused on educating local youth about healthy food and its origins. Over time, this modest garden expanded into a 2.5-acre urban farm, including 1.5 certified organic acres—making it Detroit's only certified organic farm.
The farm’s growth included adding a large plot behind its partner, Gleaners Community Food Bank, as well as establishing an apiary with up to 40 hives, a greenhouse for transplant production, a hoop house for year-round crops, and a community orchard. Earthworks' work has evolved along with its physical space, significantly extending its reach.
A wide variety of vegetables are cultivated here without herbicides or pesticides, with harvests distributed to local residents and included in meals at the Capuchin Soup Kitchen, ensuring fresh, nutritious food for those in need. Beyond agriculture, Earthworks serves as a community hub, engaging volunteers, offering educational tours, and supporting thousands of community gardens across Detroit with transplants and expertise.
Committed to evolving its programs, Earthworks has experimented with mobile markets, community-supported agriculture (CSA), and local market stands, demonstrating its dedication to meeting community needs through sustainable practices.
(Ref.1,2)","https://www.cskdetroit.org/earthworks/ The primary mission of Earthworks Urban Farm is to foster a just and sustainable food system by promoting agricultural practices that care for both the Earth and the community. The farm operates as a living study in social justice, focusing on education, inspiration, and community engagement to build a harmonious relationship between people and nature. Through its diverse activities, Earthworks seeks to address food insecurity and promote environmental stewardship in an urban set",1,1,3,2,3,0,2,1,4,2,2,1,2,2,2,3,7,6,9,9
173,Cagliari (FUA),Europe,Green Area - Via Eroi d'Italia,Area Verde - Via Eroi d'Italia,"The project, implemented by the municipality of Cagliari, involves the creation of a new garden in 2021 on Via Eroi d’Italia, in the Pirri municipality, located about 5 km from the center of Cagliari. This initiative is part of a broader effort to reclaim degraded urban green spaces. The garden spans approximately 900 square meters and was previously an unused lot serving as a parking area. Its transformation required substantial groundwork, including soil scarification and leveling, to prepare the area for its new purpose. The garden is now enclosed, with pedestrian access via two gates leading to a paved walkway.
Inside, the garden is divided into two main sections: a children's play area and a landscaped green space. The play area covers about 100 square meters and features durable artificial grass, swings, a spring toy, a universally accessible table, a children's table, benches, and a multi-compartment recycling bin. The green space, approximately 200 square meters, is planted with low-water-use grass and surrounded by drought-resistant plants like albizia, oleander, and lantana, chosen for their low water consumption and resilience to environmental stress. An underground irrigation system, linked to a 5,000-liter water tank, ensures efficient water use.
The remaining 600 sqm outside forms a parking area with 1 disabled space, 2 motorcycle spaces, 1 bicycle rack, and 15 car spaces.
The garden also incorporates sustainable elements, such as LED lighting for energy efficiency and a mural by renowned Sardinian artist Manu Invisible, depicting sunlit forest undergrowth in shades of green. This project responds to citizens' requests and prioritizes resource efficiency by reducing hazardous substances and minimizing waste. The materials used, including recycled plastics, and the selection of plants were chosen to match local ecological conditions, enhancing the garden's sustainability and reducing its environmental impact (Refs. 1, 2, 3, 4 & 5).",https://www.comune.cagliari.it/portale/page/it/giardino_via_eroi_ditalia?contentId=LGO70914,4,1,1,2,3,0,1,1,4,2,3,1,3,2,1,4,8,5,10,10
174,Cagliari (FUA),Europe,Filter Ecosystem in Molentargius,Ecosistema Filtro nel Parco di Molentargius,"The Filter Ecosystem project, completed in 2007, aims to improve water quality and enhance the ecological health of the Molentargius wetland area in Sardinia, Italy, also known as the Molentargius Saline Regional Nature Park. This diverse territory includes freshwater basins such as Bellarosa Minore and Perdalonga, saline water basins like Bellarosa Maggiore and Stagno di Quartu, and the predominantly dry area known as Is Arenas.
The Molentargius ecosystem is a crucial European site for various aquatic birds and features diverse flora, including endemic species and endangered plants on the ""Red List."" It is one of the few globally recognized wetlands of international importance for aquatic birds located entirely within a large urban center, protected as a biotope by the RAMSAR Convention in Sardinia's major urban area. Since the 1980s, it has suffered environmental degradation due to inadequate infrastructure for wastewater management and human pressures.
Implemented by the city of Cagliari, the project employs a phytoremediation technique to supply water to the ponds. This involved constructing a phytoremediation system between the Bellarosa Maggiore and Bellarosa Minore ponds, functioning as a surface flow filter ecosystem resembling a marsh or wetland.
The system enhances natural self-purification processes, promoting prolonged contact between water, organic matter, and plants. This setup creates microhabitats that support microbial flora crucial for purification. The project's primary goal is to treat wastewater from the Is Arenas treatment plant, ensuring that the treated water meets optimal conditions for sustaining the wetlands' biodiversity. Additionally, the project will expand reed bed areas, vital habitats for avian species, and is designed to purify up to 300 liters of water per second to meet the area's needs (Refs. 1, 2, 3).",https://www.parcomolentargius.it/servizi/canali/1039,2,4,2,4,4,1,4,NA,1,1,3,4,2,1,2,3,12,9,9,8
175,Cartagena (FUA),Latin America and the Caribbean,A Million of Corals for Colombia,Un Millon de Corales por Colombia,"The ""Un Millón de Corales por Colombia"" project is a national initiative aimed at the restoration and conservation of coral reefs across Colombia. Initiated in 2021, this ambitious project seeks to rehabilitate 200 hectares of coral reef by planting one million coral fragments across seven departments in Colombia, spanning both the Caribbean and Pacific regions​ (ref 1,2). It was developed as a response to the significant degradation of coral reefs caused by climate change, coastal development, overfishing, and pollution. These factors have led to the loss of about 80% of coral reefs in the Caribbean region. 
The initiative, led by the Colombian government in partnership with organizations such as Conservación Internacional, Parques Nacionales Naturales, Corales de Paz, and several regional environmental authorities, focuses on restoring this vital ecosystem (ref 2). The project encompasses constructing and maintaining coral nurseries and training local community members, including fishermen, as ""coral gardeners."" These gardeners are taught scientifically proven coral restoration techniques, including microfragmentation and larval rearing methods. A key aspect of the project involves continuous education and involvement of the community and stakeholders to ensure long-term sustainability (ref 4, 5). In Cartagena, the project plays a vital role in the restoration and conservation of coral reefs in this region, which is a key site for the initiative (ref 4).",https://www.conservation.org.co/programas/Marino/Lista-Articulos/un-mill%C3%B3n-de-corales-por-colombia,2,4,2,4,2,1,4,1,2,1,4,3,2,4,3,1,12,8,10,10
176,Göteborg (FUA),Europe,The Järnvåg Park,Järnvågsparken,"The park called Järnvågsparken will be constructed in the developing neighbourhood of Masthuggskajen as the main green space of the area, measuring about 8000 m2. The park will offer recreational activities for people living and working in the area, with spaces designated for rest, meetings, picnics, walking and play. For example, there will be a large playground, many different places to sit, grass lawns and a space to host cultural events in [Ref. 1-4]. The park will also be designed to manage stormwater and reduce flood risk [Ref. 5, 6]. The park will be built over an existing highway, turning it into a tunnel while reconnecting the new neighbourhood. The remaining future park area next to the road are currently parking spaces [Ref. 1, 4, 5]. The adjacent streets will also see more greening, increasing the connectivity of green spaces and mobility [Ref. 4-6]. The location on top of a tunnel limits the soil depth of the park, but the ambition is still to house a rich plant and animal life, including trees, providing ecosystem services [Ref. 1-6]. The project is managed by the City of Gothenburg [Ref. 1, 7].",https://goteborg.se/wps/portal/aktuelltarkivet/aktuellt/98246d8b-5cb9-4497-9ab6-2ad4e6f0ae2b,2,1,1,2,1,1,1,1,4,2,3,1,2,3,2,1,6,4,10,8
177,Berlin (FUA),Europe,Graefekiez,Projekt Graefekiez - Schrittweise mehr Platz,"Since the 1980s, the Graefekiez neighborhood in Berlin's Friedrichshain-Kreuzberg district has been a traffic-calmed area where all road users are treated equally, driving is limited to walking speed, and cars are permitted to stop anywhere. However, this once-progressive concept no longer functions effectively due to the significant increase in cars and delivery vehicles over the years. The streets no longer resemble a traffic-calmed zone, with traditional layouts featuring roadways, sidewalks, and parking spaces. As a result, many users fail to recognize the traffic-calmed nature of the area, leading to safety issues: vehicles drive too fast, delivery traffic causes conflicts, and streets are difficult to navigate safely.
Berlin’s transport sector faces the challenge of meeting legally mandated CO₂ reduction targets. Achieving these goals requires bold measures, including limiting private motorized transport (MIV), especially in densely populated areas where residents and visitors have access to alternative modes of transportation.
The ""Graefekiez"" project addresses these challenges through urban redevelopment aimed at improving livability and promoting sustainable urban mobility. Car parking has been banned from the streets, freeing up space for communal use such as lounge areas. As part of the ""Graefekiez"" project, the district office is converting parking spaces into green spaces and expanding tree disks to adapt to the climate and promote a sponge city.
The project was developed collaboratively with residents and NGOs through a participatory process led by the Friedrichshain-Kreuzberg district office, in partnership with the Berlin Social Science Center and Paper Planes e.V. Implementation began in 2023 on Graefestraße and Bockhstraße.After a six-month trial period, the district office decided in 2024 to make the measures permanent. 
This initiative advances a safer, greener, inclusive urban environment while meeting climate and community goals. (Ref. 1, 2, 3)",https://www.berlin.de/ba-friedrichshain-kreuzberg/politik-und-verwaltung/aemter/strassen-und-gruenflaechenamt/strassen/mobilitaetswende/artikel.1428814.php,2,1,1,2,1,0,2,1,2,2,3,2,3,4,2,2,6,4,9,11
178,Iaşi (FUA),Europe,Horpaz-Ezăreni Park,Parcul Horpaz-Ezăreni,"The Horpaz-Ezareni Park is an initiative driven by civil society, requesting the municipality of Miroslava to construct a natural park adjacent to Lake Ezareni. The aim is to protect its green spaces and aquatic bird species while addressing waste management in the area. The petition also called for more green spaces in line with European standards and sought to tackle the challenges of rapid urbanization in peri-urban areas. It collected hundreds of signatures and targeted an area of 20 hectares.
In response, the municipality agreed to the petition and initially proposed creating a park covering 4 hectares in 2022. This first plan was released to the public for consultation. However, the project has since evolved to encompass the original 20 hectares, plus an additional 2 hectares, with an estimated project cost of 11,000,000 euros and a timeline of 3 years for implementation.
The park's design includes various facilities and amenities aimed at enhancing opportunities for recreation, exercise, and relaxation. Accessible paths for pedestrians and cyclists, as well as a parking lot, are also part of the plan. Additionally, two buildings are proposed for sanitary and administrative purposes, which would manage the projected installations of a lighting system, Wi-Fi, and surveillance cameras.
Environmentally, the project includes plans for managing the lake's banks to remove hydrophilic vegetation that could create an unhealthy environment, along with the construction of two bridges. The wilderness areas will be managed, and dendrological plants will be introduced to improve the ecosystem's quality. Overall, the project aims to increase and regenerate green spaces in the commune, enhancing the quality of life for residents and improving the area's aesthetic appeal. (1-8)",https://apix.ro/peste-10-milioane-euro-vor-fi-investiti-pentru-amenajarea-unui-parc-de-mari-dimensiuni-la-marginea-iasului/,1,4,2,4,2,0,4,1,4,2,2,4,3,3,2,2,11,7,12,10
179,Lisboa (FUA),Europe,Bela Vista Park Reforestation,Reflorestação do Parque da Bela Vista,"The reforestation project at Bela Vista Park in Lisbon is a collaborative effort by the MEO Kalorama music festival, the Lisbon City Council, and Quercus (local NGO). The intervention began with a community planting event in February 2024 with the planting of 80 native trees, and the goal to plant a total of a total of 1,000 trees. The project aimed to improve the park's biodiversity, enhance carbon absorption, and support local wildlife. The tree species were chosen for their suitability to the local climate and their ability to integrate with existing vegetation. Local schoolchildren and residents participated in the planting, serving as a community engagement activity. This initiative is part of broader efforts to make Lisbon greener and to positively contribute to the local environment, given the disturbance caused by the MEO Kalorama festival (Ref 1, 2, 3).",https://informacao.lisboa.pt/noticias/arquivo/detalhe/reflorestacao-do-parque-da-bela-vista-avanca-com-apoio-da-camara-de-lisboa,2,1,2,4,2,0,4,1,2,2,4,4,3,2,1,1,9,7,12,7
180,Miskolc (FUA),Europe,Görömböly sandwall European Bee-eater habitat,Miskolc-Görömbölyi gyurgyalag fészkelőhely és bányató helyileg védett természeti területté nyilvánítása,"The Görömböly European Bee-eater Habitat Protection Project, launched in 2002 in Miskolc-Görömböly, Hungary, is a key conservation initiative dedicated to protecting 26.5 hectares of critical habitat for the highly protected European Bee-eater (Merops apiaster) and the Sand Martin, along with the diverse ecosystems thriving in this area.
The site comprises three unique zones: an abandoned sand quarry, a young acacia woodland, and a quarry lake surrounded by marshlands. The sand quarry’s vertical walls provide nesting sites for 15-40 European Bee-eaters and Sand Martins each year, supporting Red-listed species vital to Hungary’s biodiversity. The acacia woodland serves as a feeding ground, while the quarry lake nurtures a rich aquatic ecosystem, hosting protected species like the European Bitterling fish, amphibians such as Green Toads, and a variety of waterfowl, including Mallards, Little Grebes, and occasionally Kingfishers.
This project not only safeguards these vulnerable species but also fosters community engagement, offering residents the chance to learn about local wildlife and ecosystems. Additionally, the initiative promotes scientific study of the area’s ecological development, contributing valuable insights into species behavior and habitat evolution. With an emphasis on nature education and recreation, the project raises public awareness of environmental conservation.
The Municipality of Miskolc plays a crucial role, having designated the area as a protected site and managing its regulatory enforcement and maintenance.
(Ref.1,2,3)",https://www.miskolc-goromboly.hu/gyurgyalag.php,1,3,4,4,4,0,4,1,3,2,2,1,3,2,3,2,12,9,8,10
181,Lima (FUA),Latin America and the Caribbean,Medicinal Garden ‘Meadows of Life’,Praderas de vida. Jardín comunitario de plantas medicinales,"The Praderas de Vida garden is an initiative to transform a former rubbish dump into a source of employment and empowerment for the residents of the Praderas de San Juan de Miraflores Human Settlement (1). This agroecological community garden was developed as part of ISA REP's Sustainable Easements programme (13), located in the easement area of Peru's energy network, and it has collaboration efforts with KUNAN, Misha Rastrera, and La Muyita, brings together twelve female heads of households who cultivate, harvest, and process a variety of medicinal plants that have aromatic, antiseptic, and relaxing properties (2, 3).
Beyond agricultural production, the garden has become a hub for emotional and economic support, fostering a connection with nature through plant care and interaction with the local ecosystem (3). It has also led to the establishment of a social enterprise, ""Praderas de Vida,"" allowing women to participate in agroecological fairs to market the products derived from the medicinal plants grown in the garden (3).
The garden has evolved into a space for learning and community collaboration, promoting the importance of sustainability and biodiversity conservation (6).",https://www.facebook.com/praderasdevida/,1,1,4,3,4,0,1,1,4,3,4,1,2,2,2,3,9,6,12,9
182,Cagliari (FUA),Europe,Rings Park,Parco degli Anelli,"The ""Parco degli Anelli"" is a new green space project in Cagliari, located along the waterfront in the Sant'Elia district. Designed by Portuguese landscape architect João Ferreira Nunes and inaugurated in 2019, the park spans approximately 15 hectares, with over 4 hectares currently accessible to the public. The remaining area will undergo renovation in the next two phases of the project. The park is notable for its open design, free of walls and fences, and its direct access to the sea, making it a unique addition to the city's green spaces (Refs. 1, 2 & 7).
This park exemplifies urban renewal by transforming a previously neglected and degraded area into a green, accessible to all public space. It is part of a broader context of redevelopment of peripheral neighborhoods, in this case the Sant'Elia district.(Refs. 6 & 9).
Parco degli Anelli features flat terrain with numerous pedestrian and cycling paths for individual sports activities, along with expansive grassy areas covering about 27,000 square meters. The park is surrounded by approximately 500 newly planted trees and shrubs typical of Mediterranean maquis, including Aleppo pine, dwarf palm, European olive, and jacaranda.
Future plans for the park include expanding into additional areas and connecting it to the rest of the city via a pedestrian and cycling bridge over the Palma Canal, as well as connecting it to the new waterfront promenade that is being built from Via Roma to Marina Piccola (Refs. 1, 2 & 7).",https://www.comune.cagliari.it/portale/page/it/parco_degli_anelli_it_1?contentId=LGO70301,2,1,1,NA,4,1,3,1,4,2,2,3,3,2,2,4,4,9,11,11
183,Mobile (FUA),Northern America,Dog river watershed management plan,NA,"The Dog River Watershed Restoration project aims to protect and enhance the chemical, biological, and cultural integrity of the Dog River Watershed in Mobile County, Alabama (Ref 1). Guided by the Dog River Watershed Management Plan (WMP), the project addresses key issues such as pollution, litter, stormwater management, and habitat degradation (Ref 2). Funded by the National Fish and Wildlife Foundation's Gulf Environmental Benefit Fund and completed in partnership with stakeholders, the project focuses on implementing targeted restoration activities to improve water quality, protect critical habitats, and increase public awareness and access to the watershed (Ref 2). The Dog River Watershed faces significant hazards, including pollution, sedimentation, erosion, and the impacts of urban development (Ref 3). These challenges are intensified by the watershed’s role as an urban estuary, where land use heavily influences water quality and habitat conditions (Ref 3). To mitigate these threats, the project incorporates pollution prevention measures, shoreline restoration efforts, and community engagement initiatives (Ref 4). By prioritizing scientifically supported actions and aligning with broader environmental goals, the project seeks to restore ecological balance and ensure the long-term health and resilience of the watershed and its connected ecosystems in Mobile Bay (Ref 4).
The Watershed Management Plan for the Dog River Watershed is a key component of the Mobile Bay Shore Habitat Conservation and Acquisition Initiative, which focuses on acquiring, restoring, and preserving habitats and wildlife species affected by the environmental disasters of the Deepwater Horizon oil spill that occurred in 2010 (Ref 6). The project spans three critical areas: 300 acres in the Dog River Watershed (as detailed in this project profile), 450 acres within the Three Mile Creek Watershed, and 40 acres in the Garrows Bend Watershed (not in focus here) (Ref 7).",https://www.mobilebaynep.com/images/uploads/library/Dog_River_Watershed_Management_Plan.pdf,2,1,3,4,2,1,4,1,1,3,4,4,3,3,4,2,10,8,12,12
184,Dublin (FUA),Europe,Corkagh Park,NA,"Corkagh Park, spanning 120 hectares, holds significant historical and cultural value for the local community of Clondalkin. The park offers an extensive range of facilities, including football pitches, a newly redeveloped playground, baseball pitches, cricket amenities, and a purpose-built road cycling track. Over the past two years, Corkagh Park has experienced a notable increase in footfall and usage as visitors are drawn to its expansive open spaces. With its rich vegetation, open wetlands, and rolling hills, Corkagh Park provides a unique environment that caters to both wildlife and human visitors. Since its establishment as a public park in 1986, the park’s vast open spaces have served the local community and attracted visitors from the broader region. Currently, Corkagh Park is surrounded by the Village of Clondalkin and nearby residential developments.
Currently the park goes through a redevelopment process that involves redesign of several areas including introduction of native vegetation. The enhancement of the park is led by the South Dublin County Council and will feature a central hub area at the heart of the park. This hub will feature a coffee shop, an event space, additional seating, and new play areas. Enhancements to the Fairy Woodland Trail will include additional play elements and seating, as well as a new pedestrian pathway linking the lakes, while maintaining and safeguarding the existing mature trees. The project also includes the felling of ash trees affected by Ash Dieback, with these trees being replaced by native specimens to sustain the park’s ecological integrity. Native edge planting buffers will be established to reduce noise from the N7 and promote local biodiversity. Additionally, the project will address the existing car parks by implementing necessary improvements to better accommodate the park’s visitors. (4, 6)",https://www.sdcc.ie/en/services/sport-and-recreation/parks/corkagh-park.html,1,4,3,4,2,0,4,1,2,2,3,4,3,2,1,1,12,7,11,7
185,Cagliari (FUA),Europe,The Music's Park,Il Parco della Musica,"The Parco della Musica in Cagliari, inaugurated in 2011 by the municipality of Cagliari, blends modern urban design with a focus on green spaces, music, and culture. Spanning approximately five hectares, the park features a small, winding artificial river that flows from north to south, creating a micro-habitat for various bird species. This waterway, lined with benches on the western side and open green spaces on the eastern side, offers a peaceful setting for both wildlife and visitors. The use of native plants, trees, and shrubs further enhances the biodiversity.

In terms of construction, the use of sustainable materials like marble paving and wooden platforms reflects a commitment to modern design. This makes the Parco della Musica an ideal venue for hosting events and fostering social interaction where culture can thrive, and people can relax and enjoy fresh, calm spaces. Overall, the Parco della Musica serves as an example of how modern urban spaces can be designed to promote ecological balance while offering cultural and recreational benefits to the community (Refs. 1, 2, 3, 4 & 5).",https://www.comune.cagliari.it/portale/page/it/parco_della_musica?contentId=LGO12345,1,1,1,3,4,0,3,1,4,2,4,1,3,2,1,3,6,8,11,9
186,Kunming (FUA),Asia,Lake Dianchi Freshwater Biodiversity Restoration Project,滇池淡水生态多样性修复项目,"Situated in the southern suburbs of Kunming City, Dianchi is one of the largest freshwater lakes in Yunnan and the sixth largest in China (Refs 1, 2). However, due to rapid industrial development, agricultural activities around the lake, land reclamation, and population growth, Dianchi Lake became severely polluted, ranking among the most contaminated lakes in China. This pollution threatened biodiversity and degraded natural habitats (Refs 1, 2, 3). The introduction of exotic species further disrupted the lake’s ecological balance (Ref 1).
In response, the Kunming Institute of Zoology (KIZ), with funding from the Chinese Government, World Bank and the Global Environment Facility (GEF) launched the Lake Dianchi Freshwater Biodiversity Restoration Project. This initiative aimed to restore natural habitats, improve water quality through biological means, and foster community engagement and institutional capacity, creating a sustainable framework for the long-term conservation of Dianchi's unique freshwater biodiversity (Refs 1, 4).
The project was implemented across four key components: Wetland Management and Restoration, Surveys and Monitoring of Species Conservation, Capacity Building and Training, and Public Awareness (ibid.). The project was rated 'Satisfactory' in terms of outcomes, sustainability, and execution under a comprehensive evaluation framework that employed multiple indicators (Refs 4, 5).",https://documents.worldbank.org/en/publication/documents-reports/documentdetail/688241468770452315/china-lake-dianchi-freshwater-biodiversity-restoration-project,1,4,3,4,4,0,4,2,4,4,4,4,3,4,3,4,12,10,16,14
187,Adana (FUA),Europe,Adana Urban Park,Adana Millet Bahçesi,"The Adana Urban Park was created in 2024, replacing an aged sports stadium (Ref. 6). The park, located in a densely populated part of the city, was designed to enable access to a place for socializing and recreation in the city centre (Ref. 1,2,5). Especially families, youth, and the elderly will benefit from the installed amenities - they include a large public coffeehouse of about 850m², diverse playgrounds, walking, running and cycling paths, as well as several gardens hosting orchards, aromatic plants and other local vegetation (Ref. 1,3,4,5). The park has a total area of ca. 4.8 ha and was approved by the Government of Türkiye - Ministry of Environment, Urbanization and Climate Change (Ref. 3,6). Beyond its social benefits, Adana Urban Park is expected to aid in alleviating the pressure of air pollution in the city (Ref. 4).",https://ontasarim.com.tr/en/project/adana-urban-park-87,1,1,1,3,3,0,2,1,4,2,2,1,2,2,1,1,6,6,9,6
188,Göteborg (FUA),Europe,Välen nature reserve,Välens naturreservat,"Välen is a natural area 8 km south of central Gothenburg, established as a protected nature reserve in 2013. Prior to the establishment of the nature reserve, Välen was an agricultural area that experienced environmental degradation due to pollution from a nearby sewage treatment plant. Västra Frölunda Nature Conservation Association leased the land in 1985 in order to allow cattle to graze through the overgrown meadows as a form of landscaping approach [Ref. 5]. 
The City of Gothenburg took the initiative to protect and manage the area as a protected reserve [Ref. 1, 2]. It is formed of wet meadows and deciduous forests and has a total area of about 68 hectares, of which 52 ha are land and 16 ha are water. Välen is situated by the sea and the mouth of a small river, and protects some of the coastal waters.  Residential areas surround the nature reserve and are a popular destination for recreation [Ref. 1-3]. In creating the nature reserve, efforts were made to make the area more accessible to visit and to provide learning opportunities. New paths, entrances and signs were established [Ref. 3-4]. The nature reserve is described as contributing to several national environmental goals, particularly goals related to biodiversity [Ref. 2].",https://skyddadnatur.naturvardsverket.se/#V%C3%A4len,1,3,3,4,4,1,4,4,3,2,3,1,2,2,3,3,11,13,9,10
189,Detroit (FUA),Northern America,D-Town Farm (DBCFSN),NA,"D-Town Farm, located within Detroit’s River Rouge Park, is a landmark urban agriculture initiative led by the Detroit Black Community Food Security Network (DBCFSN). Since its establishment in 2008, this seven-acre farm—the largest in Detroit—has embodied the organization’s commitment to food sovereignty, justice, and security for the city’s African American community. Each year, the farm cultivates over 30 varieties of fruits, vegetables, and herbs using sustainable and regenerative practices. Key operations include large-scale composting, rainwater retention, solar energy generation, and beekeeping, all of which support its ecological and educational missions.
Beyond production, D-Town Farm serves as a community hub. From May through September, it hosts public events that offer educational and recreational opportunities for children and families. The farm also provides hands-on training for aspiring growers through internships and volunteer programs, fostering community engagement and agricultural skill development. Volunteers play a crucial role in daily operations, with ongoing opportunities available throughout the growing season. 
D-Town Farm’s mission extends beyond agriculture, serving as a platform for broader advocacy. By challenging barriers to food access, it addresses food deserts with a focus on empowerment and education. The farm supports the local economy by supplying fresh produce to restaurants, farmers markets, and residents, while its health-focused initiatives, such as the youth-centered Food Warriors Development Program, aim to reduce health disparities within the community.
The DBCFSN’s work at D-Town Farm exemplifies a model of community cooperation and self-determination, promoting equity and justice in the food system. By engaging with both local and broader urban communities, D-Town Farm not only strengthens Detroit’s leadership in urban agriculture but also contributes to food justice movements nationwide.
(Ref.1,2,3,4)",https://www.dbcfsn.org/copy-of-d-town-farm-2,4,3,2,3,3,0,3,1,4,3,2,1,2,4,3,4,12,7,10,13
190,Lisboa (FUA),Europe,MAAT Green Roof and Park,Jardins do Campus da Fundação EDP (MAAT e Central),"The Museum of Art, Architecture and Technology (MAAT) features a 2,920-square-meter green roof (Ref 8). Located on the riverfront of the historic Belém area in Lisbon, MAAT, inaugurated in 2017, comprises the repurposing of a thermoelectric power station built in 1908 (MAAT Central), a contemporary museum building (MAAT Gallery), connected by a garden that stretches along the Tagus River (MAAT Garden) (Ref. 3). 
Blending structure into landscape, MAAT was designed to allow visitors to walk over and under its building, in which ""the roof becomes an outdoor room, a physical and conceptual reconnection of the river to the city’s heart – where visitors can turn away from the river and enjoy the vista of the cityscape, and at night, watch a film with Lisbon as a backdrop sitting on the bank of steps"" (Ref. 1). This roof, part of AL_A’s (design company) architectural vision, offers panoramic views of Lisbon and the Tagus River (Ref 1), and complementing the green roof is a 225-meter-long garden designed by Vladimir Djurovic, which connects MAAT to the Central Tejo power station. This garden features diverse vegetation (Ref 2, Ref 3, Ref 4).",https://www.maat.pt/pt/event/visita-jardins,2,1,1,3,4,1,3,1,1,2,2,3,2,2,2,1,7,9,8,7
191,Phoenix (FUA),Northern America,Phoenix's First Cool Corridor at Cesar Chavez Park,NA,"Minimizing heat stress is a critical priority for Phoenix, the hottest major city in the U.S., where heat-related deaths reached at least 359 across Maricopa County last year. The city's expansive urban layout and infrastructure exacerbate the urban heat island effect, making an already scorching climate even more hazardous. In addition, heat impacts communities unequally, with some neighborhoods up to 10 degrees hotter than others. Lower-income and predominantly Hispanic neighborhoods often have less canopy cover and fewer resources to combat rising temperatures, making them more vulnerable to extreme heat.
To address this, the City of Phoenix launched the Cool Corridors Program in 2020, a key initiative in its broader climate resilience strategy. This program, a partnership with American Forests and the Phoenix Street Transportation Department, aims to establish a network of shaded pathways that connect communities across the city. These corridors enable residents to travel safely to schools, public transit, and other city hubs, promoting environmental sustainability and public health.
The program prioritizes investment in low-income, heat-sensitive neighborhoods to improve tree equity and create green spaces where they’re most needed. The first Cool Corridor was developed in 2022 at Cesar Chavez Park, where over 250 trees were planted with the support of more than 100 volunteers, setting a strong example for future initiatives. By 2030, Phoenix plans to complete 100 Cool Corridors citywide, building a more resilient and livable urban environment for all residents. (1-5, 7-8, 10)",https://www.phoenix.gov/newsroom/environmental-programs/2321,2,2,2,3,3,0,2,1,4,2,2,1,3,4,2,3,9,6,9,12
192,Dublin (FUA),Europe,North Bull Island,NA,"North Bull Island is a national nature reserve located in Dublin Bay on the north side of Dublin. Supporting both local and migratory wildlife, the area holds several nature conservation designations. It is designated as a special amenity area for its aesthetic and recreational value and forms an integral part of the Dublin Bay Biosphere. The Island, with its 5 km beach located within the capital city and close to the city center, serves as a unique and important public amenity. (1)
The Island is estimated to attract up to 1.4 million visitors annually, including walkers, swimmers, beachgoers, birdwatchers, nature enthusiasts, kite-surfers, and various other interest groups from the local area. Additionally, it is a popular destination for schools, universities, and visitors from Ireland and abroad who come to experience accessible examples of ecological succession across nationally and internationally significant habitats, and to learn about the intricate stories that make North Bull Island Nature Reserve central to a UNESCO Biosphere Reserve and part of a global network of Biosphere Reserves. (1)
The Island and Nature Reserve are managed by the Parks, Biodiversity, and Landscape Services of Dublin City Council in collaboration with the National Parks and Wildlife Service. Dublin City Council has prepared an Action Plan for North Bull Island for 2020-2025 to implement the objectives of the North Bull Island Management Plan 2020. The North Bull Island Oversight Forum, which represents a range of stakeholders, monitors the action plan’s implementation (2). The goal is to conserve the island's environmental qualities and scientific significance while balancing its recreational and amenity value for the benefit of the local community and visitors (8).",https://www.dublincity.ie/residential/parks/dublin-city-parks/visit-park/north-bull-island,2,1,2,4,2,1,4,NA,2,3,3,4,4,4,4,2,9,7,12,14
193,Lima (FUA),Latin America and the Caribbean,Teniente Paiva passage,Pasaje Teniente Paiva,"Over the past 10 years, Lima's population has grown from 8.2 to 9.6 million people. As the city's urban sprawl and population density have increased, green spaces have been replaced by grey infrastructure. Consequently, it has become challenging to ensure that residents enjoy a good quality of life (1, 2, 3). In December 2019, Lima City Hall launched ""Limeños al Bicentenario,"" an initiative to revitalise the city's public spaces (1, 3). This program seeks to transform public areas through low-cost interventions, based on criteria such as vulnerability, citizen participation, and catalytic potential, among others (3). It also aims to foster social cohesion by involving residents in the maintenance of these newly renovated areas, while improving the city's resilience to climate change (1, 2, 3). Since its inception, the project has reclaimed 17 public spaces, covering an area of 41,000 m² (3). 430 trees have been planted, and the project has benefited from the collaboration of civil society and private sector partners (3). The programme also focuses on addressing climate change. Heat waves, droughts, floods and mass migration are the main climate-related risks affecting the city. In particular, the expansion of grey infrastructure at the expense of green spaces has exacerbated the risk of heat waves, causing temperatures to rise by up to 3.5 °C in certain areas of Lima (3).
One of the projects involved the recovery of public spaces in Teniente Pavia. For many years, the space was used as a public parking lot, and at night it accumulated garbage, there was alcohol consumption, drug use, and other problematic issues. There was no vegetation, benches or infrastructure for recreation. The neighbours, especially children, did not have access to green areas or recreational spaces (5). For this reason, in 2020 the project was initiated to repair sidewalks, plant vegetation, create gardens, and install infrastructure for play, rest, and exercise (3, 4).",https://ocupatucalle.com/wp-content/uploads/2023/09/Primera-Infancia_Ocupa-Tu-Calle.pdf,2,1,NA,2,4,0,1,1,4,3,4,NA,2,3,3,4,5,6,11,12
194,Vienna (FUA),Europe,Helmut Zilk park,Helmut-Zilk-Park,"The Helmut Zilk Park, named after the late Mayor of Vienna, is located in the heart of the city, near the central train station. Surrounded by newly constructed residential and office buildings, the park serves as a vital green space, offering a variety of amenities. From playgrounds and sports fields to a community garden and cafés, it provides a space for social interaction and recreation. The park is characterized by large open meadows, which function as rainwater seepage areas, and features over 500 trees along its pathways., as well as community gardens. Flower groves enhance the park’s visual appeal while also providing habitats for local wildlife. The natural edges of the park create a diverse urban biotope that supports various plant and animal species. Grass and meadow communities have been carefully planned to enhance biodiversity and provide wet, humid habitats that help infiltrate rainwater from the surrounding paved areas. Already in its first year, the park has become home to insects, small animals, and even larger species like rabbits and snakes, contributing to its rich ecosystem.
The park was developed by the local municipality of Vienna on a site that was once part of the city's railway track system. It is the largest park the city has created in the past 40 years, designed to serve as a recreational area for both local residents and travelers using the nearby train station.
This project is part of a broader urban development initiative around the former Southern Railway station, led by Austria’s Federal Railways Company (ÖBB) and the City of Vienna. The plans included residential housing, office spaces, social infrastructure, and the creation of the Helmut Zilk Park.
Spanning approximately 70,000 square meters, the park stands as the largest public green space created in Vienna in four decades. The central area of the park features a large lawn, perfect for picnics, ball games, and recreational activities. (Ref. 1, 2, 3, 8)",https://www.wien.gv.at/umwelt/parks/anlagen/helmut-zilk-park.html,2,2,1,4,4,0,4,1,2,2,4,NA,4,2,1,1,9,9,8,8
195,Lisboa (FUA),Europe,Ocean Alive: seagrass meadow in Cambalhão Bay,NA,"The project aims to protect seagrass meadows, which are vital habitats for the prey of resident dolphins and essential to the local fishing economy.  The initiative involves local fisherwomen, called ""Keepers of the Sea,"" in activities such as marine education, awareness campaigns, and monitoring the health of the seagrass meadows (Ref 1). Founded in 2015, Ocean Alive aligns with several UN Sustainable Development Goals, including ocean conservation, gender equality, quality education, and climate action (Ref 4). The project is supported by partnerships with UNESCO and other organizations, and it extends its efforts to Portuguese-speaking African countries. Ocean Alive’s activities also include advocacy for blue carbon ecosystems and programs that involve community engagement and social innovation (Ref 2, Ref 5).
One of several implementation projects targeted safeguarding the young seagrass meadow at Cambalhão Bay, at the entrance of the Sado estuary, as an Ocean Alive’s initiative in partnership with SeaTrees by Sustainable Surf (Ref. 2). The Cambalhão meadow is made up of 202 patches of seagrass. Unregulated shipping is one of the factors in the degradation of the prairie, and to protect it, Ocean Alive is running a campaign to raise awareness about recreational boating (Ref. 6).",https://www.ocean-alive.org/en/about-us,2,NA,NA,NA,4,NA,NA,NA,2,3,NA,NA,3,4,2,3,2,4,5,12
196,Thessaloniki (FUA),Europe,EPAL Stavroupoli Green roof,Πράσινου δώματος και κάθετων κήπων στα ΕΠΑΛ Σταυρούπολης,"The city of Thessaloniki is tackling the energy crisis and climate change risks by prioritizing the installation of green roofs and green walls on school and municipal buildings as part of its resilience strategy, Thessaloniki 2030 (Ref 1, 2). One key project under this strategy has been implemented at EPAL Stavroupoli, one of the largest school complexes in the metropolitan area. The school, with a total built area of 11,918 sq.m and roof surfaces covering 6,042 sq.m, now includes a green roof covering 3,087 sq.m with 25,000 ground-cover plants, along with a vertical garden on three walls at the entrance, covering 100 sq.m and featuring 3,098 plants (ibid.).
The project is expected to yield multiple environmental benefits, such as reduced energy losses, improved thermal performance, enhanced sound insulation, better rainwater management, decreased runoff, and retention of harmful particles, all of which contribute to upgrading the area's green infrastructure (Ref 1). This initiative also strengthens the green fabric of western Thessaloniki and improves the local microclimate while addressing rainwater management issues (Ref 3, 4).",https://pavlosmelas.gr/epalstavroupolis_ergo_fitemenodoma_2022/,2,1,1,2,2,0,1,1,3,3,4,1,2,2,2,2,6,4,11,8
198,Fort-de-France (FUA),Latin America and the Caribbean,Plant-based filter water treatment,Une nouvelle station d'épuration écologique à Saint-Joseph,"In 2024, Ozanam (a housing private company) and the French Development Agency (AFD) formalized a partnership to modernize an ecological wastewater treatment plant in Saint-Joseph, a neighborhood in Fort de France. The project focuses on replacing an outdated 30-year-old installation that no longer meets current standards with a plant-based water filtration system based on the ‘Rhizosph’air’ patent. This innovative treatment process utilizes ""filter gardens,"" which combine mechanical systems, a gravity network, and a phytoremediation approach. The system employs filters made of gravel and the roots of local plants, specifically Strelitzia reginae and Cyperus alternifolius, to naturally and effectively filter wastewater without odor (Refs 2, 3, 4).
The nature-based system purifies wastewater over an area of 2,000 square meters, with a capacity equivalent to serving 900 residents. This approach offers several advantages, including reduced maintenance costs due to its simplicity, decreased energy consumption compared to traditional treatment methods, and improved water quality released back into the environment (Ref 2). Beyond its technical efficiency, the filter gardens enhance biodiversity (Ref 2) by improving the quality of water discharged into the environment and providing habitats for various species. The solution also integrates seamlessly into the landscape, showcasing vibrant flowers native to the area (Ref 1). 
Additionally, the project implementers plan to construct a walking path, provide recreational equipment, and install benches to encourage residents to utilize the area as a public green space (Refs 2, 5).",https://www.ozanam-hlm.fr/nos-actualites/le-personnel-de-lafd-visite-la-step-de-chapelle,1,NA,NA,NA,4,NA,NA,NA,2,2,NA,NA,3,3,3,3,1,4,4,12
199,Göteborg (FUA),Europe,Färjenäs Agroforestry Garden,Färjenäs skogsträdgård,"The Färjenäs Agroforestry Garden started in 2013 in the Färjenäs park in Hisingen, Gothenburg. A group of people interested in agroforestry started a study circle on the topic the year before and then formed an association to apply their knowledge in practice. The City of Gothenburg helped the project get started by providing some funding and finding a 2000 sqm spot for the garden on land owned by the city. The Färjenäs agroforestry garden association is run by volunteers, who have planted about 200 different species of trees, bushes and herbs that produce produce. The planting and management of the garden aims to promote soil health and biodiversity. The association received funding from the Swedish Environmental Protection Agency in 2020 and partnered with the Natural History Museum in Gothenburg to further promote biodiversity and wild pollinators, and has partnered with a local beekeeping association to establish a beehive in the garden. The garden is open to the public and invites the public to educational activities and working events such as planting. The association aims to be a meeting place for locals and visitors from all over the city, with different cultural backgrounds and generations. Several courses and educational programs within agroforestry, agriculture and gardening have been held at the garden. [Ref. 1-7]",https://www.farjenasskogstradgard.se/info.html,2,3,3,2,4,0,2,1,4,1,2,2,4,2,2,3,10,7,9,11
201,Vienna (FUA),Europe,Regreening in Seestadt Aspern,Nachbegrünung in der Seestadt Aspern,"The regreening project is located in Seestadt Aspern, a newly developed urban area in Vienna's Donaustadt district. Two years after the completion of buildings, streets, and squares, the ground was reopened in 2022 to address the challenges posed by urban heat islands. Pavement was removed, and trees and shrubs were planted to provide shade, create insect habitats, and open seepage areas for rainwater. Additional features like benches, a water station, and water jets were installed to enhance the area's livability. These measures improve the overall quality of life, offering residents green spaces to relax and opportunities to cool down through water play.
The project spans three connecting squares in Seestadt: Wangari Maathai Square, Simone de Beauvoir Square, and Eva Maria Mazzucco Square. In 2022, Wangari-Maathai-Platz and Simone-de-Beauvoir-Platz underwent intensive regreening. By 2023, Eva-Maria-Mazzucco-Platz in the Seeparkquartier was similarly transformed with additional greenery and cooling features. Under the slogan ""Out of the Asphalt,"" one of Europe's largest and most innovative urban development projects took a significant step toward improving quality of life.
In 2023, over 1,100 square meters of asphalt were removed and greened. This effort included the creation of 12 new green beds planted with grasses, perennials, and shrubs. The design also introduced two square-like recreation areas with existing seating elements surrounded by green beds, providing shaded, pleasant spaces for relaxation.
The Eva-Maria-Mazzucco square was designed by a local NGO specializing in citizen engagement in urban development, while the project's overall initiation and implementation were led by the City of Vienna, the Donaustadt district, and Wien 3420 Aspern Development AG. This collaborative effort demonstrates how regreening initiatives can mitigate heat islands, foster urban biodiversity, and create more attractive, livable spaces. (Ref. 1-3)",https://www.wien.gv.at/stadtplanung/aspern-seestadt-nachbegruenung,4,1,4,2,2,0,1,1,3,2,3,1,3,3,2,3,11,4,9,11
202,Phoenix (FUA),Northern America,The Food Forest Cooperative,NA,"In Phoenix, many residents live in dead zones with little or no access to fresh food. These zones are called 'food deserts,' which represent a low-income area with low access to a grocery store (3). Out of the 43 food deserts identified by the city, 18 are fully or partly in south Phoenix (2-3). In 2017, Two researchers from Arizona State University’s School of Sustainability and Leuphana University Lüneburg in Germany began exploring the idea of creating a sustainable food forest cooperative in Phoenix to provide fresh, healthy food, supporting local entrepreneurs, and promote environmental sustainability (1). The project's development team spent months immersing themselves in the world of food forests, by exploring different types of community gardens, discussing preferred characteristics, anticipating local challenges, and identifying potential collaborators (1). As a result, The Food Forest Cooperative was established and planted roots in a 0.5 acre (0.20 ha) plot within the Spaces of Opportunity Community Garden in 2022 (1). This food forest engages the local community by offering educational opportunities around the value of culturally relevant, whole fruits and vegetables, medicine making, and learning about the many uses of edible/medicinal plants (4). The Food Forest Cooperative as a multi-generational project that members preserve for their children, and their children’s children (2). The intention behind the project is to address food insecurity in south Phoenix and empowering the community to take ownership of it and reconnect with their ancestors through the land and food (2). Through the Cooperative, members can contribute different skills, from administrative work to manual labor to community education and traditional medicine (2). It was created to empower community members and challenge the patterns of our food system through the blending of environmental, social and economic goals (4).",https://www.foodforestco-op.com/a,1,1,2,3,3,0,3,1,4,2,3,1,2,4,2,4,7,7,10,12
203,Fort-de-France (FUA),Latin America and the Caribbean,Urban integrated farm of Desclieux,La ferme d'agriculture urbaine integréee de Desclieux,"As part of France's New National Urban Renewal Program (NPNRU) and its strategy to enhance urban quality of life, the Urban Integrated Farm in Desclieux was established in 2021, with a particular emphasis on urban agriculture.
This project is implemented by the Centre de Culture Populaire Ypiranga de Pastinha Martinique (CCPYPM or Ypiranga Martinique) in collaboration with the city of Fort-de-France and is located in the socioeconomically disadvantaged Ravine-Bouillé neighborhood. It aims to create a farm on a 2-hectare former military site that previously housed fuel cisterns connected to the French Navy at Fort Saint-Louis. Since falling into disuse in the 1990s, only the reinforced concrete structures remain. 
The farm will feature various activities, including a composting zone, a café, a beehive, a botanical trail, a play garden, and areas for crop and animal production. Additionally, it will house a decontamination and materials library and a public living space for community use. Overall, this site aims to serve educational, recreational, and socioeconomic purposes, enriching the local urban ecosystem.
Even though the intervention commenced in 2021  it has encountered several challenges since 2022 due to administrative hurdles. The implementers are currently awaiting temporary authorization to proceed. The primary obstacle remains the development and execution of a comprehensive soil decontamination plan. (Ref 2; 3; 4)",https://www.anru.fr/actualites/decouvrez-les-27-premiers-laureats-de-quartiers-fertiles,1,2,4,3,1,0,3,1,2,2,2,2,2,3,2,3,10,5,8,10
204,Lima (FUA),Latin America and the Caribbean,Fog Water Farm Park and Gardens,Jardines saludables en Eliseo Collazos,"Eliseo Collazos is located in the coastal desert ecosystem of the Lomas or ‘fog oasis’, an area that receives less than 10 mm of rainfall per year. Vegetation cover is of particular importance in the hills surrounding Lima, as it provides critical solutions to erosion, landslides and soil degradation in the ecologically degraded ecosystem of the Lomas. However, this ecosystem is facing risks from urbanisation, illegal mining and agricultural practices, resulting in the lack of the delicate mist-fed greenery for which the Lomas are known (2). This has led to increased particulate matter in the air due to exposure to sand and wind, aggravating respiratory diseases such as tuberculosis, which is prevalent in Lima's informal communities (2).
Low-income communities have inhabited this area, forced to migrate from the rainforest, highlands and city to the desert slums (4), who have only been able to settle in these landscapes with little access to resources, prone to disaster risk, little public investment in infrastructure and little access to green spaces (2). As a result, these communities live in poor conditions (1). For this reason, in 2013, the University of Washington, under its Urban Informal Communities Initiative programme (1), initiated a participatory project that sought to address the challenges faced by the inhabitants of this area (1, 2). In a series of participatory workshops, residents identified greenspace and food security as top priorities in their community; the Gardens, Greenspace and Health project responds to these priorities as an initial step towards the expansion of greenspace, agriculture and ecological restoration in and around the Eliseo Collazos community (2, 4). 
Although individual families constructed them, the front yard gardens contribute to a shared public realm and community greening (4). The general project also involved the installation of fog catchers and the creation of common recreational spaces (4).",https://www.landscapeperformance.org/sites/default/files/Eliseo-Collazos-Fog-Water-Farm-Methods_0.pdf,2,2,NA,4,3,0,1,1,4,3,4,1,2,3,3,4,8,5,12,12
205,Lisboa (FUA),Europe,Sand Dunes Restoration in Almada,ReDuna,"The ReDuna project, initiated in 2014, focuses on restoring the sand dune ecosystem in Costa da Caparica (Almada) in response to severe coastal erosion exacerbated by sea-level rise and winter storms. It aims to strengthen the resilience of dunes to environmental pressures while restoring ecological balance. Actions include sand nourishment, the installation of willow sand fences, and the planting of 100,000 native species. Community engagement was a key factor, involving local residents, NGOs, and schools in maintenance and replanting efforts. The project has been successful, with significant biodiversity recovery, establishing deep-rooted vegetation, and stabilising the dunes. Ongoing monitoring and adaptive management are central to its strategy, ensuring long-term sustainability. The ReDuna project serves as a replicable model for similar coastal protection initiatives globally (Ref 1).",https://networknature.eu/casestudy/22495,4,4,2,3,4,1,3,1,3,1,2,2,3,3,3,2,13,9,8,11
206,Detroit (FUA),Northern America,Oxygen Alley - Arboretum Detroit,NA,"The Oxygen Alley project, developed by the NGO Arboretum Detroit, is a green space located in the Poletown East neighborhood of Detroit. Spanning four formerly abandoned lots, the project, completed in 2023, serves as a significant environmental and community initiative aimed at improving local resilience and promoting environmental justice. Named in recognition of the closure of the Detroit waste incinerator—a major source of pollution for over 30 years—the project replaces a long-abused landscape with a thriving greenway that enhances both the ecological health and social well-being of the area.
Key features of Oxygen Alley include the planting of air-filtering trees and the creation of a shaded greenway lined with wildflowers, benches, and walking paths. This new green space not only provides a recreational area for residents but also functions as a natural air conditioner, stormwater sponge, and wildlife habitat. It addresses the neighborhood’s lack of tree cover, offering shade and cleaner air while helping mitigate the effects of climate change.
The project also underscores the neighborhood's longstanding struggle for environmental justice. The removal of 400 feet of asphalt and the remediation of a polluted landscape highlight the community’s efforts to reclaim and revitalize their environment. Oxygen Alley serves as both a functional green space and a monument to the residents’ victories over the waste industry, symbolizing their continued fight for clean air and livable spaces.
Supported by grants from the City of Detroit, Michigan Department of Natural Resources, and DTE Energy Foundation, among others, the project was brought to life through over 300 hours of volunteer labor. The creation of this greenway not only improves the neighborhood’s walkability but also offers a vision for a more sustainable and equitable future, serving as a model for urban revitalization projects across Detroit and beyond.
(Ref.1,2,3)",https://www.arbdetroit.org/oxygen-alley,2,3,4,2,4,0,2,1,4,2,2,1,4,3,3,4,11,7,9,14
207,Marseille (FUA),Europe,The Great Aygalades Park,Le Grand Parc des Aygalades,"The Grand Parc des Aygalades project involves the creation of a 14-hectare metropolitan park (connecting Aygalades Park with Bougainville Park and François Billoux Park) that will connect the northern neighbourhoods of Marseille to the port located further south (Ref 1). This project is part of the green conversion of Marseille's northern districts, historically among the most disadvantaged areas in France (Ref 1). The Grand Parc des Aygalades project will enhance the city's greenery, reduce flood risks, create cool zones, restore and develop biodiversity, and significantly improve residents' quality of life and air quality (Ref 1, Ref 2). The environmental and social challenges include reconnecting the populations of these neighborhoods to green spaces, services, education, sports opportunities (Ref 2). 
The park project includes redesigning urban infrastructure to improve rainwater absorption and reduce flood risks, addressing the issue of impermeable and artificialized soils that exacerbate flooding during heavy rainfall (Ref 1). It also involves renaturing a 17-kilometre-long stream currently buried under railway tracks, improving flood management and rainwater drainage (Ref 1, Ref 4). The project will also convert a heavily degraded former industrial site, requiring the rehabilitation of polluted soils (Ref 1). Additionally, creating green corridors aims to mitigate the heat island effect, particularly severe in these northern districts due to the high concentration of buildings and concrete surfaces, and the lack of green spaces. Public participation will be encouraged through information meetings, thematic workshops, and an online platform for submitting ideas and feedback (Ref 4).",https://www.euromediterranee.fr/projets/le-parc-du-ruisseau-des-aygalades,2,1,3,4,2,1,4,1,2,3,4,3,4,3,3,3,10,8,12,13
208,Iaşi (FUA),Europe,Planting Oxygen in the Community,Plantam Oxigen in Comunitate,"Planting Oxygen in the Community is an initiative initiated by the medical company Antibiotice S.A., one of the largest drug producing company in Romania, with headquarters in Iasi. The initiative involves an annual tree plantation campaign that has been carried out over the past four years. Originally implemented in cooperation with the municipality of Iași, the campaign is now independently managed by the medical company Antibiotice S.A. The selected planting area is located adjacent to the company headquarters in Iași and consists of undeveloped grassland.
Throughout the campaign, a total of 1,175 trees and 6,000 shrubs have been planted, including species such as oaks, lindens, and maples. The initiative has engaged 310 volunteers from the company to assist with the planting efforts.
The campaign aims to achieve several goals: rehabilitating green spaces, protecting the environment, reducing carbon emissions, mitigating the effects of climate change, and providing cleaner air for future generations. Additionally, it seeks to enhance the company’s environmental impact and foster social interaction among employees by reconnecting them with nature.
(1-8)",https://www.antibiotice.ro/noutati/plantam-oxigen-in-comunitate-2/,2,1,2,3,3,0,3,1,4,2,2,1,3,2,3,4,8,7,9,12
210,Phoenix (FUA),Northern America,Silvestre Herrera Elementary School Tree Planting,NA,"As heat waves and high temperatures intensify due to climate change and urbanization, the City of Phoenix is exploring how to reintroduce tree shade into urban spaces to create a more equitable, livable environment. In 2014, the city set a goal to shade at least 25% of Phoenix by 2030, known as the Tree and Shade Master Plan. Achieving this ambitious target requires substantial resources and active community participation.
A key player in this initiative is Trees Matter, an environmental nonprofit dedicated to helping Phoenix reach its shade goals. Trees Matter not only works to expand and sustain the city’s tree canopy but also aims to foster environmental equity. Among its initiatives, the Trees for Schools program promotes tree planting in schools while educating staff and students about the significance of trees and tree care.
Silvestre Herrera Elementary School is one example where the Trees for Schools program has made a direct impact. As part of this program, 30 trees were planted on the school grounds, involving students, staff, and community volunteers in the process. These new trees offer critical environmental benefits, including shade, air purification, dust reduction, food production, and carbon sequestration. Additionally, tree presence has been linked to improved physical and mental health outcomes.
Beyond the immediate environmental gains, the project also offers educational value by involving students, staff, and maintenance crews in hands-on learning about tree care and environmental stewardship. This approach ensures that participants are equipped with the knowledge and skills needed to care for the trees long term, reinforcing both sustainability and community resilience.
Through these combined efforts, Phoenix is making strides toward a greener, more shaded future—one that benefits not only the environment but also the well-being and health of its residents. (1-5)",https://www.azfamily.com/2022/12/13/aps-elementary-school-trees-matter-plant-trees-give-back-valley/,2,2,2,3,1,0,4,1,4,1,2,2,3,3,1,3,9,6,9,10
212,Lima (FUA),Latin America and the Caribbean,"Community gardens ""Molihuertos""","Programa ""Molihuertos""","In response to rising food prices and knowing that much of the country's agriculture depends on imported chemical fertilisers, the Municipality of La Molina has developed the Molihuertos programme to provide the residents of the district of La Molina with organic crops for their own consumption and to improve their food security (1, 3). As part of the programme, the municipality implemented municipal plots in different parks in the district. Eleven plots were installed in O'Higgins Park, where residents actively participate in the planting and subsequent harvesting of vegetables, aromatic and medicinal plants, which they consume by themselves (2, 3). Through the programme, the municipality trains and provides different varieties of vegetables and aromatic herbs to more than 800 currently enrolled residents (2). These gardens are managed under organic agriculture, which would help to mitigate a possible overpricing and/or shortage of vegetables in Lima, as they do not depend on chemical fertilisers such as urea, but on organic fertilisers such as compost and manure (3). In addition, residents can sign up to receive drawers with planted vegetables so that they can plant and harvest them at home, either for self-sufficiency or to sell if they wish to do so in the itinerant markets organised by the municipality (9).",https://portal.munimolina.gob.pe/molihuertos-y-fonoarbol/,1,3,1,2,3,0,2,1,4,1,3,1,2,2,2,3,7,6,9,9
213,Iaşi (FUA),Europe,Greening the Luceafarul Theater Esplanade,Esplanada Teatrului „Luceafărul”,"The greening of the Luceafarul theater esplanade is an initiative that is part of a corporate social responsibility strategy by the real estate company IULIUS (3, p. 86 & 89). The initiative aimed to expand and complement the green spaces and landscape design of the company's urban ensemble, Palas, located in the center of Iași (1 & 2). The space was previously occupied by a building owned by the company (5). Initially, the plan was to transform the building into a business center after donating it to the municipality (8). However, IULIUS and the Municipality of Iași agreed to demolish the structure and design a public space for the citizens instead (5 to 8). This decision was also influenced by the public’s desire to keep the area open, maintaining a clear view of the historical landscape, which was later incorporated into the municipality’s urban planning (8 & 9).
The design features a green field of 2,100 square meters, including 35 trees of various species (chestnuts, plane trees, and Ginkgo Biloba imported from nurseries in Italy) and 3,000 shrubs and bushes (1 & 2). The vegetation is maintained through an automated irrigation system (1 & 2).
The initiative aims to improve access to green spaces in Iași (3, p. 86) and to provide a space for recreation, relaxation, and leisure, with benches installed throughout the area (1 & 2). IULIUS intentionally places green space projects in central urban areas to ensure they are accessible to all residents (3, p. 86). Additionally, the municipality requested that the green space enhance the area's microclimate and improve the aesthetic appeal of the surrounding cultural landmarks (9, p. 6).",https://apix.ro/esplanada-din-fata-teatrului-luceafarul-ii-asteapta-pe-ieseni-cu-o-noua-amenajare-peisagistica/,2,1,NA,2,4,0,1,1,4,3,4,1,3,2,3,4,5,6,12,12
214,Göteborg (FUA),Europe,Flowering roadsides,Blommande vägkanter,"Two stages of a project called ""Flowering roadsides"" have been created along a bike road stretch measuring 6,5 km between the areas of Gunnilse and Bergum in the eastern part of the City of Gothenburg. The projects came to be through citizens' initiatives and are carried out in cooperation between the City of Gothenburg and two local NGOs: The Bergum-Gunnilse Development Association and the Gothenburg branch of the Swedish Society for Nature Conservation (Gunnilse-Bergum utveckling & Göteborgs naturskyddsförening). The first stage of the project was carried out in 2021 and focused on taking inventory of species and ecosystems along the stretch and suggesting management options to promote biodiversity. The second stage is carried out from 2022 to 2024 and focuses on implementing and evaluating alternative management options to today's conventional management. Mowing and scraping are carried out to disturb weeds and benefit meadow flowers. Sand has been placed to create a habitat for wild bees. Signs were put up along the stretch to inform the public of the initiative, and benches will be renovated to create opportunities for recreation. The project receives funding from the Swedish Environmental Protection Agency through their local nature conservation investment, LONA. The project falls under the umbrella project of ""the world's longest meadow"", organised nationally by the Swedish Society for Nature Conservation [Ref. 1, 3, 4]. The goal of that project is to transform 1000 km of Swedish roadsides into flowering meadows with high biodiversity richness [Ref. 2].",https://goteborg.se/wps/portal/enhetssida/Innovation-och-utveckling-far-framtidens-mobilitet-i-Gateborg/pagaende-projekt/lonaprojektet-blommande-vagkanter-20222024,1,1,2,3,4,0,3,1,1,2,2,1,2,2,2,2,7,8,6,8
215,Phoenix (FUA),Northern America,Grant Park Neighborhood Tree Planting,NA,"Phoenix is America’s fifth largest and hottest city, a sprawling urban heat island which has expanded without adequate consideration to climate and environmental factors like water scarcity and extreme heat (1). ​Multiple heat records were broken in 2023 including 133 days over 100F (37.7C), and 55 days topping 110F (43C) (1). Only around 9% of Phoenix is protected by tree canopies, yet this citywide figure masks vast inequities between wealthy, majority-white neighborhoods (1). As a response, the City of Phoenix has adopted an equity-driven heat mitigation plan to create a shadier, more livable environment amid rising temperatures and hundreds of heat-related deaths (1). Part of this plan created the Community Canopy Grant program, which offers public schools, churches and homes in qualifying census tracts – low-income neighborhoods with little shade funds for tree planting projects (1). One neighborhood, Grant Park is one of the city’s oldest neighborhoods – and one of the most neglected (1). It is a red lined neighborhood with higher pollution levels, less vegetation, more noise pollution and higher temperatures (1). To change the inequity and create enough shade to provide residents and passersby reprieve from the heat, the city planted around 40 trees in the Grant Park neighborhood within household yards (1-2). Residents can choose from a list of 19 native and desert-adapted trees including the Texas olive, Chinese red pistache and Chilean mesquites (1). The trees, which are a couple of years old and pretty heavy, are planted by contracted arborists (1). Following the planting process, each household was provided with a tree kit – a hose, irrigation timer and instrument to measure the soil pH and moisture, as well as written care instructions (1). This is the fourth tree planting effort by this city and the hope with this initiative is that it lasts (1).",https://www.theguardian.com/environment/2024/apr/17/pheonix-arizona-hottest-city-tree-planting-shade,2,1,2,4,3,0,4,1,4,2,3,1,3,2,2,3,9,8,10,10
217,Lisboa (FUA),Europe,Caracol da Penha Garden,Jardim do Caracol da Penha,"The Jardim do Caracol da Penha project transformed a vacant urban area into a community garden and recreational space in Lisbon. Initially planned as a parking lot, the project was reimagined by local residents, led by Rita Vieira Cruz, and submitted to the Participatory Budget in 2016, garnering over 9,000 votes (Ref 2). The one-hectare garden connects the Arroios and Penha de França parishes and features leisure areas, an amphitheatre, playgrounds, and a community garden (Ref 4). Its design was shaped by citizen input, emphasizing sustainability and accessibility, with plans to support activities such as outdoor cinema and community gatherings (Ref 2).",https://lisboaparticipa.pt/pt/news/inauguracao-do-jardim-do-caracol-da-penha-projeto-vencedor-op-2016,1,1,1,3,4,0,3,1,4,3,4,1,2,2,1,4,6,8,12,9
218,Thessaloniki (FUA),Europe,Redevelopment of a Green Zone along the Byzantine Walls (Eptapyrgiou Street),Ανάπλαση ζώνης πρασίνου κατά μήκος των βυζαντινών τειχών (Οδός Επταπυργίου),"The green belt regeneration project along the Byzantine Walls of Thessaloniki aims to revitalize the neglected green spaces surrounding these historic fortifications, which span 4 kilometers and are recognized as a UNESCO World Heritage site for their remarkable Byzantine architecture. The walls are located in Thessaloniki’s densely populated Upper Town, a factor that contributed to their environmental degradation.  As such, the project focuses on restoring the degraded space surrounding the walls, improving the urban microclimate, and strengthening urban resilience while maintaining the area’s traditional character. By integrating heritage conservation with sustainable green infrastructure, the initiative seeks to provide both environmental and social benefits to the local community. Proposed by the Municipality of Thessaloniki and approved by the Greek government as part of a program that focuses on Central Macedonia, the project envisions a revitalized green zone along the walls, with vegetation and different types of trees being planted. However, some local families have expressed concerns, as the project involved the demolition of certain homes in the officially designated green belt area. (Refs. 1, 2, 3, 4, 14).",https://anaptyxi.gov.gr/ErgoPopup?mis=5062208#pageEpiskopisi,2,1,3,4,4,1,4,1,4,4,4,4,3,2,3,4,10,10,16,12
219,Cartagena (FUA),Latin America and the Caribbean,Restoration of the green area on Lago Avenue,Recuperación de zona verde en Avenida del Lago,"The Recovery of Green Area on Avenida del Lago is a group of activities aimed at restoring and preserving the ecological integrity of green space within an urban setting. This project involves multiple stakeholders, including the ""Establecimiento Público Ambiental"" (EPA) Cartagena, ""Fundación Verde Que Te Quiero Verde"", Asopopa, and local businesses such as Crepes and Wafles and Centro Comercial Caribe Plaza. The primary focus is environmental restoration, sustainable urban mobility, and public space recovery (ref 1). The project aims to rehabilitate the degraded green spaces along Lago Avenue by enhancing urban greenery, restoring mangrove ecosystems, and improving public access and mobility. It also focuses on reducing pollution, preventing informal waste disposal, and raising environmental awareness among local communities and businesses. These activities align with broader efforts to promote ecological sustainability and enhance urban resilience (ref 1, 3). Since 2020, activities have included the planting of trees, mangroves, and other native vegetation in the green spaces of the avenue. Regular clean-up campaigns have been organized to remove solid waste, and community education programs have been conducted to promote environmental stewardship (ref 2). Previously, Lago Avenue was an area plagued by pollution and homelessness, and with the project, the intention is to gradually transform the area into a wooded area or productive park (ref 2).",https://www.cartagena.gov.co/noticias/continua-recuperacion-zona-verde-avenida-lago,1,1,3,2,4,1,2,1,3,1,4,1,2,3,1,2,7,8,9,8
220,Miskolc (FUA),Europe,Horvath-hill recreational green area development,Aktív rekreációs zöldterület fejlesztése a Horváth-tetőn,"The ""Active Recreational Green Area Development at Horváth-tető"" in Miskolc is a project aimed at revitalizing a central yet underutilized urban space, commissioned by the Municipality of Miskolc in 2017. A distinctive feature of Miskolc is the Avas hill, located in the city center, which beautifully blends nature with urban elements. Despite its potential, the area had been neglected, particularly following the decline of vineyard culture and the reduced use of old wine cellars. To address this, a comprehensive development plan was initiated to rejuvenate the Avas region, with Horváth-tető at its core.
The project aimed to transform the area into an outdoor recreational hub for all age groups. The hill's historic terraces, once popular promenades, were repurposed into distinct, multifunctional spaces. Sports enthusiasts can enjoy facilities such as street workout stations, an outdoor gym, a skate park, a climbing wall, and parkour elements. For those looking to relax, picnic areas, sunbathing spots, and a retro-style terrace are available. The entire development prioritizes accessibility, providing inclusive options for visitors with mobility challenges.
The park also features significant landscaping, including the planting of trees, shrubs, perennials, ornamental grasses, and ferns, enhancing its overall appeal. Infrastructure improvements were made, including the restoration of stairs, paths, retaining walls, and the rainwater drainage system. A special shallow basin was designed to collect rainwater and support plant roots while also serving as a playful area for dogs within the dog park.
Since its opening in 2022, the park has become a popular destination, offering a tranquil escape in a beautiful setting. It provides a wide range of recreational opportunities for people of all ages, making it a valuable addition to Miskolc’s urban landscape and connecting the historical Avas hill with modern city life.(Ref.1,2)",https://www.miskolc.hu/aktiv-rekreacios-zoldterulet-fejlesztese-a-horvath-teton,2,4,4,3,4,0,3,1,4,3,3,2,2,2,2,4,13,8,12,10
221,Adana (FUA),Europe,Adana Riverside Central Park,Merkez Park,"The Adana Central Park stretches along both riverbanks of the Seyhan River. The idea was first introduced by the former mayor of the city, Aytaç Durak, in the late 80s to address the need for accessible green spaces in the developing area (Ref, 2). Previously, citrus gardens and informal settlements were located on these riverbanks, which now host over 400.000 plants and 67 different tree species on an area of 33 ha (Ref. 2,5,6). In 1998 construction of the park began, which lasted until 2004 (Ref. 2,5). The park is appreciated by visitors for its aesthetically landscaped appearance and the many amenities for children, youth, relaxation and socializing (Ref. 7). The two sides of the river are connected via bridges or, alternatively, visitors can board the Venetian style gondolas to access either side (Ref. 5). In 2021, park lighting infrastructure has been extensively replaced to ensure accessibility and safety during day and nighttime (Ref. 3).",https://www.adanabaska.com/en/3/exceptional-adana/bir-baska-doga/adana-central-park/22/157,1,2,2,4,4,0,4,1,4,2,2,4,3,1,1,1,9,9,12,6
222,Cagliari (FUA),Europe,Protection of Fossil Beach - Molentargius,Tutela della spiaggia fossile di Molentargius,"The Molentargius-Salt Works Regional Natural Park, spanning approximately 1,600 hectares, is located in South Sardinia between the towns of Cagliari and Quartu Sant'Elena, adjacent to the Poetto seafront. The park features diverse ecosystems, including wetlands and salt flats, and houses the Orto Botanico di Cagliari, which showcases native Mediterranean plants.
In 2016, a project was initiated by a group of stakeholders to preserve and enhance biodiversity within the park. The project's goals are to protect and promote the unique ecosystems, such as the fossil beach, and manage invasive species like the Louisiana crayfish. Through various activities—educational programs, public engagement, and conservation efforts—the initiative aims to raise awareness and deepen understanding of local biodiversity and its historical evolution.
A primary focus of the project is the conservation of the Orto Botanico area in Is Arenas, which contains a fossil beach that offers valuable geological insights into the region's past. Planned activities include cleaning and securing the area, creating educational pathways, and employing multimedia tools to engage visitors. The emphasis is on teaching the public, especially students, about biodiversity as a result of environmental adaptation through practical learning and cultural exchanges.
Another critical aspect of the project is the study and control of the invasive Louisiana crayfish, which threatens the park’s biodiversity by contributing to riverbank erosion and impacting native fauna. The project will incorporate scientific research on the crayfish and develop strategies to limit its spread, aiming to protect the park’s delicate ecosystems from further disruption by invasive species.
Lastly, the project emphasizes cultural exchange and social inclusion and fosters dialogue on the shared ecological challenges in Parco Molentargius.  (Refs. 1, 2 & 5)",http://www.apmolentargius.it/progetto/,2,1,1,4,4,1,3,NA,4,4,2,4,3,3,2,4,8,8,14,12
223,Cartagena (FUA),Latin America and the Caribbean,Tree planting in the El Pozón neighbourhood,Siembra de árboles por aniversario de Cartagena,"This initiative is a community-based urban greening effort targeting environmental and social co-benefits in Cartagena’s El Pozón neighbourhood. It involved the planting of 491 fruit and timber trees along a 1,500-meter linear stretch, covering nearly two hectares in the Terraplén sector of the neighbourhood. Led by the ""Establecimiento Público Ambiental"" (EPA), it was developed in collaboration with various stakeholders, including the Gerencia de Espacio Público, Guardia Ambiental, SENA students, the Police, and community members (ref 1, 2). The project's primary goal was to enhance the environmental quality and aesthetics of the El Pozón neighbourhood by planting trees that provide ecological benefits, such as improving air quality, reducing temperatures, and enhancing biodiversity. Additionally, the initiative aimed to foster community engagement in environmental conservation, particularly in raising awareness about the importance of protecting and maintaining nature. The community is also expected to take on the responsibility of maintaining the planted trees, promoting a sense of ownership and sustainable stewardship (ref 1).",https://epacartagena.gov.co/web/epa-cartagena-y-aliados-inician-siembra-de-491-arboles-por-aniversario-de-cartagena/,2,1,4,4,4,1,4,1,1,1,4,4,3,4,1,1,11,10,10,9
225,Vienna (FUA),Europe,Greening Reinprechtsdorfer Street,Reinprechtsdorfer Straße ist klimafitte Geschäftsstraße,"The redesign of Reinprechtsdorfer Street in Vienna is a  greening initiative aimed at climate adaptation by reducing local temperatures and increasing green space in a densely built urban area. Implemented within one year, the project included planting trees, adding green beds, and widening the pavement to create a more inviting environment. New seating areas, drinking stations, and water play installations were introduced, providing spaces for relaxation, cooling off during high temperatures, and fostering social interaction. Accessibility and traffic safety were enhanced by leveling the pavement with the street and adopting a one-way system for cars.
The project, realized in 2023, was part of Vienna's city-wide ""Out of the Tarmac"" initiative and was spearheaded by the district and city council. It originated from discussions and a participatory design process with citizens dating back to 2014. Previously, Reinprechtsdorfer Street served as a congested connection between Wienzeile and Gürtel. The plan seeks to transform it into a “climate-friendly shopping street.”
The redesign involves planting 32 new trees accompanied by flower beds, plus three standalone flower beds. Sidewalks were  widened, and amenities included parking for 36 bicycles, nine benches, and seating for 46 individuals. Cooling features such as two water installations, three mist columns, and two drinking hydrants will enhance comfort.
Renovation began in spring 2023, focusing first on the 400-meter stretch between Schönbrunner Straße and Arbeitergasse. A structurally separate one-way cycle path will link Schönbrunner Straße to Bräuhausgasse, while the existing cycle lane against the one-way system remained unchanged. (Ref. 1, 2, 6)",https://www.wien.gv.at/margareten/reinprechtsdorfer-strasse,4,1,NA,2,4,0,1,1,4,2,4,1,3,3,1,3,7,6,11,10
228,Marseille (FUA),Europe,Revitalizing the Huveaune river and its biodiversity,Revitalisation du fleuve de l’Huveaune et de sa biodiversité,"The project to revitalize the Huveaune River and its biodiversity is taking place in Aubagne, a city within the Marseille Metropolitan area. For a long time, the river received little attention, constrained by urbanization, and was even covered for several hundred meters. Urbanization and the construction of a road have made the floodplain more susceptible to flooding (Ref 2). The initiative aims not only to restore the Huveaune and its environment but also to strengthen the connection between residents and the river (Ref 1) while reducing flood risk as a critical objective (Ref 1).
The challenge is transforming the area into a higher-quality environmental space with resilient ecosystems. A diagnostic conducted during the project's design phase revealed the site's degraded state, including the presence of invasive species, steep banks unsuitable for riparian vegetation, poor waterway conservation, and disrupted ecological continuity (Ref 2). 
Key actions include revitalizing the river and its biodiversity, removing artificial banks, and creating new meanders to give the river a more natural shape. Diversifying flow patterns will create habitats for aquatic and fish species by varying water heights and flow speeds. This involves increasing the river's sinuosity and varying the width of the minor riverbed (Ref 2). Additional steps include planting trees and shrubs adapted to the Mediterranean climate with low water needs (Ref 2). To bring residents closer to the river, plans include creating walking and cycling routes, sports equipment, educational panels, and useful visitor facilities such as benches, water points, and restrooms (Ref 3).",https://www.aubagne.fr/actualite/revitalisation-de-lhuveaune-et-de-sa-biodiversite-concertation-jusquau-21-juin/,2,1,4,3,2,0,3,1,1,2,3,3,2,2,3,2,10,6,9,9
229,Miskolc (FUA),Europe,Renovation of Tapolca nature park,Miskolctapolcai őspark felújítása,"Miskolctapolca is a district of Miskolc and features a nature park (which includes a lake, Csonakazo-to) originally planted in the 1920s using the exotic trees and bushes. In 2022 the municipality decided to renovate the area under a EU funded project called ""Creating a Green City in Miskolc-Tapolca"". The project aimed to establish a modern urban green space focused on active recreation for various age groups, enhancing Miskolc's appeal for tourism. 
The renovation included new concrete paving system and updated utilities for the lakes' promenades with a strong emphasis on accessibility ensured smooth mobility throughout the area. The renovation added informative signs detailing local attractions, historical trees, and the park's history. To enhance visitor comfort, a new accessible restroom was constructed. Renovations to the Csonakazo-to lake included removing accumulated silt and reinforcing the shoreline, alongside the addition of new street furniture, lighting, and wooden sunbathing terraces and platforms. The two bridges around the lake were renewed, and the squirrel installation, a favorite among locals, were restored. Furthermore, a square in the park, Kilátó Square was transformed with benches and drinking fountains, creating a welcoming space for relaxation.
Additionally, extensive landscaping was carried out, including the planting of approximately 100 trees, 9,000 shrubs, 18,000 perennial plants, 2,300 annuals, 350 roses, and 6,600 bulbs.
The surrounding park, which had been in disrepair for decades, was thoroughly revitalized, blending traditional and modern aesthetics. This long-overdue renovation significantly enhanced the environment. The construction was carried out by FEDRID Építőipari Kft., starting in spring 2022, and was completed in May 2023 after some delays.
(Ref.1,2,3)",https://www.miskolc.hu/varoshaza/onkormanyzat/palyazatok/onkormanyzat-altal-elnyert-palyazatok/zold-varos-kialakitasa/zold-varos-kialakitasa-miskolc-tapolca,1,1,3,3,2,0,3,1,4,4,2,1,3,2,2,3,8,6,11,10
230,Detroit (FUA),Northern America,South Hennepin Marsh Habitat Restoration,NA,"The South Hennepin Marsh habitat restoration project,  located below the Grosse Ile Toll Bridge causeway, within the Detroit River's Trenton Channel near Grosse Ile, Michigan, aims to restore and protect one of the region's most critical wetland habitats. This emergent marsh, historically vital for fish and wildlife, has suffered significant degradation due to river currents, boat traffic, and winter ice flows. The project, identified as a priority in the 2002 Habitat Protection and Remediation report for the Detroit River, encompasses the restoration of over 1,000 linear feet of protective shoals and 20 acres of productive wetlands, home to various native plant species such as rushes and submergent macrophytes.

The primary goal of the project is to stabilize and enhance the marsh's habitat, improving conditions for fish, waterfowl, reptiles, amphibians, and other wildlife. Restoration activities include the placement of approximately 10,000 cubic yards of rock and soil to rebuild eroded shoals, installation of erosion matting, and re-establishment of native vegetation. Additional habitat features, including habitat logs, mudpuppy structures, and stone spawning beds, will provide crucial breeding and feeding areas for species such as walleye, northern pike, and lake whitefish.

The project also incorporates soft engineering solutions, such as fallen branched trees and strategically placed stones, to support pollinators, birds, and reptiles. Feasibility studies and design plans were completed by Environmental Consulting and Technology, with funding from NOAA, and construction was carried out by E.C. Korneffel Company beginning in 2021. The project reached completion in November 2022, successfully restoring the shoals and protecting the marsh from further degradation. These efforts have significantly enhanced habitat availability, ensuring the sustainability of the South Hennepin Marsh as a critical ecological site within the Detroit River system.
(Ref.1-4)",https://www.detroitriver.org/glri-projects/hennepin-marsh,2,4,2,4,4,0,4,1,1,2,2,1,3,3,3,3,12,9,6,12
231,Adana (FUA),Europe,Çukurova Arboretum,Çukurova Süleyman Demirel Arboretumu,"The Çukurova Arboretum is located 17 km from the city centre of Adana, close to the Seyhan Dam lake. Established in 1997, it aims to conserve and protect plant species and vegetation from the region and those adapted to the Mediterranean climate (Ref. 2,5). Given its location outside the city centre and its proximity to freshwater resources, the Arboretum has been praised as a refuge for relaxation and recreation away from the stress of the city (Ref. 1,3). The area has been established by the Regional Forest Directorate of Adana in cooperation with the Istanbul University, department of Forestry (Ref. 2,3). In 2011 and 2013 new infrastructure was added to the arboretum, including a nursery, main road network connection and irrigation (Ref. 2). Visitors and researchers can access over 1050 ha hosting more than 700 plant taxa in different thematic areas, such as mediterranean vegetation, rose gardens, succulent and cactus areas, medicinal and aromatic plant gardens and an aquatic plants exhibition center which is a special feature to the site (Ref. 2). For research specifically, laboratory projects have been established and nurseries continue to ensure the supply of plant material (Ref.1). Over the years, the Arboretum has been equipped with more elaborate infrastructure and exhebition sites as well as educational material available to visitors (Ref.1,2,4).",NA,1,NA,NA,NA,4,NA,NA,NA,3,3,NA,NA,3,3,2,3,1,4,6,11
232,Fort-de-France (FUA),Latin America and the Caribbean,Real and imagined garden,"Jardin Réel, Jardin rêvé","This project is a year-long (2022-2023), interdisciplinary and transversal environmental education program initiated by the Rotary Club of Fort-de-France Ouest with the main aim of raising awareness of biodiversity conservation. As part of Rotary International, the Rotary Club of Fort-de-France Ouest is a community service club that engages in various service projects that address local challenges relating to education, health, environmental sustainability, and economic development. 
The project incited teachers at the François Auguste Perrinon middle school to incorporate environmental education and ""créole"" (traditional ecological) knowledge into the course curriculum. The program was designed to motivate the schoolkids to practice their newly acquired competences in a religious, artistic or gardening end-of-year project. The initiative reached between 150 to 200 students from 6th to 3rd grade in the neighbourhood of ""Ermittage"" (Ref 1; 5).",https://rci.fm/martinique/infos/Education/Fort-de-France-les-collegiens-de-Perrinon-creent-leur-jardin-reel-et-leur-jardin,1,1,1,2,1,0,2,1,4,1,2,1,2,2,1,1,5,4,8,6
234,Tirana (FUA),Europe,Hellenic Park,Parku Helen,"The Hellenic Park by Farka Lake stands as a symbol of the growing relationship between Albania and Greece (Ref. 1,2,3). The project was designed and implemented by the Municipality of Tirana in partnership with the Greek Embassy and supported by Greek companies operating in Albania. Its inaugurated was attended by the mayors of both capitals and the Greek Ambassador to Albania (Ref. 3,4). The opening ceremony marked three significant milestones: the 200th anniversary of the Greek Revolution, the 50th anniversary of the restoration of diplomatic relations between Greece and Albania, and the 40th anniversary of Greece's membership in the European Union (Ref. 4). The park reflects bilateral unity through emblematic vegetation, such as olive trees, which hold cultural significance in both countries. Beyond enhancing diplomatic ties, Hellenic Park fosters inclusive sports and cultural activities and provides a space for recreation (Ref. 1,3,4).",https://aprtirana.al/parqe-rekreative/parku-i-liqenit-farke/parku-helen/,1,1,1,2,3,0,2,1,4,2,2,1,2,2,1,3,5,6,9,8
235,Iaşi (FUA),Europe,Tree Plantation Month,Luna plantarii arborilor,"The ""Tree Plantation Month"" is an annual national initiative in Romania, organized by the Ministry of Environment, Water, and Forests through the National Directorate of Forests. This initiative focuses on afforestation, forest regeneration, and raising awareness about the ecological benefits of forests, while promoting sustainable behaviors (4, 9, 10). Having been in place for 60 years, the program has recently aligned with the principles outlined in the 1991 Paris Declaration on the Sustainable Development of Forests (10). At the national level, the initiative is regulated with overarching goals aimed at protecting and sustainably managing Romania's forests (9). The program allows for the involvement of various actors, including public institutions, municipalities, NGOs, and schools, who collaborate with regional forestry directorates to implement local activities (4).
In 2019, as part of this initiative in Iași, the Asociația Tineretul Ortodox Român Iași (ATOR), a youth-led religious association, actively participated in one of the campaigns . They planted 1,000 tree saplings in the Moara de Vânt district, an area that had suffered from deforestation and was prone to landslides (1, 2). The afforestation efforts were designed to address these environmental challenges by stabilizing the soil, reducing the risk of overflow and flooding, maintaining soil moisture, and regulating extreme temperatures (1). To ensure long-term success, the saplings were regularly monitored, and restoration efforts were carried out in cases where the trees were affected by fires or drought (3).",https://doxologia.ro/1000-de-puieti-vor-fi-plantati-sambata-aceasta-de-voluntarii-ator-iasi,2,2,4,4,3,0,4,1,4,2,3,4,3,3,3,3,12,8,13,12
236,Tirana (FUA),Europe,Tirana Vertical Forest,Pylli Vertikal i Tiranës,"The Tirana Vertical Forest is part of the city's 2030 Master Plan and aims to enhance urban biodiversity and create green spaces through innovative urban design (Ref. 1,2). The project was developed by Stefano Boeri Architetti, the same studio that has designed similar, well-known structures in cities like Milan, Utrecht and Nanjing (Ref. 6). The completion of the 21-floor building is expected in late 2024 and will feature 105 apartments and a commercial ground floor as well as 145 trees and over 3,200 shrubs and bushes which are integrated into the balconies and façade of the project (Ref. 1,2,3). Various Mediterranean plants have been incorporated, including colourful, scented and aromatic types, which harmonize with the local ecosystem. To maximise the space available for green features, a dynamic structure with alternating balconies and full-height windows has been built (Ref. 1,2). Ultimately, the project anticipates improving air quality, reducing noise, and providing insulation. The greenery is expected to capture fine particulate matter and up to 8 tones of Co2 per year while also creating a healthier microclimate for those inside the building (Ref. 1,6).",https://www.stefanoboeriarchitetti.net/en/project/tirana-vertical-forest/,2,1,1,2,2,0,1,1,1,1,4,1,3,1,1,1,6,4,7,6
237,Cagliari (FUA),Europe,Sant'Elia: shared orchard,Orto condiviso a Sant'Elia,"The intervention in the Sant'Elia neighborhood, which opened in 2018, created a new green area of approximately 2,600 square meters designed to enhance the urban environment and improve the quality of life for residents. This space includes an olive grove and an orchard, featuring pathways and landscaping that integrate local plant species.
Along the side facing Via Utzeri, olive trees and a small grassy area have been planted, complemented by stabilized gravel paths for walking. The orchard contains 28 fruit trees, including citrus, pomegranate, quince, and fig trees, along with Mediterranean shrubs, allowing residents to freely enjoy the fruits for their own consumption.
The entire area is equipped with an automated drip irrigation system, while the grassy sections utilize sub-irrigation. Additionally, a central roundabout in Piazza Giovanni da Verrazzano has been adorned with a lawn, palms, and vibrant rose beds.
Commemorative plaques honor tenor Piero Schiavazzi and local resident Samuele Utzeri, who tragically passed away in Kosovo. The area also features signs encouraging respectful harvesting of fruits and permits dogs, provided they are kept on a leash (Refs. 1, 2, 3, 4 & 5).",https://www.castedduonline.it/cagliari-nasce-santelia-secondo-frutteto-condiviso/,1,1,1,NA,4,1,2,1,4,2,2,2,3,1,1,3,3,8,10,8
238,Göteborg (FUA),Europe,Masthugg Park,Masthuggsparken,"Masthuggsparken is a planned park in the Masthuggskajen district, which is undergoing development and construction. The park will measure about 2000 m2, and serve as a green oasis and meeting place for locals. It will have ameneties such as benches and areas for play, and a noise barrier against a large nearby road. The park will connect to the adjacent square and street, making it accessible to visit. The street will be renovated to have more trees and plants, increasing green connectivity in the district. The park will be surrounded by trees and other plants, which are planted to promote biodiversity and be adapted to a changing climate [Ref. 1-5, 7]. The park is at a low point, where up to 800 m3 of stormwater will flow during heavy rainfall, reducing flood risk in the surroundings [Ref. 1, 2, 6]. The Masthuggskajen district has a sustainability program, establishing goals for green environments which the park will contribute to. Green areas should be accessible to the entire district and provide ecosystem services such as rainwater management, climate adaptation, biodiversity and recreation. The program was created by the City of Gothenburg in collaboration with construction companies active in the area and was supported by Citylab  Action, a national competence program in sustainable urban development [Ref. 7]. The City of Gothenburg is the primary responsible for the park, which will be constructed between 2025 and 2026 [Ref. 1, 2, 4].",https://goteborg.se/wps/portal/aktuelltarkivet/aktuellt/98246d8b-5cb9-4497-9ab6-2ad4e6f0ae2b,2,1,1,2,1,1,1,1,2,3,3,1,3,3,2,1,6,4,9,9
239,Lisboa (FUA),Europe,Ameixoeira Valley Urban Park,Parque Urbano do Vale da Ameixoeira,"The Vale da Ameixoeira Urban Park is a key part of Lisbon's Peripheral Green Corridor, covering 20 hectares and aiming to enhance the city's ecological and social resilience. It includes pedestrian and cycling paths, rest areas, picnic spots, skate parks, and playgrounds, enabling recreational activities while providing scenic views (Ref 1). The park has undergone several requalification initiatives, including the tree planting project in 2018, which saw the community and municipal bodies plant over 130 native trees and shrubs, promoting biodiversity and environmental sustainability (Ref 3). Additionally, the park supports community-based vegetable gardens, integrating horticultural practices to promote local engagement and foster social inclusion (Ref 3). More recently, as part of the Life Lungs project, another 600 drought-resistant trees were planted to mitigate climate change impacts, such as urban heating and water scarcity (Ref 5). The Lisbon Participatory Budget funds the project and reflects the community’s demand for sustainable urban development (Ref 2).",https://informacoeseservicos.lisboa.pt/contactos/diretorio-da-cidade/parque-urbano-do-vale-da-ameixoeira,2,1,3,4,4,0,4,1,2,2,4,3,3,2,4,1,10,9,11,10
240,Lima (FUA),Latin America and the Caribbean,Cultural Park Ventanilla,Parque Zonal Cultural Bicentenario,"This mega-project is part of the Agenda for the Commemoration of the Bicentenary of the Independence of Peru (3). It is the new ecological lung of Ventanilla where families have free access to a meeting point where they can carry out sports, recreational, leisure and cultural activities (1, 2, 3). This park is the largest emblematic work carried out in Callao and one of the largest in extension at the national level, built in commemoration of the 200 years of independence (1, 2, 3). It was built on vacant land, where there was no possibility of meeting or recreation for the neighbours (1). 
In addition to offering recreational spaces, it is a cultural work that seeks to teach the population about the history of independence, making the public space a commitment to a citizen-centred public policy with an intercultural approach (3). In addition, its financing was part of the second phase of the economic reactivation plan for public investment, encouraging local economic development and generating more than 1,300 direct and indirect jobs (3). This work is an investment of the Executive together with the Regional Government of Callao and the labour force of the municipality of Ventanilla (1, 2). Its facilities are freely accessible and will contribute to the social development and well-being of the citizens (3). 
Inaugurated in 2022, it has cultural components, such as squares and amphitheatres, playgrounds, campsites and more than 30,000 m2 of green and blue areas (1).",https://delpais.com.pe/municipalidad-de-ventanilla-abre-las-puertas-de-la-obra-mas-grande-de-todo-el-callao-parque-zonal-cultural-bicentenario-de-pachacutec/,1,1,NA,4,1,0,1,1,4,3,4,1,1,1,2,2,6,3,12,6
241,Cagliari (FUA),Europe,Garden Beneath the Walls,Giardino sotto le mura,"The Garden Under the Walls, also known as the Garden of the Brothers Giuseppe and Vittorino Fiori, is a green space located in the historic Villanova district of Cagliari, along Viale Regina Elena. Inaugurated on 28 March 2014, the project transformed a long-neglected area beneath the Castello walls into a garden promenade. Closed to the public for many years due to ongoing construction, this green space has been reopened and returned to the city.
The garden spans 500 meters in length and covers an area of 6,500 square meters. The total renovation cost was 1.8 million euros.
The project focused on preserving the historical significance of the area while ensuring the safety of the Castello walls. The accessible pathway, designed to accommodate people with disabilities, features seven sculptures by renowned Sardinian artist Pinuccio Sciola, adding an artistic dimension to the space. This project successfully blends green spaces, accessibility, and culture (Refs. 1, 2, 3 & 4).",https://www.comune.cagliari.it/portale/page/it/giardino_sotto_le_mura?contentId=LGO12348,1,1,1,3,4,0,3,1,4,2,3,3,3,3,1,3,6,8,12,10
242,Cartagena (FUA),Latin America and the Caribbean,Green areas in San Franciso neighborhood,Areas verdes en el Barrio San Francismo,"The project aims to restore green spaces in the neighbourhoods of San Francisco and 7 de Agosto.  Led by Aguas de Cartagena, in partnership with other organizations, the initiative focused on environmental recovery, social integration, and reducing inequality through the revitalization of community spaces. Activities included planting native species, maintaining community infrastructure, and promoting environmental education, contributing to climate change mitigation and fostering a healthier, more sustainable environment​ (ref 4). As part of a collaborative effort between Aguas de Cartagena and SACSA, a synthetic grass sports field named El Wio was constructed with an investment of around 60 million pesos. The project aimed to foster community integration and provide safe spaces for sports and recreation, and it also included improving drainage systems, installing solar-powered lighting, and creating green spaces around the field (ref 5).  Additionally, the Biblioparque, a community library and park in San Francisco, was rehabilitated to restore the library infrastructure, including terraces, reading rooms, and green spaces. The initiative provides a vital cultural and educational space for the community, especially for children, youth, and the elderly, fostering a culture of reading and community engagement. It also addresses previous safety concerns after a fire incident and aims to promote arts and cultural activities​( ref 3).  In parallel, a long-term initiative, in collaboration with the local government, provided educational tools and resources to over 1,000 children and youth in San Francisco (ref 2).",https://www.acuacar.com/Noticias/Otras-noticias/ArticleID/1404/San-Francisco-estrena-cancha-deportiva-con-grama-sint%C3%83%C2%A9tica,2,1,4,3,1,1,3,1,4,2,3,3,3,3,1,2,10,6,12,9
243,Vienna (FUA),Europe,Leopold Rister park,Leopold-Rister-Park,"The Leopold-Rister park, named after a former district officer, is located in the Margareten district in Vienna and was renovated in 2023 based on the community's wishes for recreational opportunities. The park is surrounded by residential buildings and featured a playground for children, some greens and a football pitch. (Ref. 1) On the initiative of the city government, local residents and people using the park were surveyed on their preferences and needs for a potential redesign of the park. (Ref. 8) Within a year, the park was remodelled, featuring the wished for elements by locals, and was opened in 2024. 
Spaces for recreation like playgrounds, benches, and gaming tables were increased or installed. To reduce the heat stress of the urban environment, trees were planted that provide shadow and water play for children to cool down were implemented. Already existing lawns and greens were restored, and new shrubs were added to provide habitats for different local insect and bird species. (Ref. 1; Ref. 6)
The project was initiated and financed by the City of Vienna and presents one of many greening activities that the city pursues to adapt to climate change. (Ref. 1; Ref. 2)",https://www.wien.gv.at/umwelt/parks/anlagen/rister.html,4,3,1,3,4,0,3,1,2,2,3,1,4,3,2,4,11,8,8,13
244,Thessaloniki (FUA),Europe,"""Rain garden"" along the October 28th street in Thessaloniki",Κήποι βροχής στην οδό 28ης Οκτωβρίου στη Θεσσαλονίκη,"The 28th of October Street (28ης Οκτωβρίου) was one of the most neglected streets on the eastern side of Thessaloniki, completely devoid of trees despite its central importance. Additionally, the street suffered from severe flooding during heavy rainfall. In 2011, the Municipality of Thessaloniki, in collaboration with Konstantinos Zervas, the Deputy Mayor for the Environment, Quality of Life, and Free Space, proposed a redevelopment project aimed at transforming the street through the planting of trees and the installation of flower beds that would function as rain gardens (Refs 3, 5). This initiative was part of the ""Integrated Green Cities"" action, which falls under the European territorial cooperation program Greece-Bulgaria 2007-2013 (Refs 1, 2, 3, 6).

To achieve the dual goals of sustainable rainwater management and urban beautification, decorative trees were planted in specially constructed bioretention tree stands. These stands, along with the flower beds, were designed to collect rainwater, which would then be used to irrigate the trees along the road and the plants forming the rain gardens. Rainwater was gathered from the road surface, pavements, and the gutters of apartment buildings through these bioretention systems (Refs 1, 2). This sustainable water management solution significantly reduced rainwater runoff, improved water quality, and enhanced the area’s aesthetic appeal (Refs 2, 6, 7).",https://www.voria.gr/article/etoimoi-mexri-to-kalokairi-oi-kipoi-tis-broxis-stin-28is-oktobriou,4,1,1,3,4,0,2,1,4,4,4,1,3,3,2,4,9,7,13,12
245,Phoenix (FUA),Northern America,Westwood Tree Planting,NA,"Minimizing heat stress is a top priority for Phoenix, the hottest major city in the U.S. In 2023, extreme heat contributed to at least 359 deaths across Maricopa County. Phoenix is particularly vulnerable to climate change, with extensive concrete and asphalt, increased pollution, higher population densities, and concentrated infrastructure that exacerbate the urban heat island effect, drought, and extreme weather. Moreover, the heat disproportionately impacts lower-income and Hispanic neighborhoods, which tend to have less tree canopy and fewer resources to cope with rising temperatures.
To address these challenges and promote tree equity in underserved neighborhoods, the City of Phoenix, along with the Office of Heat Response and Mitigation, launched the Community Canopy Grant Program in 2023. The concept of tree equity refers to identifying areas with low tree coverage and high social need, then prioritizing investments in these areas. By improving tree equity, the program aims to assist neighborhood associations and community members in areas that need it most.
The Community Canopy Grant Program targets neighborhoods within Qualifying Census Tracts across Phoenix, and one of the first neighborhoods to benefit was Westwood. In early 2024, community members gathered to plant 200 box trees for residents who received grants, marking the largest City-sponsored neighborhood tree planting event of the season. These tree plantings aim to provide much-needed shade for homes while fostering community engagement, helping to mitigate heat stress and build stronger, more resilient neighborhoods. (1-5)",https://www.phoenix.gov/newsroom/environmental-programs/3039,2,1,4,4,1,0,4,1,4,2,4,4,3,2,3,3,11,6,14,11
246,Marseille (FUA),Europe,The Green Rush,La Ruée verte,"The project La Ruée Verte aims to create a green corridor connecting two emblematic locations for social and environmental justice: La Base Marseille and L’Après M. The route spans over 7 km and passes through La Friche de La Belle de Mai and aims to bring more nature into the city on a larger scale in a fair and equitable way (Ref 2).
Given the challenges of climate change—rising temperatures, urban heat islands, fewer trees in Marseille, and increasing urbanization—the green corridor will offer a solution to combat the suffocating effects of the city’s concrete sprawl (Ref 2). Additionally, it aims to reduce pollution peaks and improve air quality (Ref 2), increase biodiversity (Ref 2), and provide access to green spaces and places for social interaction (Ref 2).
The project also addresses the broader social crisis, with rising costs of food, housing, and transportation (Ref 2). Local solidarity is key, ensuring that all green initiatives foster community interaction and consider the urgent needs of residents, such as precarious living conditions and isolation (Ref 2). Collective participation is central to the project, ensuring that it is designed by and for residents of different neighborhoods, reflecting their realities. The project, called “La Ruée Verte,” aims to unite various citizen groups, social centers, and associations to amplify their voices (Ref 2).
The project's first phase, “La Petite Ruée,” will launch in October 2024, following a year of preparation. It will start with neighbourhood micro-projects and shared advocacy, including events and gatherings (Ref 2). The goal is to collectively think about social and climate justice and begin taking concrete actions towards popular ecology in each neighbourhood (Ref 2).",https://marseilleentransition.fr/la-ruee-verte/,2,1,4,3,2,0,3,1,2,2,4,2,4,2,2,3,10,6,10,11
247,Vienna (FUA),Europe,Biotope City Wienerberg,Biotope City Wienerberg,"Biotope City Wienerberg is located in the southern part of Vienna on a 5.4-hectare site that once housed a Coca-Cola factory. It lies at the edge of the Wienerberg recreational area, surrounded by business parks and tower blocks to the west and predominantly detached houses to the east (Ref. 1).
The project embodies the concept of an ""urban biotope"" (Ref. 2), grounded in the principle that nature's mechanisms of self-regeneration are essential for mitigating the challenges of urban living and climate change. By integrating urban and natural spaces, Biotope City fosters both human-nature connections and social interactions through activities like community gardening. The project’s centerpiece is its extensive green infrastructure, including trees and green roofs, which serve to cool the microclimate, purify the air, enhance water retention, and create carbon sinks while providing habitats for local wildlife. These green spaces aim to improve physical health through cooling effects on hot days and support mental well-being with their calming influence (Ref. 1; Ref. 2).
Biotope City encompasses:
    Around 980 flats, including 400 subsidized flats and 200 SMART flats
    A school, a kindergarten, and 2,000 square meters of children's and youth playgrounds
    600 square meters of community gardens and 3,850 square meters of ground-floor gardens
    250 trees, 8,900 square meters of meadows, and 13,600 square meters of green roofs
    2,200 square meters of façade greening
The inner courtyards and roof areas are designed for gardening, while façades are greened, and balconies are equipped with integrated plant troughs. Even the spaces between buildings are climate-effective, featuring unsealed catchment and seepage areas to manage water sustainably (Ref. 1).
The project’s implementation took 18 years and involved collaboration among various stakeholders. The concept was initiated by the Biotope City Foundation and funded by eight different investors (Ref. 2).",https://www.wien.gv.at/stadtplanung/biotope-city-wienerberg,4,1,4,3,2,0,2,1,4,2,3,2,4,4,3,4,12,5,11,15
248,Lima (FUA),Latin America and the Caribbean,Choquehuanca Square,Plaza Choquehuanca,"Lima is the capital of the region with the lowest coverage of green spaces. According to the World Health Organisation (WHO), a city should have at least 9m2 of green space per inhabitant. Lima is just over 3m2 square metres, which means a deficit of almost 60 million square metres. In this context, actions from the public and private sectors are essential to add this type of space to the city. In response to this need, Grupo Centenario carried out a green project on one of its plots of land in San Isidro, where real estate projects will be developed (1, 2, 3, 4). 
A square was built with a green area with wild and low-consumption species, knocking down the walls that surrounded the land for years, turning it into a place for everyone to see and use (1, 2, 3, 4). The Choquehuanca Square was built to contribute to the community and make it a better place to live. It is located on a plot of land that was previously enclosed by walls, converting it into an area of 3,945 m2 with a green space that occupies 70% of the square (1, 2, 3). This is a temporary project, as the green space was opened while projects are being developed on this land (1, 2, 3).",https://centenariooficinas.pe/plaza-choquehuanca-una-nueva-area-verde-que-potencia-nuestra-ciudad/,1,1,1,2,4,0,2,1,1,2,3,1,2,1,2,2,5,7,7,7
249,Phoenix (FUA),Northern America,Native Health Traditional Garden,NA,"In Phoenix, access to native, traditional foods prepared by Indigenous communities is scarce. This disconnection is rooted in the legacy of colonization and the forced assimilation of Indigenous peoples through practices such as mandatory residential schools. The Phoenix Indian School, which operated until 1990, is a stark reminder of these injustices, and deep-rooted systemic inequalities continue to persist today. In response, Indigenous food activists have worked tirelessly to promote traditional foodways and advocate for food sovereignty.
One such initiative is led by Native Health, an urban Indian health program that provides primary medical, dental, behavioral health, WIC, and wellness services in Phoenix. In 2019, Native Health launched a community-based garden initiative to reconnect urban Indigenous communities with their traditional life ways. The Native Health Traditional Garden was initially established on a 15-acre plot of vacant land, which sat atop the remnants of a notorious boarding school. However, when an investment firm purchased the land, the garden was displaced and forced to relocate. It downsized to less than an acre of space within a larger community garden project known as the ""KeepPhoenixBeautiful Garden.""
Despite these challenges, the Traditional Garden continues to thrive, drawing from Indigenous agricultural techniques such as Akimel O’odham canal irrigation, Zuni waffle beds, and Diné dry farming. The garden focuses on cultivating traditional, Indigenous, and desert-adapted plants, including corn, beans, squash, gourds, peppers, sunflowers, melons, and medicinal plants. In addition to growing these vital crops, the garden provides interactive learning opportunities for all ages, including workshops, youth clubs, pick-your-own events, and monthly community workdays.
The goal of the Traditional Garden project is to offer the urban Indigenous community opportunities for hands-on learning, and increased access to harvested produce. (1, 2)",https://www.nativehealthphoenix.org/services/community-health-and-wellness/garden/,1,1,2,3,3,0,3,1,4,1,3,3,2,2,2,3,7,7,11,9
250,Thessaloniki (FUA),Europe,Thessaloniki's New waterfront,Νέα Παραλία της Θεσσαλονίκης,"Thessaloniki, Greece's second-largest urban center, is a key hub for economic growth and outward trade in the Balkans. The city hosts the country’s second-largest export port, which plays a crucial role in connecting European trade routes with Asia and China. However, until 2014, Thessaloniki's waterfront was poorly maintained, largely inaccessible, and unattractive. Moreover, major flooding events, connected to extreme weather events,  exposed significant deficiencies in the city's flood mitigation infrastructure, leading to damage to housing and critical services. (5, 10, 11)
To address these issues, the Municipality of Thessaloniki launched an International Architectural Competition for the redevelopment of the New Waterfront. From 2006 to 2014, Thessaloniki's waterfront underwent a significant regeneration aimed at benefiting the city's population of 1.1 million and stimulating the local economy. The revitalized waterfront now stretches 3 kilometers between land and sea, featuring 58,000 acres of green space an playgrounds.. In total, 2,353 new trees and 118,432 plants were added across an area of 238,800 m² (Refs 1, 3, 4).
The project also introduced walking routes, sports and recreational facilities, seating areas, and scenic viewing points. The waterfront now has a bicycle path along the entire walkway, and an arbour of 660 umbrella pine trees, serving as shade from the midday sun. Completed in 2014, the New Waterfront has already become a vibrant urban green space, enjoyed by both Thessaloniki's citizens and visitors alike (Ref 4).",https://www.archdaily.com/484899/new-waterfront-of-thessaloniki-nikiforidis-cuomo-architects,2,4,3,4,4,1,4,1,4,4,4,3,4,3,4,4,13,10,15,15
251,Dublin (FUA),Europe,Ballyfermot People's Park,NA,"In 2021-2022, the fenced grassy area beside the Ballyfermot Community Civic Centre was transformed into a welcoming 'people’s park'—an open green space for the community (2). Designed by Dublin City Council’s Parks, Biodiversity, and Landscape Services, the park reflects ideas from local residents gathered over eight months of on-site conversations and two community consultation events. 
The new park features a winding perimeter path, earth mounds planted with a variety of trees and plants for seasonal color, and infrastructure to support small community gatherings. An open pergola and a designated market space for food, plant, and craft markets provide inviting spots for social events. Along the park’s edge, a movement trail with playable elements for exercise and play adds a dynamic feature to the space. 
Furthermore, a Jackstraws See-Saw is ideal for older children to play in groups and learn about movement whilst also being a tremendous informal seating area for them to gather and chat. Trees cover the See-Saw, offering shade and shelter from the weather, making it a great social space all year round. A Rope Course provides a physical challenge for older children to climb and balance at height while exploring the area. Informal play opportunities are found throughout the park to, with trees, fallen logs, benches and planting that create sensory, imaginative and physical play experiences. (5-7)
Additionally, an edible garden is planned to be developed collaboratively with local residents over the next 2-3 years (4).",https://www.dublincity.ie/residential/parks/new-parks-and-projects/peoples-park-ballyfermot,1,1,4,3,2,0,3,1,2,4,3,3,3,2,2,3,9,6,12,10
252,La Paz (FUA),Latin America and the Caribbean,Urban farm Lak'a Uta,Huerto Orgánico Lak´a Uta (HOLU),"The urban farm of Lak'a Uta is an initiative launched by the NGO Fundación Alternativas, which established the first community garden in Bolivia, located in the city of La Paz at an altitude of 3,600 meters above sea level (1-3). The initial plan was to develop the garden on private land, but since the goal was to create an open space accessible to all citizens, the project eventually sought a public location (3). The subdistrict of Cotahuma granted them permission to use the Lak'a Uta park, an abandoned area rendered unusable by two landslides in the previous year (3). Through voluntary efforts and an investment of 2,800 euros, the land was transformed over three years to accommodate 40 plots of 16m² each, with individual families cultivating a variety of vegetables (3).
Now celebrating its 10-year anniversary, the project adheres to many principles of organic agriculture in an urban setting (5). The area has become a biodiversity hotspot, featuring an artificial pond, 16 wild plant species, and 39 fauna species, including 34 bird species, two types of frogs that provide natural pest control, and three bee species (3-5). Compost is produced naturally using waste management practices and worms (4-5). In addition to edible vegetables, the garden produces medicinal plants, some of which help stabilize the soil and prevent further landslides (3-4). The infrastructure also includes a rainwater collection system (3-5).
Originally, the project aimed to improve access to food, particularly in response to the growing urban population (1-3). Over time, it has also fostered a strong sense of community, while promoting urban gardening through educational workshops and disseminating information nationwide (1-5). It is estimated that 20,000 people have been educated on urban agriculture, healthy eating, and reconnecting with nature (5). The project has also contributed to shaping a local government law supporting urban gardening within the municipality (3).",https://bioruta.alternativascc.org/,4,4,2,4,4,0,4,1,4,3,3,2,4,3,3,4,14,9,12,14
253,Göteborg (FUA),Europe,Stora Amundön and Billdal Archipelago Nature Reserve,Naturreservatet Stora Amundön och Billdals skärgård,"The Stora Amundö and Billdal archipelago nature reserve is in the southernmost part of the City of Gothenburg. The proximity to the city makes it a popular recreational destination, with about 73000 visitors each year. In 2018, the area was protected as a nature reserve to preserve its recreational, natural and historical values. The status as a nature reserve prohibits any exploitation and other harmful activities in the area. The area of the reserve is 1103 ha, of which 259 ha is land area and the rest is water [Ref. 1-3]. The management of the reserve includes promoting recreational and educational activities by creating new entrances, paths and signs, as well as holding guided tours. The management also includes restoring and improving terrestrial ecosystems such as grasslands through mowing and grazing and deciduous forests through selective clearing. A wetland has been restored to promote biodiversity further [Ref. 2, 4]. The reserve was created and is managed by the City of Gothenburg, the process of creating it involved consultation of stakeholders such as land owners, government agencies and NGO's [Ref. 1]. Some local landowners disagreed with the borders of the nature reserve having an impact on their land, leading to an appeal that was ultimately denied [Ref. 5, 6]",https://www5.goteborg.se/prod/fastighetskontoret/etjanst/planobygg.nsf/vyFiler/Naturreservatet%20Stora%20Amund%C3%B6%20och%20Billdals%20sk%C3%A4rg%C3%A5rd-Inf%C3%B6r%20antagande.-Beslut/$File/F%C3%B6rslag%20till%20beslut%20Stora%20Amund%C3%B6%20och%20Billdals%20naturreservat%20180226.pdf?OpenElement,2,2,2,4,4,1,4,2,4,3,2,1,3,3,4,2,10,11,10,12
254,Alexandria (FUA),Africa,Al-Muntazah 2 Neighborhood Tree Planting,NA,"Alexandria is one of the vulnerable cities facing climate change (1). From rising sea levels, pollution, extreme rise and fall in temperature and the urban heat island effect, Alexandria is battling significant challenges (1). The city is also worldly renowned for it beaches and gardens that act as the lungs through which the city breathes, and are considered a haven for its people (1).  Unfortunately, in the last ten years, there has been a decrease in parks and green areas, which is a cause for concern (1). This shrinkage comes at the expense of urban expansion and the establishment of Commercial and profitable projects, which is a challenge facing the environmental balance and cultural heritage of the city (1). To address the nature of the challenges and climate changes and their effects in Egypt, the president launched the ""The 100 Million Trees Initiative"" was brought into action in 2022 as part of the Egypt 2030 Vision (2-3). The campaign is meant to double the per capita share of green spaces across the country, improve air quality and people’s health, and reduce greenhouse gases. It will also aim to recoup economic benefits from the trees, including wood and olive oil (3). As part of this initiative, the governor of Alexandria was tasked with taking care of the green spaces and improving the aesthetic and civilizational level, within the scope of Alexandria's neighborhoods and centers (4). In 2023, the gardens department carried out the planting of 812 trees and shrubs of various types within the scope of Al-Muntazah 2 Neighborhood during Week 25 to continue the work of the presidential initiative to plant 100 million trees in the governorate's neighborhoods (4).",https://www.youm7.com/story/2023/8/22/%D8%B2%D8%B1%D8%A7%D8%B9%D8%A9-%D8%A3%D8%B4%D8%AC%D8%A7%D8%B1-%D9%85%D8%AB%D9%85%D8%B1%D8%A9-%D9%81%D9%89-%D8%A7%D9%84%D8%B9%D8%A7%D9%85%D8%B1%D9%8A%D8%A9-%D8%A8%D8%A7%D9%84%D8%A5%D8%B3%D9%83%D9%86%D8%AF%D8%B1%D9%8A%D8%A9-%D8%B6%D9%85%D9%86-%D9%85%D8%A8%D8%A7%D8%AF%D8%B1%D8%A9-100-%D9%85%D9%84%D9%8A%D9%88%D9%86/6279965,2,1,3,4,3,1,4,1,4,1,4,4,3,1,2,2,10,9,13,8
255,Lima (FUA),Latin America and the Caribbean,The Pantanos de Villa Wildlife Refuge,Refugio de Vida Silvestre Los Pantanos de Villa,"The Pantanos de Villa Wildlife Refuge is a natural oasis in the heart of Lima. It is considered a marsh of international Ramsar importance, as it is home to a large number of species of flora and fauna. It includes 5 bodies of water with about 210 species of birds, 13 species of fish, and 5 species of amphibians and reptiles, among others (1). It was created in 2006, by Supreme Decree N°055-2006-AG, which established the definitive category for the Pantanos de Villa, under the name of The Pantanos de Villa Wildlife Refuge (2). This protected area was established over an area of 263.27 ha, and its main goal is to conserve a representative sample of the Marshes of the Subtropical Pacific Desert, including important plant communities, as well as migratory and resident avifauna, focusing mainly on species with some degree of threat (1, 2, 6).
In 2016, a Master Plan was approved aimed at strengthening the conservation of the biological diversity of this coastal marsh and ensuring conditions to promote inter-institutional cooperation and participatory management, including neighbours, authorities, municipalities and interested institutions (2). 
This Master Plan establishes environmental, economic and cultural indicators defined to be met over 5 years. These are focused on protecting water resources, conserving migratory and resident bird species, ensuring the conservation of the cattail, promoting tourism and recreational activities, fostering environmental awareness activities and engaging citizens in the management of the Refuge (2)
This plan seeks to confront a series of threats that endanger the conservation of this ecosystem. Among the main problems are the illegal extraction of natural resources, such as cattail; the improper use of the space for activities such as bonfires, consumption of illicit substances and pet walks; the change in land use due to urban expansion; pollution from effluent discharges and solid waste disposal; and illegal fishing (2)",https://pantanosdevilla.pe/,1,4,2,4,4,1,4,NA,3,3,4,4,2,3,3,4,11,9,14,12
256,Tirana (FUA),Europe,Tulla Urban Farm,Qendra e Kulturës Tulla,"Tirana's urban development has set a new record in 2022, when more than 1.8 million square meters of new buildings were constructed (Ref. 5). This rapid development increased the need for accessible urban green areas. At the Tulla Urban Farm, a wide audience is trained to create those green areas in their yards, balconies and roofs with the added benefit of growing produce for their own needs (Ref. 1,2,5). This practice of food autonomy is deeply rooted in Albanian culture but has been lost in urban settings where concrete has taken over the city (Ref. 1). Tulla Urban Farm addresses this issue by providing an inclusive space for people of diverse backgrounds to come together and experience urban gardening first hand under the guidance of professionals from the Agricultural University of Tirana (Ref. 2,3). In these ""urban agricultural schools"",  workshops, seminars and discussions are held to re-cultivate traditional agro-cultural practices and knowledge that will benefit the participants, many of which are from marginalised backgrounds (Ref. 1, 4). All these activities are facilitated through the rooftop greenhouse of the Tulla Cultural Center, which harbours over 300 plants (Ref.1). As such, Tulla Urban Farm not only provides a space for experiencing and learning about plants but also for social interaction and building a community that also addresses more serious issues such as mental health in a society that faces high rates of unemployment (Ref. 1). 
The project had received inital funding from the German GIZ in 2022 and won the Cultures of Resistance Award through which it financed the first two years of its programme and enabled free participation at the urban agricultural school for all participants (Ref. 2,4).",https://tullaurban.farm/per-ne/,1,1,1,2,3,0,1,1,4,2,4,1,2,4,2,3,5,5,11,11
257,Lisboa (FUA),Europe,Kelp Forest Restoration,NA,"Seaweeds are of immense value to marine ecosystems, and Kelp, the largest of them all, forms spectacular underwater forests that provide habitat for fish, clean the water, and sequester carbon. Unfortunately, large swathes of these subaquatic forests have disappeared from the coasts of many European countries, including Portugal (Ref. 2).
The ""Sea Forester"" project in Cascais aims to restore local kelp forests, which are essential for marine biodiversity and carbon sequestration. In collaboration with the Câmara Municipal de Cascais and Mossy Earth (social enterprise), the project assesses the historical and current state of seaweed populations and identifies environmental stressors. It employs innovative techniques like the ""green gravel"" method to restore kelp ecosystems. This project supports the region’s blue economy and resilience to climate change through carbon offsetting and enhanced ecosystem services (Ref 1; 6; 7). Supported by the EEA Innovation Grant, it combines scientific research and community engagement, positioning Cascais as a leader in marine conservation efforts (Ref 6).",https://www.seaforester.org/projects,2,4,1,NA,4,1,2,1,1,2,2,1,3,3,3,2,7,8,6,11
258,Cartagena (FUA),Latin America and the Caribbean,Recovery of Cienaga Juan Polo,Recuperación de la Cienaga Juan Polo,"The Recovery of Cienaga Juan Polo project is primarily aimed at reopening the natural mouth of the Manzanillos to restore water flow between the sea and the Juan Polo coastal wetland, which has been affected by human activities leading to high salinity and water stagnation issues (ref 2). The project is led by Fundacion Serena del Mar. Environmental and social sustainability are core components of the project design, which has included extensive community consultations since 2013. These consultations have resulted in agreements covering employment opportunities, education, and infrastructure development (ref 2). Key implementation activities include the reforestation of mangroves and targeted interventions to address ecological degradation, such as increased salinity, water stagnation, and biodiversity loss (ref 2). The project also seeks to enhance the quality of life for surrounding communities by restoring traditional economic activities, particularly fishing, and integrating sustainable urban planning elements such as canals, sluices, and navigable waterways. These features are designed to support the development of a ""blue corridor"" for aquatic mobility within Serena del Mar (ref 2, 3). In addition, it also contributes to local capacity building through environmental education programs that engage community members, researchers, and NGOs in biodiversity monitoring and sustainable practices​ (ref 1).",https://fundacionserenadelmar.org/programa-ambiental-cardique-y-ematuecob/,1,1,3,4,4,1,4,1,2,1,3,4,3,4,1,1,9,10,10,9
259,Dublin (FUA),Europe,The Airfield Community Garden,NA,"Airfield Estate, based in Dundrum, South County Dublin, is a dedicated sustainable food hub and Dublin’s only working urban farm and gardens. The 38-acre site, originally owned by the Overend family, attracts over 120,000 visitors for a fun day out including families, garden enthusiasts, schools, weddings and businesses.
The community garden at Airfield Estate is based on a partnership between the Estate and Toast corporation, a digital technology platform built for restaurants with an office in Dublin. The community garden  was created to produce sustainable fruit and vegetables while also offering opportunities for people to learn about environmentally-friendly food production, empowering them to make more informed food choices. The Toast.org Community Garden at Airfield Estate will be a resource centre for education on nutrition, food sovereignty, seed saving, biodiversity, conservation, and resource management, supporting Toast.org’s mission to enrich the food experience for all.  The community garden will also support Airfield Estate’s ambition to be Dublin’s sustainable food hub and help bring Dublin on its journey to be known as a world-leading sustainable food city (2, 3). The grounds will be accessible to everyone, from the local community and vulnerable groups to corporate employees, and the space will host horticulture talks and workshops on various topics. The partnership between Toast.org and Airfield Estate began in 2021 when some of Toast’s Dublin-based employees volunteered with the charity. The launch of the community garden is one of several ways Toast.org will support Airfield Estate throughout 2023. (2)",https://www.airfield.ie/communitygarden/,1,3,2,3,2,0,3,1,2,3,3,2,3,2,1,2,9,6,10,8
260,Mobile (FUA),Northern America,Cypress Shore Park,Cypress Shore Park,"A new park is being planned for the Cypress Shores area in Mobile (Ref 1). Five civil engineering students from the University of South Alabama contributed to the design of the park (Ref 1). This collaboration offers students practical experience while providing city designers with innovative ideas for the site (Ref 2). The design emphasizes sustainability and cost-effectiveness (Ref 3). The project will feature a small park and boat launch on a 5.6-acre plot (Ref 1) located within a residential neighbourhood (Ref 3).
The park's societal goal is to improve public access to Halls Mill Creek, giving the community a new way to enjoy the waterway, and this focus aligns with the Mobile Bay National Estuary Program (MBNEP) goals (Ref 3). Historically, the property was used as a shipyard with a nearby railroad crossing (Ref 1), marking its transition from an industrial site to a public park.
Several amenities have been identified for the park’s development, including a boat ramp and kayak launch, a boardwalk adapted to sea-level rise, a pavilion and gazebo designed for flood resilience, a wetland nature trail with solar lighting and educational signage, and composting toilet restroom facilities (Ref 3). An armoured shoreline will be implemented to withstand medium water currents, and wave action will be constructed.  Additionally, a living shoreline will be restored with local plants (Ref 3). While the project is still in its preliminary design phase, the timeline for completion is estimated at 12 to 18 months (Ref 1). The designers highlighted a potential trade-off, noting that an influx of visitors to the park could disturb the surrounding residential area (Ref 3).",https://docs.google.com/presentation/d/1b5hx7CCL2zHv7oCacG4U3yY3m3scNb2tVE32dMoQHFI/edit#slide=id.g2cda493b165_2_0,2,1,2,3,2,1,3,1,2,3,2,1,3,2,3,1,8,7,8,9
261,La Paz (FUA),Latin America and the Caribbean,Metropolitan Lineal Park,Parque Lineal Metropolitano,"The Metropolitan Linear Park is a project initiated by the national government of Bolivia, funded by the Inter-American Development Bank (IDB) (1-8). The proposed park will be located along a disused railway corridor between the cities of La Paz and El Alto, spanning 18.2 km (8, p. 8). The project involves the construction of a linear park, divided into five sections, each with distinct objectives, uses, and designs (8, p. 9). This large-scale initiative aims to improve access to public spaces in La Paz and El Alto, enhance connectivity between the two cities, protect surrounding biodiversity and natural spaces, and strengthen resilience to and mitigate the effects of climate change (3 & 8, pp. 11-12).
To achieve these goals, the project design includes outdoor sports and recreational facilities, pedestrian and cycling circuits, as well as the restoration of parks, squares, and public spaces adjacent to the park corridor (8, p. 9). Some features include balcony corridors, flower and food-producing urban gardens, and viewpoints (5). The project also plans for the re-vegetation of the area with native species and aims to stop the environmental degradation of surrounding natural environments, such as the Pura Pura forest, which has been suffering from ongoing deforestation and waste dumping (8, p. 9). These efforts are expected to increase and support biodiversity in the area (7 & 8, p. 12).
Additionally, the project emphasizes social inclusion, with policies designed to incorporate women, indigenous populations, and persons with disabilities (8, pp. 7-8). The park is intended to raise awareness about climate change and biodiversity, ultimately improving the quality of life and health of nearby residents and the citizens of La Paz and El Alto (8, p. 13).",https://www.iadb.org/es/proyecto/BO-L1212,2,1,3,4,2,0,4,NA,2,3,4,3,4,2,3,3,10,6,12,12
262,Cagliari (FUA),Europe,Archipelagos Square,Piazza degli Arcipelaghi,"The project to redevelop Archipelagos Square in Cagliari aims to transform this key urban space, which serves as a gateway between the city and its coastal areas, into a more functional and aesthetically pleasing environment. Currently, the area lacks cohesive design, leading to unregulated use and its transformation into an informal parking lot. The redevelopment will address these issues by enhancing the pedestrian experience and reducing vehicular traffic. Improvements in public comfort and safety will include better rainwater drainage, the removal of architectural barriers, and the creation of accessible pathways for all.
This project emphasizes environmental sustainability and the preservation of the local landscape. Key interventions include revitalizing green spaces, safeguarding native vegetation, and removing invasive species. Integrating walking and cycling paths will improve connectivity between the city, Marina Piccola, and Poetto beach, fostering outdoor recreational activities. A designated eco-system filter will recreate the natural dune environment, blending pedestrian areas with the surrounding landscape.
Funded by the Fondo Sviluppo e Coesione (FSC), the project has a total budget of 3 million euros, with construction lasting 10 months starting in October 2023. The redevelopment reflects the broader goals of Cagliari’s administration to promote sustainable urban mobility and improve the public realm, contributing to the city's vision of becoming a hub for nautical sports while enhancing the overall quality of life for residents and visitors (Refs. 1, 2, 3 & 4).",https://www.comune.cagliari.it/portale/page/it/cagliari_rivela_il_futuro_di_piazza_degli_arcipelaghi?contentId=NVT162247,2,1,4,NA,2,1,1,1,4,2,2,1,3,2,3,3,7,5,9,11
263,Cagliari (FUA),Europe,Restoration of the Rio Mannu-Cixerri,Mitigazione del rischio idraulico Rio Mannu-Cixerri,"In 2020, the Metropolitan City of Cagliari launched a project to enhance flood resilience and ecological integrity in the Mannu-Cixerri river system in southern Sardinia. The river traverses several communes within the metropolitan area, ultimately feeding into the Santa Gilla Lagoon, a vital wetland ecosystem west of the city.
The project, with a budget of €21 million, focuses on three key communes: Assemini, Decimomannu, and Uta. Rather than solely emphasizing structural flood defenses, the initiative integrates nature-based solutions (NbS) to mitigate flood risks while restoring riverine ecosystems. The Metropolitan City of Cagliari, in collaboration with the Sardinian Regional Public Works Department, is responsible for its implementation.
Key interventions include reinforcing and revegetating embankments, improving water flow along the Rio Mannu, and constructing new levee sections in a manner that enhances natural water retention. Additionally, the project involves upgrading bridges to facilitate better floodwater management. These measures align with the Sardinian Flood Risk Management Plan (PGRA) and aim to reduce flood hazards while promoting ecological benefits.
The project timeline began with a two-year preparation phase for the Preliminary Design Document, followed by a year-long tendering process for construction. These efforts represent a crucial step toward long-term flood resilience and environmental sustainability in the region. (Ref. 1, 2, 3)",https://www.unionesarda.it/news-sardegna/provincia-cagliari/rio-mannu-cixerri-21-milioni-per-la-mitigazione-del-rischio-idraulico-wzngmhhq,2,1,3,4,1,1,4,NA,1,1,3,4,2,2,3,3,10,6,9,10
264,Lima (FUA),Latin America and the Caribbean,Real Dos Living Walls and Green Roofs,Jardínes Verticales y techos verdes Torre Real 2,"Located in the Lima district of San Isidro - the heart of commercial activity in Peru - the Real Dos Tower is a prime office building in the Centro Empresarial Real de San Isidro. It was inaugurated in 2018, and it is distributed over 23 levels (14 floors and 9 basements) and enjoys a landscaped green roof (1162 m2) at the crown of the building and numerous outdoor vertical gardens at full height (2365 m2) on the three main fronts (1, 4). This project was a finalist in the 2018 Mipim Awards, considered the ‘Oscars’ of world architecture, and stood out for its architecture and design, due to its attributes of innovation and sustainability (2).
This building has managed to create harmony between design and efficient use of resources. It is characterised by a glass façade with colourful movable shutters and symbolic Peruvian designs (2, 3, 6). It has green walls on the three main fronts, four daylight fronts and a roof garden (2). The architect, Jean Nouvel, worked together with ARVE Peru on the overall landscape plans for the Real Dos tower (1, 3).
This is part of the façade remodelling project of the Camino Real Towers in the Real Business Centre, led by the real estate company Grupo Centenario (1, 2, 3, 4, 5, 6). This overarching Project has sought to develop 4,475 m2 of vertical gardens and roof gardens, which have a technified irrigation system to generate efficiencies in water use, meeting the plants' water requirements in the different seasons of the year. Their implementation helps to filter CO2 and renew the O2 in the office complex. 
The ARVE group describes these actions as conducive to creating thermal barriers and sound insulation, a better environment for rest, work and entertainment and increasing property value (7)",https://www.greenroofs.com/projects/real-dos-living-walls/,2,NA,NA,NA,4,NA,NA,NA,3,2,NA,NA,2,1,3,3,2,4,5,9
265,Lisboa (FUA),Europe,"Green Blue Axis of Sintra, Oeiras and Amadora","Eixo Verde e Azul (EVA) Sintra, Oeiras e Amadora","The Green and Blue Axis (Eixo Verde e Azul, EVA) is an inter-municipal green corridor project connecting the municipalities of Sintra, Oeiras, and Amadora through a 15-kilometre green ecological axis along the Jamor River (Ref 2). It aims to renaturalize the river, improve water quality, and control flooding while promoting sustainable mobility through pedestrian and cycling routes (Ref 5). The project also enhances public access to green spaces and cultural heritage sites, such as the Queluz National Palace (Ref 6). EVA supports the Lisbon Metropolitan Area’s regional strategy for climate change adaptation, risk prevention, and low-carbon economy (Ref 4). Funded by the European Regional Development Fund and municipal budgets, the project has an overall investment of €11 million (Ref 1). EVA exemplifies inter-municipal cooperation, overcoming policy conflicts to achieve shared environmental, social, and economic goals, making it a model for integrated territorial development (Ref 4). The project’s long-term impact includes reduced carbon footprint and increased territorial cohesion.",https://sintranoticias.pt/2018/04/24/inicio-da-eixo-verde-e-azul-em-sintra-vao-marcar-o-25-de-abril-no-municipio/,2,1,4,3,4,1,3,1,3,3,4,4,3,1,2,3,10,9,14,9
266,Berlin (FUA),Europe,Sustainable Urban Drainage System in  Potsdamer Platz,Regenwasserbewirtschaftung am Potsdamer Platz,"In an architecturally important area of Berlin, situated between the Landwehr Canal, the Kulturforum (the Berliner Philharmonie and the Berlin State Library) and the new construction on Potsdamer Platz, a combination of green and grey infrastructure has been realised to minimise the burden on Berlin’s existing water infrastructure.
Green and non-green roofs harvest annual rain, which flows through the site’s buildings and is used for toilet flushing, irrigation, and fire systems. The roofs retain and then release water to the large on-site buffer pond, which has five underground storage tanks. Next to the roofs, a series of urban ponds and connecting canals have been implemented, with a combined area of approximately 1.2 hectares. They are filled with rainwater, creating an oasis for urban life. Vegetated biotopes are integrated into the overland landscape and serve to filter and circulate the water that runs along streets and walkways. The lake’s water quality is excellent, forming a natural habitat for animals and cooling the surroundings, while fresh water usage in the buildings has been reduced. (Ref. 1; Ref. 2; Ref. 3; Ref. 6)
The project was implemented in the 1990s as part of the development of Potsdamer Platz in the wake of the reunification of Germany. Several architects collaborated on the implementation that was completely privately funded. Beyond its ecological and technical features, the site is a blue natural site in the heavily built city centre of Berlin and allows people to linger and enjoy natural features. The drainage system won several sustainability prices and is considered a successful integration of nature and technology-based mechanisms to foster climate change adaptation. As the rainwater system stores rainwater in underground tanks and ponds, the urban sewage system is relieved during heavy rain, and water can evaporate. Therefore, the small water circle is closed, and the microclimate is cooled. (Ref. 2; Ref. 6)",http://www.greenroofs.com/projects/potsdamer-platz/,4,1,4,3,3,0,2,1,3,2,3,1,2,3,2,2,12,6,9,9
267,Alexandria (FUA),Africa,Al-Nasr Youth Center Seed Planting,صديق للشجر من الإسكندرية,"In Egypt, knowledge about climate change remains limited, particularly among the younger generation. While all children globally face the challenges of a degrading natural environment and climate change, some are more vulnerable than others. This vulnerability is often influenced by the quality, availability, equity, and sustainability of essential services such as water, sanitation, healthcare, nutrition, and education. In response to these concerns, Egypt has taken steps to empower its youth to engage meaningfully in international efforts to combat climate change.
In 2022, with the support of UNICEF, the United Nations in Egypt, USAID, and the Embassy of Switzerland, Egypt's Ministry of Youth and Sports and Ministry of Environment launched the EGYouth4Climate Caravan. This initiative aims to raise awareness among children and young people about climate issues, encourage climate action, and provide a platform for youth to share their opinions and ideas. The caravan hosts a range of activities, including capacity-building sessions, youth dialogues, competitions, festivals, theatrical performances, bootcamps, and awareness campaigns.
One of the caravan’s stops was at the Nasr Youth Center in Alexandria, where a seed-planting workshop was held as part of the caravan’s reforestation activities. This workshop offered children a hands-on learning experience, teaching them about the importance of trees and providing an opportunity to plant seeds and trees across the center’s grounds. Through such initiatives, the EGYouth4Climate Caravan fosters climate literacy and environmental stewardship among Egypt’s youth, empowering them to take active roles in shaping a sustainable future. (1, 2)",https://www.unicef.org/egypt/stories/friend-trees-alexandria,1,1,1,2,1,0,1,1,4,1,4,1,2,2,1,2,5,3,10,7
268,Göteborg (FUA),Europe,Kungsgärdet urban farm,Kungsgärdets byaodling,"Kungsgärdet Byaodling is an urban farm set up by local farming association Kungsbacka Tillsammansodling, in Kungsbacka south of Gothenburg. Since 2023, the project has been funded by a 78 000 EUR grant via the non-profit organisation Lokalt ledd utveckling Halland (locally led development) using funds from the EU and the Swedish Board of Agriculture (Jordbruksverket) [Ref. 1, 2, 4]. The goal is to grow food in a sustainable and circular way, building soil health and promoting biodiversity. Using a total area of 4500 m2 on former unused grassland, the urban farm includes: 1100 m2 of effective growing area, 1000 m2 of flowering meadows, fruit and berry trees and bushes, and functional and social areas. The meadows and trees are intended to contribute to biodiversity, while social areas are meant to create a sense of community and benefit the well-being of the people active at the farm [Ref. 1, 3]. The farming association has been around for a few years, but the project funds will allow them to expand and develop the farm over three years, invest in new equipment and arrange free lectures for the public about sustainable farming practices [Ref. 1, 4]. The grant will also allow them to take in more members without anyone having to pay anything, promoting social inclusion.",https://www.kungsbackatillsammansodling.se/kungsgardets-byaodling/,1,4,2,2,3,0,2,1,4,2,2,1,3,3,1,4,9,6,9,11
269,Lisboa (FUA),Europe,Extension of the Tagus Estuary Linear Riverside Park,Parque Linear Ribeirinho Estuário do Tejo,"The Tagus Estuary Linear Riverside Park is a significant environmental and recreational project in Vila Franca de Xira. As part of a broader urban regeneration initiative, the park aimed to enhance the natural and cultural landscape by promoting ecological regeneration while providing public access to the Tagus River (Ref 1). Created in 2013, the park has won several international awards and since then, the park has undergone several extensions. In 2017, another 700-meter walkway was added towards Santa Iria, and the inhabitants of this urban area of Vila Franca de Xira widely use it (Ref. 6). The park covers over 14 hectares and includes pedestrian and cycling paths, environmental education facilities such as the Bird Observatory, and the Environmental and Landscape Interpretation Centre (Ref 2). 
Recently announced in 2023, the park's newest expansion is set to extend the riverside trails further, creating a continuous route from Lisbon to Alhandra (Ref 5).  With future phases planned, the project is expected to significantly increase public interaction with the riverfront and its biodiversity (Ref 5). In this new project phase, the Vila Franca de Xira Municipal Council begins the requalification and environmental and landscape conservation of another section of the riverfront of the Municipality of Vila Franca de Xira, between Alverca and Sobralinho, covering an extension of approximately 4.9 km and an area of ​​approximately 14.1 hectares (Ref. 7). The extension of the park will be developed similarly to its existing infrastructure. New paths for pedestrians and cyclists will be created using elevated wooden structures (walkways). In total, two new cycle-pedestrian trails will be created – Trilho das Comportas (3.32 kilometres long) and the Trilho dos Salgados (594 metres long) –, and the Trilho do Tejo will be extended by a further 990 metres (Ref. 5).",https://www.cm-vfxira.pt/saber-lazer/natureza-e-lazer/poi/parque-linear-ribeirinho-estuario-do-tejo,2,1,2,4,4,1,4,NA,1,2,3,4,2,2,2,1,9,9,10,7
270,Cartagena (FUA),Latin America and the Caribbean,Revitalization of Loma El Marion,Recuperación de la Loma El Marión,"The Loma del Marión recovery project in Cartagena, Colombia, is a community-driven initiative supported by EPA Cartagena that focuses on restoring and conserving the remaining 1.2 hectares of tropical dry forest. Initially covering 33 hectares, the area has suffered degradation due to illegal encroachments, deforestation, and waste burning. The project has included planting over 3,000 plants and fostering community involvement in environmental conservation (ref 1). The main goals are to restore the ecosystem by reforesting native species, preventing landslide risks, and developing an ecopark that will serve as an educational and recreational space. Planned facilities include a library for learning about local flora and fauna, hiking trails, and a community garden to enhance local food security (ref 1,4).  A notable educational initiative in the project is the formation of ""Vigías del Ambiente"" (Environmental Watchers), a group of 40 youths from the Red Nacional Jóvenes de Ambiente, supported by EPA Cartagena and CDKN. This initiative educates young people on climate change, conservation, and waste management through workshops and activities (ref 2, 3). In addition, the EPA is leading detailed studies of the tropical dry forest to identify and protect endemic species (ref 5). The project has resulted in significant environmental and social benefits, such as planting thousands of trees, boosting community engagement in conservation, and establishing youth groups dedicated to sustainable development and climate action (ref 3, 5).",https://epacartagena.gov.co/web/vigias-del-ambiente-continuan-acciones-por-cambio-climatico-en-loma-del-marion/,1,1,1,4,2,0,4,1,2,2,4,4,3,3,1,1,7,7,12,8
271,La Paz (FUA),Latin America and the Caribbean,Afforestation of the Mallasa Landfill,Forestacion del ex-relleno Mallasa,"This initiative was launched by the local government of La Paz, focusing on afforestation of the Mallasa landfill, which was closed in 2004 (1-4 & 6-10). While some plantations were established in the area when the landfill was closed, the overall plan aimed to manage the waste until the site was sufficiently clean for new projects—a process expected to take at least a decade (6). By 2021, signs of biodiversity, including flora and fauna, had begun to return to the former landfill. In response, the municipality of La Paz implemented a project to plant 6,000 native tree species, along with other shrub species, to further enhance biodiversity regeneration and establish a second urban forest in the city (3 & 4 & 7 & 8).

The afforestation efforts took place between 2021 and 2022, coordinated through ""forestry brigades"" made up of diverse volunteer groups. These groups included members from public institutions, private company representatives, NGOs (both environmental and non-environmental), universities, religious organizations, and local citizen groups (8-10). A total of 12 hectares were reforested out of the 33-hectare area (1 & 7). Following this, the area was closed to the public and is expected to become a biodiversity sanctuary within ten years, with ongoing monitoring by the municipal environmental agency (7). Among the trees planted, some were chosen to attract birds with their fruit, others to support the pollination of hummingbirds and bees, while others were intended to enrich the soil with nutrients—all species being native to the region (3 & 7).

Additional goals of the initiative include raising awareness about climate change, fostering a sense of environmental stewardship through community engagement, and advancing the municipality's decarbonization plans (3 & 9). Some of the seedlings and saplings were purchased by the municipality at a cost of 6,160 euros, with private companies also contributing financial support to the initiative (1 & 7).",https://lapaz.bo/exrelleno-sanitario-de-mallasa-va-camino-a-convertirse-en-el-pulmon-de-la-paz-con-siembra-de-mas-de-4-mil-arboles/,2,1,2,4,4,0,4,NA,4,2,2,4,4,4,3,4,9,8,12,15
272,Dublin (FUA),Europe,Poppintree Park,NA,"Ballymun is a suburban area on the north side of Dublin, Ireland. Originally developed in the 1960s, Ballymun was built to address Dublin’s post-war housing shortages, with iconic high-rise towers and flat complexes. However, over the years, the area faced social and economic challenges, leading to a reputation for issues such as poverty, unemployment, and lack of services.
In response, the Irish government launched the Ballymun Regeneration Project in the late 1990s. As part of the Ballymun Regeneration, Poppintree Park has been transformed into a 45-acre public space at the heart of Ireland’s celebrated urban renewal project in Ballymun Town Centre. This redevelopment followed an extensive public consultation process, incorporating input from local residents, sports clubs, community groups, and youth organizations.
Poppintree Park now offers a range of upgraded amenities, including a Tree Trail featuring 15 native tree species, enhanced biodiversity, extensive wetlands, sustainable drainage systems, and spaces for passive and active recreation. The park also features a 1.25-acre playground for children aged 0-12, an amphitheater with a permanent pond, and a fully accessible pathway network with abundant seating and viewing areas. Over 50,000 plants have been added to enhance the park’s natural beauty.
The park’s transformation, led by Ballymun Regeneration Ltd., involved significant engineering and landscaping efforts. Mitchell + Associates provided the detailed landscape design, construction drawings, and supervised the landscape works. 
Completed in 2010, Phase 1 of Poppintree Park’s redevelopment represents an investment exceeding €6 million. The project includes substantial earthworks, drainage systems, gabion walls, three limestone-paved entrance plazas, structural retaining walls, a cantilevered pond walkway, diverse path surfaces, and high-quality playground construction. (1-7, 10)",https://kilwex.ie/portfolio/poppintree-park/,2,3,2,4,2,0,4,1,2,2,4,4,3,3,2,2,11,7,12,10
273,Berlin (FUA),Europe,Park at the triangular track,Park am Gleisdreieck,"The Park am Gleisdreieck is a public urban park in the city centre of Berlin, spanning more than 30 hectares across three individual sites (Ostpark, Westpark, Flaschenhalspark) on former railway tracks. The landscape of the Park am Gleisdreieck is characterised by the central, extensive lawn and meadow areas, which are bordered by woodland-like areas - the so-called track wilderness - as well as various park trees and crossed by wide paths or old railway tracks. The park space features various recreational activities for sports and play as well as community gardens for intercultural exchange (Ref. 12). Being abandoned after WW II, the land rewilded and after being partially opened to the public in 2011, the primary aim of the maintenance and development measures was to harmonise the interests of nature conservation and recreational use. (Ref. 1; Ref. 3)
Many of the plant species in the Park am Gleisdreieck once travelled a long way by train. This is what makes the biodiversity in the park so special. It is a wild mixture of long-established Berlin plants and exotic species that specialise in dry, nutrient-poor soils. The park is part of Berlin's open space network, which extends from Tiergarten to Schöneberger Südgelände. It therefore makes a significant contribution to connecting habitats. (Ref. 1)
Initiatives of citizens have been working for years for the realisation of a park on the former railroad site at Gleisdreick, and so the residents have been involved in the park planning and design in an intensive dialogue process from the beginning and are still involved in the park management. (Ref. 2) The opening of the park served as a compensation measure for the construction of the urban development projects at Potsdamer Platz and aimed at increasing accessible green space in a densely and rapidly built urban environment. (Ref. 4)",https://www.parkamgleisdreieck.de/,1,3,3,4,4,0,4,1,4,2,4,3,3,3,2,3,11,9,13,11
274,La Paz (FUA),Latin America and the Caribbean,Revitalization of Urban Central Park,Revitalización del Parque Urbano Central,"In 2001, the local municipality of La Paz, in collaboration with the International Union of Architects (UIA), launched a design contest to create a central park within a protected natural area (3). The park's aim was to develop urban infrastructure while connecting nature with the city (3). The winning architectural design envisioned an infrastructure that would harmonize with the existing natural surroundings and minimize interference with the environment (4).
The park's implementation included pedestrian and bike pathways, numerous panoramic viewpoints, facilities for exercise and cultural events, buildings dedicated to science, historically significant monuments, playgrounds, and the rehabilitation and creation of multiple green spaces (1 & 4 to 6).
While most of the project was completed by 2009, the area's exposure to recurrent landslides, droughts, and illegal waste disposal, combined with ongoing degradation, has necessitated afforestation efforts and maintenance actions from the municipality to ensure the protection of the natural area and enhance its benefits (7 & 8). Recently, the park has been part of a national citizen monitoring program for species, which has improved the categorization of wildlife in the area (11 & 12). Additionally, 2,000 trees were planted in the park in 2023 as part of a reforestation campaign, and cleaning and watering maintenance work has been carried out to support their growth (7 & 13). This initiative is part of a larger project to revitalize the park (10 & 13).
Overall, the park aims to protect local wildlife and plant species while acting as a ""green lung"" for the city, regulating the climate, providing recreational spaces, and improving livability (14).",https://www.elalteno.com.bo/sociedad/20240422/alcaldia-revitaliza-el-parque-urbano-central,2,1,4,4,4,0,4,1,4,3,4,4,4,3,3,4,11,9,15,14
275,Detroit (FUA),Northern America,Stein Park Bioswale,NA,"In 2015, The Greening of Detroit and the Joy-Southfield Community Development Corporation collaboratively installed a bioswale in Stein Park, Detroit, as part of a broader effort to mitigate flooding in the Cody Rouge neighborhood. The area, particularly affected by heavy rains and flooding due to its proximity to the Rouge River, suffered significantly during the 2014 Great Flood, highlighting the need for improved stormwater management. The bioswale, a Green Stormwater Infrastructure (GSI) feature, was designed to capture and infiltrate up to 6,000 gallons of stormwater, diverting it from the city’s aging combined sewer system. By reducing the risk of sewer overflows, this installation also decreases the flow of untreated water into local waterways.

Funded by an $83,000 Kresge Foundation grant, the bioswale incorporates a mixture of native plants, prairie wildflowers, and ornamental grasses to filter sediment and pollutants. In addition to stormwater management, the project aims to enhance community engagement and economic revitalization. Students from Cody DIT High School's Green Team participated in the planting and design process, learning valuable skills in landscape architecture and green infrastructure. The project also ties into the Joy-Southfield CDC's vision of establishing a ""green zone"" to promote community safety, economic growth, and environmental stewardship.

Future plans include further green infrastructure development, such as additional bioswales and a parking lot with pervious pavers, contributing to Cody Rouge’s transformation into a model neighborhood for green development. This project not only addresses urgent environmental concerns but also fosters community pride, safety, and economic opportunities, positioning the neighborhood as a leader in Detroit’s green infrastructure movement.
(Ref.1-4)",https://www.greeningofdetroit.com/stein-park-bioswale,2,1,2,2,4,0,2,1,2,3,2,2,3,3,2,3,7,7,9,11
276,Cartagena (FUA),Latin America and the Caribbean,Tree planting campaign in Mamonal,Siembra de Arboles en el Mamonal,"The Establecimiento Público Ambiental (EPA) Cartagena has led multiple tree-planting initiatives in the Mamonal Sector as part of its ongoing efforts to promote environmental sustainability in Cartagena. The main goals of this initiative are to recover and enhance urban green spaces by planting trees, improve air quality and build a strong environmental culture within the community.  In April 2024, EPA Cartagena led a tree-planting and public space recovery initiative in Nuevo Oriente, in collaboration with local authorities, community representatives, and the private sector, such as Veolia, as part of its ongoing efforts to strengthen environmental education and promote urban sustainability (ref 1). In a related tree-planting campaign, 210 new trees in Mamonal and Membrillal to help mitigate climate change, reduce air pollution, and protect local biodiversity. The effort received support from local industries such as Etex and AM SAS Mamonal.  This campaign also aimed to enhance the natural environment in industrial areas and to encourage other companies and community members to join in environmental restoration efforts (ref 3).",https://epacartagena.gov.co/web/empresas-de-mamonal-se-unen-a-campana-de-arborizacion-del-epa-cartagena/#:~:text=Empresas%20de%20Mamonal%20se%20unen%20a%20campaña%20de%20arborización%20del%20EPA%20Cartagena,2,1,3,NA,2,1,4,1,1,1,4,4,3,3,1,1,6,8,10,8
277,Mobile (FUA),Northern America,Perch Creek Nature Trail & Preserve,Perch Creek Nature Trail & Preserve,"Perch Creek is one of the many meanders that drain into Dog River (Ref 2), located just west of Mobile Bay (Ref 3). These areas include sensitive, tidally influenced marshes and flats where the brackish water of the Bay meets fresh waters (Ref 1). The Perch Creek Nature Trail & Preserve project aims to protect 96 acres on Perch Creek (Ref 3). It is part of efforts to revitalise Mobile’s coastal community and improve the water quality of the city's urban river (Ref 2), following the devastation of the BP oil disaster in 2010. 
The project focuses on two main aspects: creating a low-impact recreational destination to spark economic redevelopment, and preserving Mobile’s coastal wetlands (Ref 1).
The conservation aspect involves wetland acquisition, marsh restoration, and invasive species management, improving water quality in both waterbodies (Ref 1). The area, rich in wildlife, requires habitat protection, including for migrating birds, foxes, alligators, manatees, and bald eagles (Ref 1). Brackish marshes on the property serve as nurseries for fish, while forested areas provide natural corridors for wildlife (Ref 3). The wetlands also play a role in flood control, acting as natural sponges to absorb rising tides and cleanse stormwater runoff before it reaches Mobile Bay (Ref 1). Additionally, they store stormwater, helping mitigate flooding as storms intensify (Ref 3).
The recreational aspect includes developing nature-based recreation, such as nature trails and kayak launches, as well as expanding public access to natural resources (Ref 3). In 2018, the Perch Creek section was added to the Alabama Coastal Birding Trail, with educational signage for kayakers (Ref 1). 
This comprehensive project preserves vital habitats and flood-absorbing wetlands, while providing outdoor recreation opportunities and supporting the coastal community's recovery (Ref 2). It combines high-quality water resources, wildlife connectivity, scenic beauty, and outdoor recreation (Ref 3).",https://thepeninsulaofmobile.org/our-projects/perch-creek-nature-trail-preserve/,2,1,3,4,2,1,4,1,1,3,2,3,4,2,3,1,10,8,9,10
278,Tirana (FUA),Europe,Trees of Friendship,Pema e miqësisë,"In 2020, the European Fund for the Balkans (EFB) launched the Trees of Friendship project, which plants over 400 trees annually across six Western Balkan capitals, known to be some of the most air-polluted cities in Europe (Ref. 5). Tirana has been involved from the start, having planted over 110 trees in locations such as Great Lake Park in 2020 and Farka Park in 2022 (Ref. 1,2).
The project is carried out with the support of local municipal and civil society partners, including Tirana's Parks and Recreation Agency and the Environmental Territorial Management Institute, along with activists and volunteers (Ref. 1,2). The initiative was planned in 2019 when the EFB board decided to mitigate its CO2 emissions from business-related flights and enhance local and regional cooperation on air pollution (Ref. 3,4,5). Despite challenges in citizen engagement during the COVID-19 pandemic, the Trees of Friendship project continues to raise awareness about the role of trees in mitigating the impact of air pollution on health and well-being (Ref. 2). Its strong and well-established local and regional partnerships have facilitated the project's implementation in the past and continue to benefit in scaling the project (Ref. 1,5).",https://okruzenje.com/en/vicinities-chronicles/kledisa-celatirana-50-new-trees-at-farka-lake-in-albania/,2,1,4,2,3,0,2,1,4,1,4,1,2,3,2,3,9,6,10,10
279,Tirana (FUA),Europe,Rehabilitation of Rinia Park,Parku Rinia,"Rinia Park has been a significant social and recreational area in the center of Tirana since the 1950s. Over the years, it has undergone several phases of development and restructuring, each linked to the socio-political regime of the time (Ref. 1). Its most recent rehabilitation was driven by the need to revitalize public spaces and improve the quality and accessibility of urban green areas. In 2019, extensive work on enhancing the park’s infrastructure and amenities began. By June 2020, installations were completed, including new and diverse playgrounds for children, improved lighting and drainage systems, expanded walking paths as well as designated chess and dog areas (Ref. 1,2,6). Both children and the elderly benefit from these new features, which promote social interaction and make the park more inclusive for different age groups (Ref. 2).
To protect the Independence Monument from vandalism, a surrounding water feature was added. An additional benefit of the the new lighting installation is the extended access of the park well into the evening (Ref. 1,6).
Given the park’s profound history, it stands as a symbol of urban renewal and continues to serve as a central gathering spot for people and cultural events (Ref. 7).",https://aprtirana.al/parqe-rekreative/parku-rinia/,2,2,1,4,3,0,4,1,4,2,4,3,2,2,1,1,9,8,13,6
280,Lima (FUA),Latin America and the Caribbean,Lomas de Primavera Reforestation Project,Proyecto de reforestación de las Lomas de Primavera,"To protect the Lomas de Primavera from urban pressure and other threats, the Lomas de Primavera Ecological Association has implemented strategies for its conservation. One of the strategies this organisation has promoted is reforestation activities. Working together with the Municipality of Lima and other interested actors, they have sought to expand Lima's green spaces, improve air quality, enhance flora, and promote tourism, among other benefits (1). Lima's Municipality has supported the project by donating 20,000 trees for reforestation and to prevent land encroachment (1), social organisations and environmental activists have joint efforts to plant more than 250 trees to support the conservation efforts (2, 7).
The Lomas de Primavera Ecological Association leads the project, organizing community management efforts to conserve the Lomas de Primavera sector. This association is based in the Agrupación Familiar Primavera Lomas de Carabayllo community (2). The association's conservation activities involve collaboration with various stakeholders at different levels. Locally, it works with community leaders and organizations. At the district level, it coordinates with the Carabayllo municipality and the NGO CIDAP to improve urban conditions. The metropolitan-level collaboration includes the Municipality of Lima and the ACR 'Sistema de Lomas de Lima' for ecosystem protection and valorization. Nationally, it partners with MINAM, SERNANP, MINAGRI, UNDP, UCV, and the Network of Peruvian Lomas to enhance ecosystem services, restore degraded areas, and conduct research on the Lomas (2).
The preservation and reforestation of these ecosystems is essential, as they have social, cultural and environmental value, including the following ecosystem services: provision of genetic resources, soil formation, pollination, aesthetic services, ecotourism, food, education, and archaeological and historical services (3)",https://repositorio.lamolina.edu.pe/handle/20.500.12996/5426,2,4,3,4,2,0,4,1,3,2,4,4,2,3,3,3,13,7,13,11
281,Dublin (FUA),Europe,Santry River Restoration and Greenway Project,NA,"A new landscape plan for the Santry River, developed since 2019, envisions it as “the backbone of a green infrastructure project,” designed to support nature, pedestrians, and cyclists. The project will create a continuous route from the Dublin Bay Biosphere at St Anne’s Park to the wider hinterlands of Dublin at Sillogue.
The plan proposes transforming the Santry River into an “integrated green-blue landscape for ecology and recreation,” incorporating a variety of sports, cultural, and leisure activities. Through an agreement with Fingal County Council and the National Transport Authority, Dublin City Council has commissioned studies to address the existing flood risks along the river.
The council’s goals for the Santry River include river restoration, flood mitigation, greenway development, and environmental protection, extending from the river’s origin in Harristown within Fingal County to its outlet at James Larkin Road. The project framework will span four years, with annual reviews and budget assessments.
The project team has engaged the public in early autumn of 2022 to gather input on these plans, as the Santry River project aims to create a vibrant River Park that integrates natural and recreational elements. Running through North Dublin, this new green-blue infrastructure will serve both ecological and community needs, offering opportunities for sports, culture, and relaxation. Ultimately, it will form a natural corridor linking the Dublin Bay Biosphere at St Anne’s Park with Sillogue, promoting biodiversity while enhancing accessibility for pedestrians and cyclists (2).",https://www.dublincity.ie/residential/environment/protection-water-bodies/green-infrastructure/santry-river-restoration-and-greenway-project,2,1,4,4,2,1,4,NA,2,1,4,4,3,2,2,3,11,7,11,10
282,Lima (FUA),Latin America and the Caribbean,Rimac River Landscape Project,Proyecto Especial Paisajístico Río Rímac,"The Rimac River Special Landscape Project, developed by the Municipal Programme for the Recovery of the Historic Centre of Lima (PROLIMA), is a municipal proposal that arose as a response to the significant degradation of the Rimac River as it passes through the historic centre of the Peruvian capital. The river has lost its character as a green corridor and potential public recreational space for citizens (1, 3). The main problems affecting the river are related to the erosion and risk of flooding of the river space, the ecological degradation of its channels and banks, the disconnection and low quality of adjacent public spaces and the urban fragmentation caused by car-oriented mobility (2). To recover its essence as an ecological green corridor, it was proposed to give back to the Historical Centre its riverside identity and to recover the water, environmental and scenic landscape. This project aims to restore the Rímac to its role as a geographical heritage and backbone of the city of Lima, creating a system of accessible and sustainable public spaces that will help to recover this water, urban and historical landscape, as well as providing a better quality of life for the residents and users of the Historical Centre (1).
The project consists of 4 stages of intervention: Puente del Ejército - Puente Santa Rosa / Puente Santa Rosa - Puente Balta / Puente Balta - Límite
of the CHL to the east (5). Among the interventions that make up the Special River Landscape Project are: the renaturation of the 4 km of the Rimac River as it passes through the city, the construction of 14 parks, 7 squares, 1 tree planting project, 24 street renovation projects, 7 bridges/pedestrian walkways, 10 building rehabilitations and 2 new public facilities (4). It is planned to start implementing the project by the end of 2024 (4).",https://www.archdaily.cl/cl/983161/proyecto-especial-paisajistico-rio-rimac-un-corredor-verde-ecologico-como-oportunidad-para-la-regeneracion-urbana-de-lima,2,1,NA,3,2,0,3,1,1,3,4,1,3,4,4,3,6,6,9,14
283,Berlin (FUA),Europe,Restoration of the Panke river,Renaturierung der Panke in Berlin,"The Panke is a watercourse that rises outside Berlin and reaches the urban area of the city, flows through the districts of Pankow and Mitte and flows into the Berlin-Spandau Ship Canal in Wedding. The length of the Panke is around 29 kilometres. Almost the entire length of the Panke in Berlin (around 17.6 km) is to be renaturalised - on the section from the state border in the north of Berlin to its confluence with the Berlin-Spandauer-Schifffahrtskanal (BSSK). The Panke is currently a small watercourse that has been heavily remodelled by humans. In large parts of the watercourse, the banks have been straightened like a canal and reinforced with sheet piling, among other things. Existing riverbed drops and weirs prevent fish from travelling unhindered through the watercourse. Studies on water body (structural) quality, typification and other biological quality characteristics have shown that the Panke has poor status values in the majority of Berlin's sections, e.g. in terms of the fish population. The negative assessment results are primarily attributed to the lack of habitat and structural diversity, the lack of passability of the watercourse and, in some cases, high nutrient loads. (Ref. 1)

The restoration of the river was initiated by the State Berlin, following the European Water Framework Directive. The central aim is to implement flood plains and recreate the pre-straightened water course, to ensure space for flooding, habitats for more diverse flora and fauna, increase water flow for better water quality and create a site for recreation in a densely built city. (Ref. 1; Ref. 2) The project started back in 2003 and is expected to be finished in the 2030s (Ref. 2; Ref. 7).",https://www.berlin.de/sen/uvk/mobilitaet-und-verkehr/infrastruktur/wasserbau/ausbau-von-gewaessern/panke/#Renaturierung,2,2,3,3,2,0,3,2,2,1,4,3,3,3,2,2,10,7,10,10
284,Nairobi (FUA),Africa,Improving Ngong Hills Forest Conservation Efforts through Raising Local Community Awareness of Biodiversity Conservation,NA,"Ngong is a town in southern Kenya, located near Nairobi in Kajiado County, on the slopes of the Ngong Hills. The municipality has experienced significant development and population growth due to improved infrastructure and social amenities. However, this expansion poses a threat to biodiversity, as increased demand for agricultural land, wood, and raw materials is depleting the area's forests and putting many species at risk of extinction. Overgrazing, illegal logging, invasive species, and climate change-induced extremes like droughts and floods have further exacerbated the situation.

In response, the Rufford Foundation proposed the Improving Ngong Hills Forest Conservation Efforts through Raising Local Community Awareness of Biodiversity Conservation project. The initiative seeks to restore the Ngong Hills forest ecosystem through community-driven conservation. A nursery for native species was established, and tree planting campaigns were conducted in collaboration with national and local governments, community-based organizations, indigenous groups, and schools. Additionally, awareness programs and capacity-building efforts were launched, engaging local schools in restoration activities and organizing workshops to train community members and officials. (Ref. 1, 2, 3, 4, 5)",https://www.rufford.org/projects/teresiah-muciku-mungai/improving-ngong-hills-forest-conservation-efforts-through-raising-local-community-awareness-biodiversity-conservation/,2,NA,NA,NA,4,NA,NA,NA,2,4,NA,NA,4,2,4,3,2,4,6,13
285,Detroit (FUA),Northern America,Chandler Park Marshland,NA,"Chandler Park, a historic park in Detroit constructed in the 1800s, underwent multiple expansions from 1922 to 1950 to include amenities such as a pool (later converted into a water park), a golf course, and public green spaces. In 2013, an expert panel recommended constructing a 2.5-million-gallon marshland within the park to provide a unique recreational and educational feature and incorporate green infrastructure principles for improved stormwater management. Completed in December 2019, the Chandler Park marshland was a collaborative project between The Greening of Detroit and the Chandler Park Conservancy, designed to enhance Green Stormwater Infrastructure (GSI) across 200 acres.
The marshland manages 2.5 million gallons of stormwater, substantially reducing the load on Detroit’s combined sewer system and minimizing basement flooding during heavy rains. Engineered with rain gardens, bioswales, and a pump system circulating up to 4 feet of water, the marshland fosters a balanced ecosystem with higher oxygen levels, benefiting local flora and fauna.
With 4,500 native plants, the marshland supports diverse wildlife, including migrating birds, turtles, frogs, pollinators like bees and butterflies, and natural mosquito predators. This project not only contributes to flood mitigation but also improves water quality by capturing stormwater and allowing pollutants to settle.
Additionally, the marshland provides a foundation for future environmental education, with plans to add an outdoor classroom and public learning spaces. The use of native plants ensures low maintenance and sustainability, requiring minimal water and fertilizers. By creating new habitats and recreational areas, the Chandler Park Marshland promotes biodiversity, environmental education, and community engagement, while alleviating urban runoff’s impact on Detroit’s sewer system.
(Ref.1-3)",https://www.chandlerparkconservancy.org/marshland-1,2,1,2,4,4,0,4,1,4,3,2,2,4,3,2,4,9,9,11,13
286,Detroit (FUA),Northern America,PARC Rain Gardens Plymouth,NA,"The PARC Rain Garden project in Plymouth, Michigan, is an innovative initiative led by the Plymouth Arts and Recreation Complex (PARC) and Friends of the Rouge, aimed at addressing stormwater management and enhancing local environmental quality. Supported by a $400,000 grant from Michigan’s Department of Environment, Great Lakes, and Energy (EGLE) through its Nonpoint Source Program, this project will involve the construction of over 31,500 square feet of rain gardens located on the property of Plymouth Arts and Recreation Complex (PARC). These gardens are designed to filter up to 240,000 gallons of stormwater per rainfall event, preventing runoff from entering local waterways like the Tonquish Creek. The rain gardens will also mitigate flooding, reduce pollution, and create a more stable water flow in the Rouge River watershed, which is heavily impacted by urban development.
In addition to their environmental benefits, the rain gardens will provide aesthetic and ecological value to the PARC campus. The plantings, featuring native Michigan species, will create habitats for pollinators such as bees, butterflies, and birds, complementing the existing beehives on the PARC rooftop. The project aims to showcase the feasibility of integrating green infrastructure into routine construction, encouraging its adoption in other urban areas and residential spaces.
Ultimately, the PARC Rain Garden project will not only improve stormwater management but also serve as a model for sustainable urban development, enhancing the landscape while fostering environmental stewardship in the Plymouth community.
(Ref.1,2)",https://therouge.org/join-us-for-a-celebration-of-the-new-rain-gardens-at-parc/,2,1,2,2,4,0,2,1,3,1,2,1,3,3,2,4,7,7,7,12
287,Detroit (FUA),Northern America,Therapy Forest - Rescue MI Nature Now,NA,"The Therapy Forest project in Nolan, Detroit, initiated in 2022 and completed in 2024, represents a step forward in urban renewal and ecological restoration, led by Rescue MI Nature Now (RMNN) and local volunteers. RMNN, founded in 2019, aims to transform vacant lots in the Nolan neighborhood—an area heavily impacted by the mortgage lending crisis—into green spaces that combat urban decay. The Therapy Forest, a 2.25-acre site, is designed as an accessible, restorative environment inspired by the Japanese practice of “Shinrin-Yoku,” or forest bathing, which encourages individuals to engage with nature through all their senses.
This project not only enhances the aesthetic appeal of the neighborhood but also serves as a habitat for native plants and pollinators, such as goldenrod and honeybees. Through a participatory planning and design process, RMNN has actively involved community members, particularly youth, in the development and ongoing maintenance of the forest. The project includes flowering beds, perennial gardens, and other landscaping features aimed at creating a serene and therapeutic environment.
The Southeast Michigan Resilience Fund provided key financial support, recognizing the project's potential to transform neighborhood decay into a green space that serves both ecological and social purposes. The Therapy Forest is expected to become a communal asset, offering hands-on learning opportunities for local students while also providing a peaceful retreat for residents and visitors.
By converting over 2.25-acre of vacant land, RMNN’s Therapy Forest stands as a model for how urban areas can reclaim unused spaces, fostering resilience, community engagement, and environmental stewardship. This initiative not only revitalizes the Nolan neighborhood but also serves as a beacon of hope and renewal, demonstrating the impact of green spaces on urban communities.
(Ref.1-4)",https://www.rescuenaturenow.org/projects-3/forest-therapy/?playlist=e2b9450&video=646a6f8,1,3,3,3,4,0,3,1,2,3,2,2,3,3,2,2,10,8,9,10
288,Alexandria (FUA),Africa,Sidi Bishr Mosque Square Redevelopment,حديقة مسجد سيدي بشر,"Alexandria is a city with a special charm, known for its beaches and gardens that act as the lungs through which the city breathes, and are considered a haven for its people (1). Unfortunately, in the last ten years, there has been a decrease in green space due to urban expansion and the establishment of Commercial and profitable projects (1). To address the lack of green space in the city, The Governor of Alexandria has stressed the continued efforts to develop, beautify and plant the squares and turn them into attractive civilized facades, as part of Egypts 2030 vision which aims to move towards a greener city and reduce the effects of climate change. (2). To encourage redevelopment of public green spaces, The Governor launched the “Alexandria shines with its squares” competition in 2023, where the top three neighborhoods with the best redeveloped squares would receive a prize of up to EGP 50,000 [928.45 EUR] (6). The First Al Montazah neighborhood participated in the competition by redeveloping Sidi Bishr Mosque Square (2-5). The 700 meter square was completely upgraded with solar energy, a new irrigation system to conserve water, modifications to the sewer network, and planting the garden with plants that suit the environment (3). The greening activities included planting 400 sticks of various crops in the upgraded square (4).",https://www.elbalad.news/6175631,2,1,NA,2,4,0,2,1,4,2,4,1,3,3,1,3,5,7,11,10
289,Dublin (FUA),Europe,The Ballymun City Farm,NA,"The Ballymun City Farm project began as a grassroots initiative when local residents envisioned turning an underutilized green space into a vibrant community resource. Though initially rejected by the City Council, the project’s supporters recognized its potential to contribute to Ballymun’s environmental, social, and economic regeneration. With a vision to create something unique for the area, the farm was designed to foster community engagement, environmental education, and local sustainability. Over time, it has grown into more than just a recreational space—it has become a symbol of community resilience, offering people of all backgrounds and abilities a place to connect, learn, and grow together (4).
Situated on 6.6 acres provided by Dublin City Council, the farm aims to strengthen community bonds, enhance civic involvement, and combat social exclusion and isolation. It serves as both an educational and recreational space, providing opportunities for people of all abilities and backgrounds to engage with environmental topics, organic food production, native breed conservation, and traditional crafts. It is envisioned that the farm will include  a designated ornamental garden, consisting of shrubs, flowers, grasses and bulbs, which will become a focal point for community activities/gatherings. In addition, we plan to install raised vegetable beds, fruit bushes.
Through urban food production and community gardens—effective tools for educating schoolchildren and engaging youth—the farm addresses the gap between food production and consumption, helping to increase appreciation for local food. Investments in green infrastructure like Ballymun City Farm also support urban and regional development, including the creation of jobs. (1, 2)",https://www.dublincityfarm.ie/,2,1,3,2,2,0,2,1,2,3,3,2,4,3,2,2,8,5,10,11
290,Fort-de-France (FUA),Latin America and the Caribbean,Montgérald Peri-urban Forest Conservation,Forêt Montgérald,"The riparian forest of Montgérald, through which the “Monsieur” River flows, is located within Fort-de-France and boasts rich biodiversity, featuring around 100 species of shrubs and trees and about 30 animal species, including 16 types of birds. It is one of the last remnants of the mesophilic forest type and the only example in a French peri-urban setting. This unique ecosystem is recognized as a Natural Area of Ecological, Faunal, and Floral Interest (ZNIEFF) and a Classified Wooded Area (EBC), underscoring the need for conservation efforts.
Covering nearly 21 hectares, this site offers ecological benefits like air quality improvement and temperature regulation, providing a ""fresh air island"" near the city center. However, it faces significant challenges, including flooding caused by climate change and heavy rains, which exacerbate erosion along the Monsieur River. The area is also threatened by invasive alien species, making conservation measures even more crucial.
Since 2015, the municipality of Fort-de-France, along with project partners, has been working on developing this natural space for both conservation and public engagement purposes. The most recent actions occurred in 2020, including riverbank restoration, clearing invasive species, and creating walking paths and educational installations. Additionally, the project features an awareness campaign targeting local schools. The ongoing initiative aims to merge biodiversity conservation with community recreational use and environmental education, ensuring the resilience of this vital ecosystem against the impacts of climate change. (Refs. 1, 2, 3)",https://grandebaiemartinique.com/action/amenagement-et-valorisation-de-la-foret-de-montgerald/,2,4,4,4,2,0,4,1,1,2,3,2,3,2,3,3,14,7,8,11
291,Mobile (FUA),Northern America,Chickasabogue Park upgrade,NA,"Chickasabogue Park, a 1,100-acre outdoor recreation facility and wildlife refuge in Eight Mile, Alabama, is the largest park in Mobile County (Ref 3). Since 2022, the park has undergone extensive renovations aimed at increasing public access to green spaces and shoreline recreational areas, particularly along Chickasabogue Creek, while offering a variety of outdoor activities in a natural setting and preserving local biodiversity (Ref. 3). 
The improvements focus on enhancing the day-use area, including upgrades to the playground, a splash pad, basketball courts (adapted to heavy rains with water-permeable materials), and a ball field (Ref 1, Ref 2). Additionally, a new pavilion site and an events and interpretive centre are being developed (Ref 1, Ref 2). Sidewalks and family-friendly walking trails are being built, and improvements are also being made to the park's mountain bike trail and disc golf course (Ref 2), providing more opportunities for outdoor physical activities in nature. Other significant upgrades include the creation of a restroom and a new parking lot with permeable pavers to prevent flooding (Ref 2). Critical infrastructure work is underway, including the installation of underground utilities, water, sewer systems, and roadwork (Ref 2). Furthermore, a new Recreational Vehicles (RV) campground with 38 spaces is in the works (Ref 2).
These upgrades are part of a broader initiative aimed at ensuring the public can quickly access and enjoy natural resources (Ref 2). The renovation also emphasises the cultural heritage and historical significance of the park, with plans to use architecture, design, and artefacts to honour the different cultures that once lived in the area (Ref 2). The next phase includes seeking funding to renovate the beach area and construct a new boat ramp (Ref 1).",https://www.mobilecountyal.gov/parks/chickasabogue-park,2,2,3,4,2,1,4,1,2,3,2,3,2,2,2,1,11,8,10,7
292,Nairobi (FUA),Africa,Rehabilitation of Hon. John N. Michuki Memorial Conservation Park,NA,"The John Michuki Memorial Park was transformed from a vast dumpsite in 2008 and established in honor of John Michuki, the Environment Minister during the Kibaki administration, in 2012. Michuki garnered admiration and accolades for his enthusiasm and determination to clean and preserve the environment (Ref 1, 2). Situated along the Nairobi River, the park serves as a historically rich recreational facility (Ref 3).
However, several issues arose after the park was transferred to the county administration in 2013 (Ref 2). A section of the Nairobi River flowing through the park experienced severe environmental degradation due to illegal discharges and poor waste management, negatively impacting the riparian ecosystem and biodiversity (Ref 4). Additionally, the park became a refuge for drug users, street children, and thieves, with stray dogs posing safety threats in the area (Ref 1, 2).
As the first project within the Cleaning Up Kenya Campaign, the restoration of Michuki Memorial Park was launched in 2020 by the government (Ref 5). The park is now managed by the Kenya Forest Service (KFS) following a directive from the national government (ibid.). With funds from the treasury, a perimeter fence was erected, a 2.4 km walkway was constructed, and 4,200 seedlings and 6,357 indigenous trees were planted, along with the establishment of a nursery (Ref 1, 6). A total of 20,000 tons of solid waste were removed (Ref 6). Additionally, a community forest association was formed to ensure community engagement (Ref 2).",https://storymaps.arcgis.com/stories/53174eecf0f143d4ae25b2dd12c77439,2,3,4,4,4,0,4,1,4,4,4,4,4,4,2,3,13,9,16,13
293,Göteborg (FUA),Europe,Wet meadow restoration in Sjöhåla,Restaurering av Sjöhåla strandäng,"In Sjöhåla, west of Kungälv, an abandoned pasture on a wet meadow by the coast was restored by reintroducing grazing, clearing bushes and reeds, digging ponds and renovating stone walls. The aim was to increase biodiversity in the area and to promote the production of local organic meat. Additionally, the project made it easier for visitors to pass through the area for recreational purposes. The project was carried out by the municipality of Kungälv and the non-profit organisation Omställning Kungälv, and involved other local associations, farmers and citizens. It was funded through the ""Local nature conservation investment"" by the Swedish Environmental Protection Agency. As a result of the project, the area is more accessible, and many species of plants, insects, and birds have been found. [Ref. 1-3]",https://www.kungalv.se/Bygga--bo--miljo/miljo-klimat/sjohala-strandang/,2,1,2,2,4,1,2,1,3,1,2,1,2,2,3,3,7,8,7,10
295,Nairobi (FUA),Africa,Rehabilitation of the Kangemi Cemetery,NA,"The increasing volume of solid waste, driven by Nairobi's growing population, has become one of the city's major challenges (Ref 1, 2). To address this issue and promote better environmental practices, authorities plan to convert all reclaimed illegal dumpsites into recreational and green spaces. The transformation of the former Kangemi Cemetery, abandoned for over 20 years and used as an illegal dumpsite, was the first initiative in this effort. 
Led by Nairobi's Governor, H.E. Mike Sonko, and supported by the City County, the project was completed in 2018 and serves as a key example of these transformative measures (Ref 1, 2, 3). Previously, Kangemi Cemetery contained over 500 loads of illegal waste, but following a successful clean-up, it has been rehabilitated into a children's playground with recreational area, now named Kangemi Cemetery Memorial Park (Ref 3).",https://www.c40.org/case-studies/reducing-ghg-emissions-through-community-driven-city-clean-ups/,1,1,1,2,1,0,2,1,4,3,4,1,2,4,1,1,5,4,12,8
296,Nairobi (FUA),Africa,Nairobi River Basin Programme (NRBP),NA,"Rapid urbanization and a population density of 6,247 people per km² have placed significant stress on Nairobi's natural resources (Ref 1). The 40-km long Nairobi River Basin, originating from the Ondiri Swamp, serves as a vital water source for the city (Ref 1, 2). However, it has suffered severe pollution from untreated sewage, solid waste, industrial contaminants, plastics, and agricultural runoff (Ref 1, 3). This degradation has had a serious impact on the ecosystem, local residents, and biodiversity (Ref 3).

To address these issues, the Nairobi River Basin Programme (NRBP), sponsored by UNEP, was launched in 1999 (Ref 4). Since then, government and non-state actors have worked together on solid waste management, riparian restoration, and wastewater control (Ref 1). The program was implemented in two phases: Phase I (2003–2006) and Phase II (2006–2009), involving stakeholders from the government, private sector, and civil society (Ref 1, 4, 5). Despite these efforts, a study from 2017 found significant tree removal along the river, and between 1988 and 2014, encroachment into the 30-meter riparian buffer zone dramatically increased, particularly between 2010 and 2014, further degrading the river’s health (Ref 1).",https://kenyariversandwaterresources.wordpress.com/2016/11/08/master-plan-for-nairobi-river-basin/,1,1,4,3,4,0,3,1,4,3,4,NA,3,4,2,2,9,8,11,11
297,Nairobi (FUA),Africa,The New Headquarters of UN office in Nairobi,NA,"Established in 1996, the United Nations Office at Nairobi (UNON) is the UN's official headquarters in Africa, located just 9.7 km from the heart of Nairobi. In line with the UN's global sustainability goals, the office took significant steps to reduce its environmental footprint as it expanded. According to the United Nations Environment Programme (UNEP), buildings contribute to a third of global energy use and are major sources of greenhouse gas emissions. To address these issues, new buildings were designed to prioritize energy and water efficiency, with a focus on sustainability.
Completed in 2011, the new headquarters reflect the UN's broader commitment to reducing greenhouse gas emissions. The design includes 6,000 m² of solar panels, rainwater harvesting systems, energy-efficient lighting, and natural ventilation, making the complex energy-neutral and water-efficient. It generates as much solar energy as it consumes, supporting over 1,200 staff members. Additionally, the project carefully preserved indigenous trees and created micro-ecosystems within the interior gardens, further aligning with the UN’s environmental mission.
By embedding these green features, the UNON complex serves as a model for sustainable development in urban settings, echoing the UN’s efforts to combat climate change and promote ecological resilience globally. (Ref. 1, 2, 3, 4)",https://wedocs.unep.org/bitstream/handle/20.500.11822/7859/Building-for-the-Future.pdf?sequence=3&amp%3BisAllowed=,4,1,4,4,4,0,4,NA,3,3,2,2,3,2,3,4,13,8,10,12
299,Alexandria (FUA),Africa,Alexandria Water Company Green Roof Campaign,NA,"The Alexandria Governorate is especially susceptible to the impacts of climate change, a vulnerability exacerbated by its dense coastal communities and rapidly growing population (2). Both demographic shifts and urban development intensify how climate phenomena affect the people and infrastructure of Alexandria (1). Buildings, roads, and other concrete structures absorb and release solar heat, significantly contributing to the urban heat island effect, which is causing temperatures in the city to rise faster than in less developed areas (1). Despite Alexandria’s growing need for cooling green spaces, they currently make up only 0.25 percent of the total area within the Governorate, highlighting an urgent need for environmental interventions (3-6).
In response, Ahmed Gaber, chairman of the Alexandria Water Company, initiated a public awareness campaign in 2023 focused on the numerous benefits of planting green roofs (3-6). Green roofs serve multiple purposes: they extend the longevity of buildings, lower energy consumption, improve air quality, increase biodiversity, manage rainwater runoff, and mitigate the urban heat island effect (3). Furthermore, Gaber has emphasized the visual appeal of eco-friendly roofs, noting that green roofs offer an aesthetically pleasing option that enhances the urban landscape while serving critical environmental functions (4).
This initiative by the Alexandria Water Company marks a pioneering step among governmental organizations in the region, as they lead efforts to address climate and environmental challenges actively. The company has begun planting green roofs across its facilities, including the new Al-Mashishya water station, where green spaces atop buildings are set to bring lasting environmental benefits to Alexandria. Through these efforts, the Alexandria Water Company is working to set an example for public and private sectors alike (3-6).",https://apanewsportal.com/%D8%A7%D9%84%D8%A3%D8%B3%D8%B7%D8%AD-%D8%A7%D9%84%D8%AE%D8%B6%D8%B1%D8%A7%D8%A1-%D9%88%D8%AA%D8%A3%D8%AB%D9%8A%D8%B1%D9%87%D8%A7-%D8%B9%D9%84%D9%89-%D8%AA%D8%BA%D9%8A%D8%B1-%D8%A7%D9%84%D9%85%D9%86/,2,1,1,2,2,0,1,1,1,1,4,1,2,1,2,1,6,4,7,6
300,Fort-de-France (FUA),Latin America and the Caribbean,Creole Herbal Dispensary,Herboristerie Créole,"Herboristerie Créole, established in 2012 in Martinique by Séverine and Rémi Asensio, is a private farm and business focused on cultivating aromatic and medicinal plants, managing all stages of production, processing, and marketing. Situated in the commune of Gros-Morne, the farm draws on traditional Creole knowledge to produce medicinal plants and Creole cosmetics. Spanning 1.8 hectares, it is organized as a forest garden, featuring a diverse ecosystem that includes aromatic and medicinal plants, spices, fruit trees, and tropical flowers. Agroecological practices are central to its operation, with natural mulching from coconuts and green waste, and composting from the forest garden enriching the soil.
In addition, Herboristerie Créole operates a certified organic herbal dispensary in Saint Joseph, specializing in medicinal plants. The dispensary merges ancestral knowledge from the local ""Rimèd Razié"" tradition—a practice involving the use of native plants and natural remedies for healing, passed down through generations—with modern pharmaceutical standards. It produces a range of products, including herbal teas, infusions, spices, oils, and capsules for pharmaceutical and cosmetic use.
The farm is instrumental in preserving and passing on ancestral knowledge, which was once banned during the period of slavery, while ensuring that its artisanal products comply with dosage and safety regulations. Located at the foot of the Carbet peaks, the farm holds the Biological Farming (AB) label and follows agroecological methods through its ""Jardin Créole"" approach. It avoids the use of phytosanitary products, aims for zero waste, and implements measures to preserve biodiversity.  (ref. 1, 2, 5, 6)",https://www.herboristeriecreole.com/qui-sommes-nous/,1,1,2,2,4,0,2,1,2,1,2,1,3,3,1,2,6,7,6,9
301,Berlin (FUA),Europe,Green facade at physics institute,Grüne Fassade am Physik Institut der Humboldt-Universität,"The Institute of Physics at Humboldt University of Berlin is an outstanding example of ecological urban development and a global pilot project integrating rainwater management with building cooling through greening. A key feature is the cooling system, which relies on air circulation processes supported by green roofs, facades, and an artificial wetland/pond incorporated into the building's exterior and courtyard.
Rainwater is collected in cisterns and used to irrigate the green façade, enabling evaporative cooling in air conditioning systems. Excess water is either evaporated in the inner courtyard through a pond or allowed to seep away. (Ref. 1; Ref. 4) The greening of the façade is directly linked to energy optimization. During summer, the green façade provides solar shading against extreme heat, while in winter, sunlight passes unobstructed through the glass façade. Additionally, evaporative cooling improves the microclimate inside the building and its surroundings. (Ref. 3)
Berlin, as a densely built city, faces challenges like urban heat and high energy demands for cooling. This project offers a research-driven solution. Monitoring measures water usage for various plants, evaluates evaporative cooling effects, and assesses impacts on the building's energy balance and overall economic and ecological performance. The findings aim to create a foundation for the long-term implementation of innovative, cost-effective technologies. This process is conducted by multiple regional universities. (Ref. 1)
The project was initiated and financed by the state of Berlin and implemented after the building's construction. (Ref. 4; Ref. 5) It serves as a benchmark for sustainable urban development and a research model for similar initiatives worldwide.",https://regenwasseragentur.berlin/projekte/lise-meitner-haus/,4,1,1,2,1,0,2,1,1,2,3,1,2,3,3,2,8,4,7,10
303,Alexandria (FUA),Africa,Al-Samad Preparatory and Secondary Schools Tree Planting,NA,"Alexandria is one of the world’s most climate-vulnerable cities, facing serious environmental challenges that threaten its landscape, culture, and livability. The city is grappling with rising sea levels, pollution, extreme fluctuations in temperature, and the intensifying urban heat island effect, all of which are worsened by climate change. The past decade has seen a steady decline in Alexandria’s parks and green areas, a trend that has raised significant concerns among environmentalists and the public. The shrinking green spaces are largely due to rapid urban expansion and the development of commercial projects, which are gradually pushing Alexandria's environmental balance and cultural heritage to the edge.
In recognition of these pressing issues, Egypt launched the ""100 Million Trees Initiative"" in 2022 as part of its Egypt Vision 2030, a national plan for sustainable development. The initiative aims to increase the per capita share of green space throughout the country, with objectives that include improving air quality, enhancing public health, countering the urban heat island effect, and reducing greenhouse gases. The initiative is also focused on improving the beauty and cultural value of Egypt's urban areas, aligning with broader goals to build sustainable and climate-resilient cities. Alexandria, being a coastal city that is both environmentally sensitive and culturally significant, has been a focal point of these efforts.
As part of this national campaign, the Governor of Alexandria was tasked with overseeing the enhancement and expansion of green spaces across the city, focusing on both the aesthetics and cultural aspects of the urban landscape. In 2023, these efforts took root in the Al-Muntazah 2 neighborhood, where 596 trees were planted as a contribution to the 100 Million Trees Initiative. This project included the Al-Samad Preparatory and Secondary Schools campus as one of its primary planting sites. (1-5)",https://www.aldawlanews.com/1069408,2,1,2,3,3,1,3,1,2,2,3,1,3,2,3,3,8,8,8,11
304,Cartagena (FUA),Latin America and the Caribbean,"Community mangrove nurseries ""Mangle Verde""","Viveros comunitarios de manglar ""Mangle Verde""","The ""Mangle Verde"" project is a community-led intervention aimed at reforesting mangrove areas in Cartagena, particularly around the Ciénaga de la Virgen and Ciénaga de Juan Polo. Initiated by Gloria Sánchez and other members of the Villa Gloria community, this project is a response to the environmental degradation caused by urban development, including the construction of a viaduct, and the damages inflicted by invasive settlements and pollution​(ref 1,4). The primary goal of the project is to restore the mangrove ecosystems, which are essential for maintaining water quality, preventing coastal erosion and supporting marine biodiversity conservation (ref 4). In addition, this initiative provides socio-economic benefits by fostering ecotourism and increasing fish populations, which directly benefit the local fishing economy​(ref 1). The ""Mangle Verde"" project emerged as a grassroots response to compensations granted by the Concesión Costera for the damage caused by infrastructure projects in the region. Local residents of Villa Gloria, recognizing the importance of the mangrove ecosystem, established nurseries in their homes where they cultivate three types of mangroves (ref 2,4).  So far, the initiative has planted over 26,860 mangrove saplings and is committed to continuing the reforestation efforts, which also include cleaning and maintaining the canals around the mangroves​ (ref 1).  Beyond ecological restoration, the project also addresses key environmental risks in Cartagena, including coastal flooding and habitat degradation, driven by both natural phenomena (e.g., tides) and human activities such as urban sprawl and illegal dumping (ref 6, 7).",https://www.comisiondelaverdad.co/la-siembra-del-mangle,2,1,4,4,4,1,4,1,4,2,3,4,2,4,1,2,11,10,13,9
305,Göteborg (FUA),Europe,Torslanda school,Torslandaskolan F-6,"Torslanda School is a newly built elementary school (years 0-6) where the schoolyard includes innovative ways to manage rainwater. The school was initially part of the Rain Gothenburg project, which aims to make the city, and this school, the best in the world when it rains. It was also a pilot project within the city's ""equal building"" initiative, aiming to make indoor and outdoor environments accessible and attractive to everyone regardless of gender identity, functional diversity or age [Ref. 1]. The main element of the schoolyard is a ""river"" to which water will be led when it rains, combining stormwater management with opportunities for play and education. The system will retain about 310 m3 of water and treat it before releasing it to a recipient. The river will be used to teach the children about climate, ecology, biodiversity and the water cycle. The river and schoolyard are connected to a natural wetland [Ref. 3, 4]. The school is run by the City of Gothenburg, who initiated the project, employing an architecture firm and a construction company to design and build the school and schoolyard [Ref. 3-5].",https://goteborg.se/wps/portal/start/goteborg-vaxer/hitta-projekt/stadsomrade-hisingen/torslanda/torslandaskolan%20-%20nybyggnad#:~:text=Torslandaskolan%20F-6%20blir%20klar%2cmed%20att%20tidigare%20byggnader%20revs.,4,1,2,2,1,0,2,1,3,4,2,1,2,3,2,4,9,4,10,11
306,Dublin (FUA),Europe,The Dublin Open Air Laboratory,NA,"The Ringsend Open-Air Laboratory project in Dublin, Ireland, is part of a broader effort to adapt urban areas to increasing climate change risks. This initiative focuses on installing green roofs and deploying a network of environmental sensors to enhance urban resilience. Launched in 2018 under the Horizon 2020 OPERANDUM project, the effort seeks to find nature-based solutions for climate change impacts worldwide. Led by the University of Bologna, OPERANDUM involves over 20 partners, primarily in Europe, working together to address environmental challenges like flooding, drought, and coastal erosion through the establishment of ten ""Open Air Laboratories"" globally.
In Dublin, the project aims to bolster flood resilience in Ringsend, a critical economic area near the city’s tech district, which faces substantial flood risks due to its low elevation and proximity to the Dodder River. This river, which flows through both rural and urban areas before meeting the River Liffey near Ringsend, has caused property and infrastructure damage from extreme rainfall and combined river and tidal flooding.
Green roofs play a key role in mitigating urban flood risks in this project. These rooftop gardens absorb large volumes of rainfall before it reaches the streets, easing the load on existing flood prevention systems like storm drains and gullies and reducing the need for additional ""grey"" infrastructure. Based on community insights and recommendations, construction has begun on a green roof on top of the CHQ building in Dublin’s Docklands, in partnership with Dogpatch Labs.Complementing this, over 100 sensors have been deployed in recent research trials across Dublin. OPERANDUM researchers are now building on this foundation to create a denser, more reliable, and cost-effective sensor network, with data from earlier low-cost sensor trials made publicly accessible via Dublinked,  Dublin’s open data platform, and exploring the use of LPWAN for environmental sensing. (1-5, 7)",https://smartdocklands.ie/projects/operandum/,2,1,3,2,1,0,1,1,2,1,4,1,3,4,3,2,8,3,8,12
307,Cartagena (FUA),Latin America and the Caribbean,Revitalization of parks in Almirante Colón neighborhood,Recuperación de los parques en el Barrio Almirante Colón,"The revitalization and environmental recovery initiative in the Almirante Colón neighborhood of Cartagena focused on transforming green spaces and addressing environmental hazards posed by improper waste disposal and urban degradation. The primary goals of the project were to enhance urban green spaces, improve community well-being, and mitigate environmental hazards such as pollution and improper waste management (ref 1,2). The initiative involved multiple stakeholders, including the local government, community leaders, and private sector actors. The Gerencia de Espacio Público y Movilidad led the revitalization of three parks, focusing on cleaning up waste, maintaining green areas, and upgrading recreational facilities. Parallelly, Veolia, a private sector partner, worked with community leaders to recover neglected areas that were previously used for dumping mixed waste and beutify the environment. These efforts included planting activities, installation of solar lamps, and community education on proper waste disposal practices​ (ref 1,2). The revitalization of the parks benefited over 400 families, providing them with safe and clean recreational spaces. The project also successfully eliminated a significant dumping site, reducing pollution and enhancing the neighborhood's aesthetic appeal. Moreover, the initiative fostered a stronger sense of community ownership and responsibility towards maintaining the improved environment​ (ref 1,2).",https://caracol.com.co/2023/09/30/revitalizaron-y-entregaron-tres-parques-en-barrio-almirante-colon-de-cartagena/,1,1,3,4,3,1,4,1,1,2,4,3,2,3,1,1,9,9,10,7
309,Berlin (FUA),Europe,Community garden on Graveyard,Prinzessinnengarten auf dem Neuen St. Jacobi Friedhof,"The Prinzessinnengarten Kollektiv Berlin is a community garden in the New St Jacobi Cemetery in Berlin-Neukölln that invites people to join in gardening and experience nature. As part of open gardening days, people can participate in the design of the garden areas and gain experience in the local, ecological cultivation of useful plants. The main aim of their work is to provide opportunities for education and participation. Activities are open to everyone and range from sowing, planting and harvesting to seed production, processing and preserving vegetables, keeping bees to questions of community-based urban habitat design.The community also has its own farm shop where seeds, food and processed products are sold. (Ref. 1; Ref. 4) Numerous projects for recycling and upcycling, innovative cultivation methods, organic beekeeping, composting methods and post-fossil mobility use the Prinzessinnengarten as a platform for sustainable urban living. Artists also work in the garden with participatory methods on the question of how cities and their coexistence can be designed in a sustainable and resource-saving way. Outside the Prinzessinnengarten, offshoot gardens are set up and collaborations are developed to build nationwide and European networks. Through lectures, workshops, study visits and participatory research in the garden, we endeavour to include and further develop the topics associated with the Prinzessinnengarten in discussions and education. (Ref. 7)
 
The project is located on a cemetery, which has been partially closed since 2016. This means that burials are no longer carried out on the site and the existing rights of use of the 500 or so remaining graves will no longer be extended after expiry. The church association lends the land to the project in exchange for maintenance work on the surrounding grounds. (Ref. 6)",https://prinzessinnengarten-kollektiv.net/,1,3,4,2,4,0,2,1,4,2,3,1,3,3,2,2,10,7,10,10
310,Phoenix (FUA),Northern America,Urban Farming Education Garden Install at Valencia Newcomer School,NA,"In Phoenix, over half a million people are facing hunger, including schoolchildren, working parents, seniors on fixed incomes, and other marginalized groups. Factors such as limited food access and poor food quality—commonly referred to as 'food deserts'—worsen the problem. Food deserts are areas where residents have little to no access to fresh, healthy, and affordable food. Of the 55 food deserts in Maricopa County, 43 are located in Phoenix, affecting nearly half of the city's population
Agave Environmental Contracting, an NGO, is working to address food scarcity through education. The organization founded the Urban Farming Education (UFE) program to teach people how to grow their own food as a solution to food insecurity and to promote agricultural opportunities throughout the Valley. The goal of UFE is to educate individuals on creating their own gardens for sustenance, ecotherapy, social impact, and even urban farming for profit.
The program specifically targets schools, domestic violence shelters, homeless shelters, foster care prevention centers, and communities with disabled or elderly residents. In 2024, UFE partnered with the Valencia Newcomer School to install raised garden beds filled with roses and fruit trees. This project provided hands-on STEM learning during the installation, fostered networking opportunities through industry experts and community members, and helped promote the UFE program. It also highlighted how the initiative contributes to urban farming education and empowers local communities. (1-5, 7)",https://www.instagram.com/weareufe/reel/C3k9u4Vh8f4/?locale=pt_PT,1,1,1,3,3,0,3,1,4,2,3,1,2,2,2,3,6,7,10,9
311,Fort-de-France (FUA),Latin America and the Caribbean,Great bay mangrove action plan,Actions de reconquête de zones de mangrove,"In the bay of Fort-de-France, mangroves cover nearly 1,300 hectares, representing about 70% of the total mangrove area in Martinique. This plant formation, characteristic of tropical marine environments, is essential for the ecological balance of the bay. Mangroves act as filters, purifying marine and river waters, protecting the coastline against erosion, and providing habitat for various marine flora and fauna.
However, this fragile ecosystem is threatened by wave-induced erosion, urbanization, the spread of invasive species, and pollution. In response to these challenges, the French Coastal Protection Agency (Conservatoire de l'espace littoral et des rivages lacustres, CELRL) and its partners have launched an initiative to restore several mangrove areas as part of the “Contrat de la Grande Baie de Martinique"" which is a collaborative initiative aimed at the sustainable management and restoration of the coastal and marine environment of the Greater Bay of Martinique. This contract typically involves partnerships between various stakeholders, including government agencies, local municipalities, environmental organizations, and community groups. The project identified several sites totaling 3.81 hectares in the Greater Bay area that require reclamation.
The project aims to restore mangrove populations by creating favorable conditions through actions such as clearing invasive species and trash, followed by replanting with white, black, or red mangrove seedlings, depending on the environmental characteristics of each site. Additionally, the initiative seeks to engage the public and youth through volunteering days and awareness campaigns (Refs 1-9).",https://grandebaiemartinique.com/action/actions-de-reconquete-de-zones-de-mangrove/,2,1,4,3,4,1,3,3,2,1,2,2,4,2,3,3,10,11,7,12
312,Iaşi (FUA),Europe,Management of Uricani Natural Areas,Management reservatie naturale padurea Uricani,"This initiative focused on creating a management plan for the Uricani forest, a protected area located near Iasi. Designated as both a nature reserve and a Natura 2000 site, the forest is crucial for its ""Dacia oak & hornbeam forests"" habitat and the presence of the stag beetle, the largest beetle in Romania and Europe.
Despite existing nature protection designations, the environmental NGO ""Asociația Ecoturistică Prietenii Pădurii Bălțătești"" recognized the need for an updated management plan. With European funding, the NGO developed a model plan for protected areas in Neamt and Iasi counties, including Uricani forest.
The NGO conducted monitoring activities in cooperation with forestry directorates to assess habitat conditions and stag beetle populations. The goal was to identify risks and requirements for species conservation and design appropriate management actions. Additionally, the organization aimed to promote the area's tourism potential and conduct awareness-raising activities with local communities and schools.
The completed management plan, developed through public consultation and approved by the Romanian environmental ministry, included measures for natural habitat regeneration, ensuring suitable conditions for the stag beetle, addressing illegal logging, pasturing, and waste disposal, and establishing information points and educational activities for the community. (1-7)",https://www.mmediu.ro/articol/mmap-supune-dezbaterii-publice-planul-de-management-si-regulamentul-sitului-de-importanta-comunitara-rosci0181-padurea-uricani-si-al-rezervatiei-naturale-2-538-padurea-uricani/1049,1,3,4,4,4,0,4,3,4,2,2,4,3,2,3,4,12,11,12,12
313,Sevilla (FUA),Europe,Torre Sevilla Green Roof,NA,"The Torre Sevilla is a commercial building complex with extensive green roofs. The green roofs cover 11000 or 12000 m2 (different sources report different numbers) and aim to contribute to thermal isolation and energy efficiency of the building, improve air quality and provide an urban green space for relaxation and recreation [Ref. 1-3]. The green roofs include a mosaic of different vegetation types and about 60 mostly native plant species. There is a rainwater recovery system that allows the gardens to be irrigated in a sustainable way [Ref. 1-3, 6]. The building finished construction in 2017 and the gardens were initially not available to the public. In 2023, the owner applied for a permit to host events in the gardens, which will allow the public to visit on occasion [Ref. 1, 3-5].",https://www.torre-sevilla.com/cubiertas-verdes-eventos/,4,1,4,3,3,1,3,1,3,3,3,3,3,1,2,1,12,8,12,7
314,Gdansk (FUA),Europe,Rain Garden at the Municipal Flood Protection Warehouse,Ogród deszczowy przy Miejskim Magazynie Przeciwpowodziowym przy ul. Kaczeńce,"Rainwater management in Gdańsk presents significant challenges due to the city's hydromorphological conditions, including high groundwater levels and steep terrain. These factors, coupled with the periodic inefficiency of the storm sewer system and the intensification of extreme weather events such as heavy rainfall, have necessitated innovative solutions. Gdańsk has responded by implementing a climate change adaptation policy that promotes the use of open drainage systems, including small retention facilities like rain gardens. These gardens help mitigate the risks associated with excessive rainfall while enhancing urban sustainability.
The first rain garden in Gdańsk was established in the Stogi district at the Flood Control Warehouse on Kaczeńce Street. This facility collects and utilizes rainwater from nearby paved surfaces, aiming to manage rainfall of at least 30 mm during intense, short-term downpours. Utilizing a variety of perennials such as marsh marigold, common loosestrife, comfrey, hemp agrimony, common calamus, and arrowhead, the garden retains and filters rainwater naturally, increasing efficiency and ecological benefits. Rain gardens absorb water up to 40% better than traditional lawns. They reduce rainwater runoff, mitigate flood risks, filter pollutants, improve biodiversity, and enhance urban air quality while lowering temperatures. 
The garden was created as part of a broader investment in the Flood Control Warehouse in Stogi, a facility opened in 2017 at a cost of over PLN 5 million. Strategically located near the Sucharski Route and the Martwa Wisła tunnel, the warehouse supports rapid response to flood emergencies, storing over 100 types of equipment, from shovels to large generators. This combination of infrastructure and green solutions demonstrates Gdańsk's commitment to urban resilience and environmental sustainability. (1-4)",https://klimada2.ios.gov.pl/ogrod-deszczowy/ogrody-deszczowe-w-gdansku/,2,1,3,2,2,1,2,1,2,1,2,2,4,2,3,2,8,6,7,11
315,Mobile (FUA),Northern America,Tricentennial Park improvements,NA,"The project for Tricentennial Park involves a series of improvements aimed at enhancing its overall infrastructure and appeal. Among the planned upgrades is an enhancement of the pavilion, along with the addition of other site amenities (Ref 1). A lake is also being created as part of the project (Ref 2). Currently, work is underway on phase two, which includes landscaping, the construction of a group picnic pavilion, walking trails, a parking area, and even a misting machine to provide relief during hot weather (Ref 2).
One of the key highlights of the project is the opening of a new playground in 2024, featuring a unique design. The park is laid out in a figure-eight pattern, and a sign within the park highlights its recognition for following “best practices in youth fitness,” encouraging children to stay active through sliding, swinging, spinning, climbing, brachiating, and balancing (Ref 2). This park is the first in Mobile designed exclusively for passive use, without ball fields, providing a space for families and individuals to enjoy the playgrounds (Ref 4). The park fosters social interaction, allowing children to build friendships and create lasting memories while spending time with their families (Ref 4). The park also boasts beautiful scenery, adding an aesthetic dimension to the overall experience (Ref 2).
Tricentennial Park is part of the larger Three Mile Green Trail, a 6.5-mile linear park. A one-mile segment of the trail is located within Tricentennial Park. The trail will be expanded east to MLK Boulevard and west to Bush Park by 2024 (Ref 1).",https://www.cityofmobile.org/news/mobiles-parks-getting-makeovers/,2,1,2,4,1,1,3,1,2,2,2,1,1,1,1,1,9,6,7,4
316,Iaşi (FUA),Europe,Bring Nature Home,Bring Nature Home,"Bring Nature Home project, partly financed by and implemented under the New European Bauhaus programme by the organisation ""UrbanizeHub"", is an initiative focused on encouraging and helping the city of Iasi to become more green while strengthening urban communities (1 & 3). More concretely the project sought to transform an unused space in a residential area of a neighborhood in Iasi through a ""biophilic design"", with the involvement of the local community (1 - 5). The space was then transformed into a green area that would help the residents reconnect with nature (1 & 4). The implementation later helped develop a handbook that could be used to reproduce the methods of the initiative in other urban settings (4 & 5). 
Involving the local community, including children from the nearby daycare, the project conducted five workshops. These workshops focused on educational activities, improving the connection with urban nature, and ultimately creating an urban garden  which included perennial plants, and insect and bird houses (5, pp. 53 to 58). 
Beyond community engagement and inter-generational dialogue, the project highlighted the importance of natural elements and biodiversity in urban settings. It also facilitated knowledge exchange among public institutions, NGOs, and private companies. With additional funding from IULIUS and municipal approval, the initiative successfully transformed the unused space into a thriving green area (4 & 5, p. 67 & 71).",https://urbanizehub.com/bring-nature-home/,2,1,1,2,4,0,2,1,4,3,3,1,4,3,4,4,6,7,11,15
318,Berlin (FUA),Europe,Urban wetland on industrial site,Wasserbecken auf dem Industriegebiet der Malzfabrik,"On the site of a former malthouse in Berlin, a company has developed a sustainable rainwater storage system to prevent flooding in the sealed environment, which had been vacant for several years. Once used for malt production, the site is now home to offices, studios, manufacturing businesses, and hosts sustainable events. The site's transformation includes natural gardens, tenant gardening beds, green roofs, and two outdoor water basins that retain rainwater, creating a blue space for recreation. (Ref. 1)
The two ponds are filled with filtered rainwater, and an underground tank stores additional water, allowing it to seep away gradually. Native plants surround the ponds, creating a habitat for local wildlife. Given that much of the surrounding area is sealed, the ponds help mitigate urban flooding by managing and storing rainwater, reducing the site's reliance on the urban sewage system. Additionally, as Berlin faces extreme heat in summer, the project offers a cooling effect and provides access to filtered water during droughts. (Ref. 1; Ref. 2)
The project is managed and financed by IGG Malzfabrik mbH, which oversees the entire site in Berlin's industrial area and rents out office spaces to various companies. This initiative is part of a broader sustainability strategy that addresses social, economic, and ecological factors, and it is featured in the company’s common good economy report (Gemeinwohl-Ökonomie Bericht). (Ref. 5)",https://malzfabrik.de/,4,1,1,2,4,0,2,1,3,2,3,1,3,2,4,3,8,7,9,12
319,Gdansk (FUA),Europe,Growroom,Growroom – sferyczny ogród społeczny w Gdańsku,"The Growroom is a spherical urban garden made of plywood, designed as a temporary installation in Gdańsk’s Strzyża district. Originally created by Danish architects Sine Lindholm and Mads-Ulrik Husum, the structure was adapted for this location as part of a collaborative initiative. It provides a small, functional space where residents can plant and enjoy greenery within the city.
In Gdańsk, the Growroom was used to cultivate flowers, herbs, and strawberries, with the plant selection curated by Joanna Paniec, a specialist in the city’s green initiatives. A central bench within the structure offers a simple resting spot for visitors. While visually appealing, the installation primarily served as a short-term experiment in integrating greenery into urban settings.
The project was co-financed by the Danish Cultural Institute, the Danish Ministry of Culture, the Danish Ministry of Foreign Affairs, and the Environmental Department of the Gdańsk City Office. It was brought to Gdańsk by the Polish foundation Kultura nad Kulturą and conceptualized by Agnieszka Wołodźko, a painter, exhibition curator, and author of the blog Pomiędzy sztuką a życiem. The installation was in place from [add dates if available], after which maintenance was handed over to the local community.
The Growroom was not intended as a long-term urban feature but rather as a temporary initiative to explore the role of small-scale green spaces in cities. While it provided a brief opportunity for local engagement with urban gardening, it was ultimately a short-lived addition to the district. (1-4)",https://malaojczyzna.pomyslodalnia.pl/growroom-sferyczny-ogrod-spoleczny-w-gdansku/,1,1,1,2,1,0,2,1,2,2,3,1,2,3,2,2,5,4,8,9
320,Iaşi (FUA),Europe,Urban Natural Area Ciric,Aria Naturală Urbană Ciric,"""Urban Natural Area Ciric"" is an initiative aimed at designating the forest and lakes of the Ciric area, located on the outskirts of the city of Iași, as an Urban Natural Area. To achieve this goal, the initiating organizations—NGO Civica and the Ornithological Association of Iași (SOR)—have developed a comprehensive report focused on the Ciric natural area, which monitors species and habitats while identifying pressure points on biodiversity and necessary conservation actions, as well as the benefits these areas provide.
In the Ciric area, various flora and fauna species have been identified, with some holding high protection status (14 bird species) or being of community importance and conservation interest. However, this ecological richness faces threats, as factors such as rapid urbanization, water pollution, and waste disposal have been identified as significant risks to the ecosystems.
In response to these challenges, the NGO aims to collaborate with the municipality to create protective municipal laws that will not only recognize the area as an Urban Natural Area but also ensure its inclusion in development plans. This partnership seeks to establish regulatory measures and strategies that will safeguard and enhance the biodiversity and ecosystems of Ciric. Additionally, the organizations have highlighted the social and physical benefits of the area for residents, including flood regulation and prevention, pest control, provision of clean air, and recreational and scientific opportunities.
To further raise support and awareness for their efforts, SOR and Civica conduct guided tours, educational workshops, and photographic exhibitions. They have also set up two informational panels in the area that highlight the biodiversity of Ciric. Furthermore, the two NGOs have partnered with  regional organizations to create the ""Rețeaua națională de arii naturale urbane"" (The National Network of Urban Natural Areas) and have received funding from the EEA Grants. (1-8)",https://asociatiacivica.ro/noutati/padurea-si-lacurile-ciric-pot-deveni-o-arie-naturala-urbana/,2,4,4,4,2,0,4,1,3,3,3,4,3,3,3,3,14,7,13,12
321,Cartagena (FUA),Latin America and the Caribbean,Restoration around the Bazurto Market,Recuperacion en zona del Mercado de Bazurto,"The environmental and public space recovery project around the Bazurto Market in Cartagena is a comprehensive initiative aimed at addressing the severe environmental degradation and chaotic urban conditions in this vital area of the city. The Bazurto Market, one of Cartagena's most important economic hubs,  had experienced increasing levels of disorganization, pollution, and public health risks due to the encroachment of informal vendors and improper waste management (ref 1,2,5). The primary goals of this project are to restore the ecological health of the Caño de Bazurto and the Ciénaga de las Quintas, enhance the quality of public spaces around the market, and improve the overall urban environment (ref 1). Project activities included removal of waste from the surrounding water bodies, installation of protective barriers along the Ciénaga de las Quintas, and the planting of trees to revitalize green spaces (ref 3,4).  Emphasis was placed on planting of a variety of tree species, such as Guayacán Amarillo, Ceiba, and fruit trees like níspero and mango. These efforts were concentrated in areas around the Bazurto Market, where green spaces had been neglected or overtaken by informal commercial activities. The project also included the restructuring of vendor locations and public spaces to reduce congestion and improve the flow of both pedestrian and vehicular traffic (ref 5). Educational campaigns were conducted to encourage better waste disposal practices and enhance community involvement (ref 1).",NA,1,1,2,4,3,1,3,1,1,1,4,3,2,3,1,1,8,8,9,7
322,Berlin (FUA),Europe,Nano forest in Berlin,Nanowald an der Oderstraße,"On a small roadside green space in Berlin, a tiny forest was created. The idea of Tiny Forests comes from Japan, there are already some in France and the Netherlands, and since 2020 also in Germany. Tiny forests are constituted of trees planted densely next to each other in small spaces, such as tiny green roadsides. 
At Oderstraße, the NGO TinyForestBerlin planted an even smaller forest, a nano forest on a roadside where trees cool down the area, filter the air and create a habitat for insects. Trees in urban areas loosen up the dense and degraded soil, allowing it to store carbon and let rainwater properly seep into the ground to prevent urban flooding. Roadsides are hardly utilised or recognized in their environmental potential, such as hosting a nano forest. Projects like the one implemented by TinyForestBerlin present an approach for collaboration between the district and civil society, as the district's park department lack the capacity to maintain small roadsides. The project at Oderstraße is the first official tiny forest in Berlin, as a previous planting campaign in Friedrichshain was not entirely legal due to missing approval of local authorities. (Ref. 2; Ref. 5) 
The TinyForestBerlin association has set itself the goal of creating such small nano-forests all over Berlin. An ambitious project that aims to enrich the city's green spaces and contribute to improving the urban climate. The trees planted on Oderstraße are one of many smaller planting projects that are spread throughout the city on public as well as private land. (Ref. 3)",https://www.tinyforestberlin.de/2023/12/07/einen-neuen-nanowald-fuer-die-oderstrasse/,4,3,3,2,4,0,2,1,1,1,3,1,3,2,2,1,12,7,6,8
323,Cagliari (FUA),Europe,Recovery of Santa Gilla Lagoon,Tutela dello Stagno di Santa Gilla,"The Santa Gilla lagoon, a crucial wetland in the Cagliari metropolitan area of Sardinia, has been the focus of several interventions aimed at restoring and preserving its natural and socio-economic functions. The overarching goal of these projects is to rehabilitate the lagoon's ecosystems, improve public accessibility, and promote sustainable economic activities such as eco-tourism and fishing. One significant intervention is the restoration of pedestrian and cycling paths around the lagoon, managed by CACIP (Consorzio Industriale Provinciale di Cagliari) in collaboration with the Metropolitan City of Cagliari. With over two million euros in funding, this project aimed to recover the original profiles of the lagoon's embankments, while removing waste from the area and enhancing the paths for non-motorized mobility (2). Another crucial development was the legal action taken by the Corpo Forestale (Forestry Corps) in 2020 to address illegal constructions and pollution along the lagoon's eastern shores. This action included the sequestration of areas used for illegal fishing activities, where hazardous materials and waste were improperly disposed of, leading to environmental degradation​ (1). Furthermore, environmental groups have made continuous efforts to address illegal dumping near the lagoon, particularly along the SS 195 highway. These groups have actively sought the intervention of local authorities to initiate cleanup operations and enforce regulations against illegal waste disposal​ (4). The projects were implemented primarily to address the significant environmental hazards facing the Santa Gilla lagoon, including pollution from illegal dumping, habitat degradation due to unauthorized constructions, and the overall loss of biodiversity. These activities also aimed to mitigate the socio-economic risks posed by the deteriorating environmental conditions, such as the decline in tourism and sustainable fishing practices (1,2,4).",http://www.sardegnaambiente.it/index.php?xsl=612&s=414806&v=2&c=4577&idsito=19,3,4,3,4,2,1,4,NA,3,1,3,4,2,3,2,2,14,7,11,9
324,Miskolc (FUA),Europe,Fairy Garden - WOW recreational park,Tündérkert - WOW Pihenőpark,"The Fairy Garden, also known as the WOW Recreational Park, is a distinctive green space located near Diósgyőr Castle in Miskolc, Hungary. Since its opening in April 2020, the park has quickly gained popularity, earning third place in the 2020 Tourism Attraction of the Year award in the professional category. Once a neglected and polluted site with historical significance, the area was transformed by a local entrepreneur. After removing over sixty containers of waste, including hazardous materials, a park was created that harmonizes with the natural environment, preserving existing willow trees and integrating water features fed by local streams. When creating the park, the creators respected the plants of the area to the maximum, not a single tree was cut down, and the fruit trees were also kept.
The park boasts various decorative elements, including a carousel, a garden cinema, and other amenities. However, in September 2021, it was closed indefinitely for renovations. Gábor Vaszil, the lessee who had rented the land from the Miskolc municipality, intended to purchase the property for further development. Despite initial support from the local government, the transaction was halted due to concerns raised by the regional Water Management and Protection Authority regarding the protection of Miskolc's drinking water resources. Their ongoing investigation has delayed any further decisions about the sale or the future of the park. In the meantime, the garden remains open to the public for leisurely walks, similar to other municipal parks in Miskolc.
(Ref.1-4)",https://www.hellomiskolc.hu/tunderkert,1,1,3,3,2,0,3,1,4,2,2,2,3,2,1,1,8,6,10,7
325,Sevilla (FUA),Europe,Los Remedios park,NA,"The old Altadis tobacco factory in the Los Remedios neighbourhood of Seville is being transformed into an area with offices, hotels and lots of green space. New green space will connect existing green areas next to the river, resulting in a total of 13 378 m2 of green areas within 3 ha of public space. The park will increase the number of trees in the area by 60 per cent, creating a lot more shaded areas, which are needed during the hot summers [Ref. 1-5]. Additionally, the trees will contribute to carbon sequestration, improve air quality and promote biodiversity [Ref. 5]. The park is meant to become a popular destination for recreation, new entrances and a bridge over the river will connect the surrounding neighbourhoods to the park [Ref. 1-3]. There will be areas for physical activity, dog walking and play for children [Ref. 1, 4]. The project is being carried out by real estate company KKH Property Investment, which owns the land and will invest 250 million EUR in the project as a whole, of which 5 million EUR is designated for green spaces. KKH has made an agreement with the City of Seville to ensure the project has benefits for the area and its citizens, and follows previous plans for the area, which have involved citizen participation [Ref. 3, 6, 9].",https://www.diariodesevilla.es/sevilla/sombra-cubrira-nuevo-parque-Altadis-Sevilla-video_0_1880512989.html,2,1,2,3,1,1,3,1,1,3,4,3,3,3,2,2,8,6,11,10
326,Iaşi (FUA),Europe,Adopt a linden tree,Adoptă un tei,"""Adopt a linden tree"" is a project that involved the planting and adoption of linden trees in the city of Iași, spanning from 2019 to 2023 across three editions (1 to 8). The campaign was spearheaded by the National Athenaeum of Iași, in collaboration with the Mihai Eminescu Association from Vienna (2). This initiative was launched in celebration of the Athenaeum's 100th anniversary, and it specifically chose the linden tree because of its deep-rooted symbolism in the city of Iași.  The tree is not only a natural landmark but also carries cultural and historical weight, as it is closely associated with Romania’s national poet, Mihai Eminescu, who is known for his love of linden trees.
In 2019, 100 linden trees were planted, a number that was repeated in 2020. In the 2023 edition, 50 trees were added, bringing the total number of trees planted through this project to 250 (1 & 4 & 5). An important and unique aspect of the initiative is the ""adoption"" of the trees by volunteers who participated in the campaign. These volunteers not only lent their names to the trees but also took on the responsibility for their care, ensuring the trees' survival and growth until they reached maturity . 
Volunteers were encouraged to participate, and the campaign was supported by donations from individuals, businesses, and public institutions. The municipality of Iași also contributed by providing funds, approving the initiative, and preparing the land through its subsidiary, Servicii Publice Iași S.A., reflecting strong public-private collaboration.
Beyond its cultural significance, the campaign aimed to achieve several other objectives. These included enhancing the city’s aesthetics, promoting community engagement, and improving the quality of life in Iași by contributing to cleaner air and a healthier environment . The initiative also aimed to raise environmental awareness among residents and foster a stronger sense of responsibility toward the natural world. (1-8)",https://www.ateneuiasi.ro/adopta-un-tei/,2,1,4,2,4,0,2,1,4,1,4,1,3,3,3,4,9,7,10,13
327,Mobile (FUA),Northern America,City of Fairhope: Working Waterfront and Greenspace Restoration Project,City of Fairhope - Working Waterfront and Greenspace Restoration Project,"Fairhope's Municipal Pier is a popular bayfront destination featuring a 1/4-mile pier, swimming areas, picnic spots, a landscaped rose garden, benches, restrooms, a marina, a restaurant, walking trails, and a duck pond. However, the area has been fragilized over the years. The beaches are absent and less prominent now, due in large measure to the presence of shoreline hardening (Ref 5), making the shoreline more vulnerable to climate hazards (Ref 5).
The main goal of the Working Waterfront and Greenspace Restoration Project is to introduce safe and user-friendly improvements to the 10-acre South Beach Park area, which encompasses the Municipal Pier (Ref 2). These upgrades aim to enhance the public's use and access of the waterfront, while ensuring the park's long-term resilience and sustainability (Ref 2). The new design tackles both the structural issues of the bulkhead/seawall and the overall aesthetics of the Fairhope Pier area (Ref 2).
Over the years, storms, particularly Hurricanes Sally and Zeta, have compromised the structural integrity of the anchoring hardware of the bulkhead/seawall, causing parts of the wall to shift. Additionally, water intrusion behind the wall has eroded the soil supporting the walkway in certain areas (Ref 2). Other important features include new handrails, decking, restroom facilities, and lights on the pier. The project will also add new stairs leading to the bluff, restore the fountain, and renovate the parking lot. A funicular lift will be installed at the bluff to enhance accessibility (Ref 5).
Pedestrian safety will be improved to meet the requirements of the Americans with Disabilities Act. Other enhancements include landscaping with new irrigation, and the construction of new sidewalks (Ref 2, Ref 4).",https://www.fairhopeal.gov/community/working-waterfront,2,1,2,3,2,1,3,1,1,3,2,1,3,3,2,2,8,7,7,10
329,Dublin (FUA),Europe,The Tree Hub Nursery,NA,"The Digital Hub, a campus in Dublin 8 offering 49,000 sq. ft. of office, studio, and workspaces for small businesses in technology, creative industries, social enterprises, and artisans, has partnered with Pocket Forests to establish Ireland’s first urban native tree nursery. Located on The Digital Hub campus, the Pocket Forests Tree Hub will grow native Irish trees, including birch, rowan, and alder, to support the planting of over 600 trees throughout Dublin 8 and beyond.
As Dublin 8 district faces a noted lack of green spaces and low tree density, as highlighted by the Mapping Green Dublin project from University College Dublin and local groups, the Tree Hub is set to address this gap. This innovative initiative aims to improve the local natural environment and bolster biodiversity in a rapidly urbanizing area.
Pocket Forests, co-founded in 2020 by Ashe Conrad-Jones and Catherine Cleary, is inspired by the Tiny Forest concept, which brings diverse native plants to small urban plots. Using permaculture methods, Pocket Forests regenerates depleted soil and creates diverse micro-forests on plots as compact as six square meters. This approach, which enriches soil and encourages biodiversity, has a unique capacity to transform urban areas into lush, green spaces, contributing to improved air quality and local ecosystems.
The Covid-19 pandemic has underscored the importance of access to nature for well-being, and The Digital Hub offers an ideal location for this first-of-its-kind urban initiative. The Tree Hub will serve as a valuable resource for greening Dublin 8, promoting community engagement, and fostering a greater connection to nature.
Beyond the nursery, Pocket Forests will run a series of six half-day workshops at The Digital Hub to educate the community on biodiversity, pollination, compost, soil health, and the importance of urban forest ecosystems. The Digital Hub’s Tree Hub boosts well-being, biodiversity, and green space for future generations. (1-5",https://thedigitalhub.com/press-releases/the-digital-hub-hosts-urban-tree-nursery-first-in-pocket-forest-partnership/,1,1,1,2,2,0,1,1,2,2,4,1,3,2,2,2,5,4,9,9
330,Iaşi (FUA),Europe,Conservation Plan of the Lake Ciurbesti,Conservarea Lacului Ciurbești,"The initiative focuses on the creation and implementation of a management plan for the Natura 2000 areas of Ciurbesti Lake and Fânațele Bârca to protect their biodiversity and promote sustainable tourism and land use. These areas were designated as part of the Natura 2000 network in 2016, but until recently, lacked a formal management plan. In 2019, the environmental group ""Asociaţia Scutierii Naturii Bacău,"" in partnership with the Environmental Protection Agency of Iași (APM Iași), secured EU funding to develop the plan. While the plan was being developed, minimal regulations were established in 2022 to ensure interim protection.
The finalized management plan was released in 2024. It assessed species and habitats of European, national, and community importance, identifying 18 bird species, 3 plant species, 1 mammal species, and 4 key habitats. The plan also identified environmental pressures and set objectives and actions to ensure the conservation of this biodiversity. Before the plan's completion, two rounds of public consultations were held, involving a broad range of stakeholders, including surrounding municipalities, private landowners, public administrators, and local community representatives, to define optimal management practices.
The plan mandates continuous monitoring and reporting on the state of species and habitats. It also includes specific conservation measures, such as the partial reconstruction of endangered habitats, meetings with local land users to restrict harmful activities, public awareness campaigns, and regular monitoring. Additionally, it emphasizes the sustainable use of the area, including tourism. The creation of the plan was financed with EU funds totaling €1,036,014.27, and the projected cost for its implementation is €259,627.99. (1-5)",https://www.bzi.ro/apm-iasi-da-startul-caravanelor-de-informare-constientizare-a-comunitatilor-locale-privind-importanta-conservarii-biodiversitatii-unor-arii-protejate-situri-natura-2000-din-judet-foto-4769098,1,3,2,4,2,0,4,NA,4,4,2,4,3,3,3,3,10,6,14,12
331,Mobile (FUA),Northern America,Trinity Garden Community Improvements,Trinity Garden Community Improvements,"This series of projects in the Trinity Garden aims to improve sports fields, enhance drainage, and replace HVAC (Heating, Ventilation, and Air Conditioning) systems at the community center in the Trinity Garden community (Ref 1).  The first project involves a complete renovation of the playground area at Trinity Gardens Park. The entire playground will be rebuilt with a new drainage system, along with the installation of a new play structure, benches, and trash receptacles (Ref 2). Another key component of the project includes the construction of a new natural baseball/football combo field, with a new infield, bases, outfield fencing, foul poles, and with improved drainage (drain piping, inlets, sodding, and irrigation) for the sports field (Ref 3). On the subject of recreation and public health, Councilman Fred Richardson emphasised the significance of Trinity Park, stating, “Good public parks are key to creating healthy children and, in turn, strong communities. I am so happy that we are able to bring these major improvements so local children will have a great place to come play, and their caregivers will have a place to watch them from” (Ref 2). 
Additionally, another major project on the agenda focuses on street and drainage improvements within the community. This will address issues on Warsaw Avenue and Collins Avenue, from Main Street to Jessie Street, aiming to resolve several hazardous open ditches that currently run through the neighborhood (Ref 2).",https://www.cityofmobile.org/district-1/major-projects-coming-to-trinity-gardens-community,2,1,2,3,1,0,3,1,2,2,2,1,3,2,2,1,8,5,7,8
332,Berlin (FUA),Europe,Sustainable renovation of schoolyard,Ökologische und nachhaltige Sanierung auf dem Reginhard-Schulhof,"The schoolyard at Reginhard Primary School in Reinickendorf faced persistent challenges, often becoming unusable due to poor drainage. After rainfall, water would pool, leaving the yard submerged and inaccessible to the 400 primary school pupils. Even in dry weather, the schoolyard was far from ideal: a lack of play equipment made it uninviting, and in summer, the area became excessively hot, offering little comfort or shade. Both children and the school community, including teaching staff and parents, voiced a strong desire for improvement.
Adding to the urgency for redesign, Berliner Wasserbetriebe imposed a discharge restriction, requiring rainwater to be managed on-site. This led to a comprehensive transformation of the school grounds. Large areas were unsealed, allowing water to seep naturally into the ground. Underground seepage systems were installed to enhance drainage, and the redesign introduced green spaces, a school garden, and near-natural play and exercise areas. These changes not only resolved the flooding issue but also created a more inviting and sustainable environment for students.
The focus on ecological and sustainable design improved the microclimate, providing cooler surroundings and enabling outdoor breaks filled with activity and fresh air. The redesign transformed the schoolyard into a vibrant space that meets the needs of both children and the environment.
This project was funded by the Berlin Programme for Sustainable Development (BENE Umwelt) and financed by the European Regional Development Fund (ERDF). (Ref. 3; Ref. 4)",https://regenwasseragentur.berlin/projekte/reginhard-grundschule/,4,1,1,2,1,0,2,1,1,2,3,2,3,2,1,2,8,4,8,8
333,Porto Velho (FUA),Latin America and the Caribbean,Mapinguari National Park,Parque Nacional Mapinguari,"Mapinguari National Park, located in the Amazon region of Brazil, is a protected area distinguished by its rich biodiversity and vast expanse of untouched tropical rainforest (2). It was officially created on June 5, 2008, by decree, covering an area of 1,776,914.18 hectares (2). The Chico Mendes Institute for Biodiversity Conservation (ICMBio) manages the park. It is linked to a management plan encompassing several nearby conservation units and their areas of influence (2, 3). Its main goal is to preserve the valuable natural ecosystems and scenic landscapes of the Purus-Madeira interfluvial region, which includes savanna enclaves (2, 3). The ecoregion where it is located has a high priority for botanical conservation due to parameters such as species richness and endemism (3). Additionally, the area presents great environmental heterogeneity, with several isolated and unique ecosystems, aspects that have been considered for fostering scientific research and public visitation, with programs for environmental education, recreation in contact with nature, and ecotourism (3). On March 8, 2013, an advisory council for the park was established to involve various stakeholders in decision-making and the effective conservation of the park (2), and in 2018 a Management Master Plan was established, seeking to develop an integrated approach for the protection and proper management of the region, especially considering the socio-environmental impacts of the construction of the BR-319 highway and the deforestation caused by fires, the expansion of soybean cultivation, land appropriation (7) and cattle ranching from the neighbouring state (3, 10). It was established as a Natural Park in 2008, but over the years it has undergone changes in land regulations, adding or decreasing its size as certain mining activities have been allowed in the buffer zone (2)",https://uc.socioambiental.org/en/arp/4968,2,NA,NA,NA,4,NA,NA,NA,4,4,NA,NA,2,3,3,4,2,4,8,12
334,Dublin (FUA),Europe,Tolka River Project Tiny Forest,NA,"MINI Ireland, in collaboration with conservation charity Earthwatch Europe, has launched Ireland's first ""Tiny Forest"" at the Tolka River Project, a community-driven rehabilitation program in Co. Dublin. In a space the size of a tennis court (195m²), nearly 600 native trees have been planted, creating a densely packed, environmentally efficient green area.
This partnership with Earthwatch aims to raise awareness for local environmental projects and foster community bonds. Green spaces like this offer valuable areas for people to connect with nature, exercise, unwind, and reduce stress—one reason the Tolka River Project center was chosen as an ideal location. ""Tiny Forests"" are remarkable for their impressive efficiency within a small footprint: by planting 600 native trees closely together, the forest grows naturally with increased density, achieving up to 30% more plant density, ten times faster growth, and up to thirty times better carbon dioxide absorption. Over the next three years, this forest is expected to attract more than 500 animal and plant species, transforming into an accessible mini-ecosystem.
The project uses a variety of locally sourced native trees, including silver birch, alder, hazel, hawthorn, and gorse, which together will form the natural layers of a forest. Ireland's first Tiny Forest was planted on March 22, 2023, at the Tolka River Project site in Dublin's Buzzardstown area. The Tiny Forest, located near the center, will serve as a space for reflection and recovery, supporting clients on their journey to rehabilitation. The planting event was a day of celebration, with Tolka River Project clients and MINI Ireland staff working side-by-side to create this thriving green space.. The space is utilized to create recovery-focused programs, including mindfulness and yoga, while functioning as a social gathering area (7).",https://www.mini.ie/en_IE/home/news/irelands-first-tiny-forest.html,2,4,3,2,2,0,2,1,2,2,3,1,4,2,4,3,11,5,8,13
335,Mobile (FUA),Northern America,Medal of Honor Park Improvements,NA,"Medal of Honour Park, located in West Mobile, is the city's second-largest park (Ref 3, video). A City-County partnership is planning to implement significant changes to the park and its amenities (Ref 3). These changes include crowning and sodding the field, surrounded by large oaks, making it an oasis in the middle of the city (Ref 1, Ref 5). The project will focus on upgrading recreational and sports facilities, such as improvements to the golf area (Ref 1), tennis courts, and softball fields (Ref 1, 4). Additionally, the playground will be entirely rebuilt, featuring RSA Tower slides, new drinking fountains, new fencing, and rubber play surfaces for added safety (Ref 3). Cultural and social enhancements are also part of the plan, including upgrades to the amphitheatre (Ref 1). Visitors will enjoy a walking trail that allows them to experience nature while exploring the park. Other amenities receiving upgrades include lighting, wayfinding signage (Ref 1), as well as improvements to the concession stands and restrooms (Ref 4). Traffic circulation within the park will also see enhancements, particularly at the street intersection and surrounding landscaping (Ref 1).
This park is a popular destination, attracting kids and families from all over the region (Ref 3, video). Importantly, it meets the Americans with Disabilities Act (ADA) standards, ensuring accessibility for everyone (Ref 5).",https://mapformobile.org/wp/wp-content/uploads/2023/02/CIP-23-27_Final_forPrint_Optimized.pdf,1,2,3,4,1,0,4,1,2,2,2,1,2,1,1,1,10,6,7,5
336,Fort-de-France (FUA),Latin America and the Caribbean,Facilitating sea turtle nesting,Véti'vert project,"The beach of Vétiver, located in the municipality of Case-Pilote, is one of the most important nesting sites for the critically endangered hawksbill turtle (Eretmochelys imbricata) in Martinique. It is also a nesting ground for the green sea turtle (Chelonia mydas), another endangered species. As one of the last minimally urbanized beaches in the North Caribbean of Martinique, the site plays a vital role in the conservation of these species. In addition, fishing restrictions in the area significantly reduce the risk of turtle mortality caused by accidental capture in fishing gear, which is the leading cause of human-related sea turtle deaths in the Antilles.
However, the site faces several stressors that hinder successful nesting. The surrounding vegetation is severely degraded due to invasive alien species, and much of the shrub and tree cover has disappeared from the backshore, where turtles prefer to nest. Without adequate vegetation, hatchlings are left exposed to the heat. Additionally, the beach is frequently disturbed by local residents and visitors for recreational activities. With no designated parking area, cars often park directly on the beach, compacting the soil and further limiting the chances for vegetation to recover or turtles to dig nests. This compaction forces turtles to lay their eggs closer to the shoreline, increasing the risk of nests being washed away by heavy swells.
In 2022, the non-profit organization ""Asso-mer"" and its partners launched the Véti’Vert project on a previously neglected public green space. Through environmental restoration efforts, they created a nesting enclosure on the backshore to mitigate these stressors and improve the conditions for sea turtle nesting. The project  also engaged with local residents to increase the chances of success (Refs 1-3).",https://www.lassomer.fr/vetivert-restauration-de-la-foret-littorale-a-vetiver/,1,1,2,2,4,1,2,NA,1,1,2,1,3,3,2,2,6,7,5,10
337,Göteborg (FUA),Europe,Kikås dump: from waste to biodiversity,Kikåstippen: Från avfall till biologisk mångfald,"The Kikås dump is a landfill in Mölndal, south of Gothenburg, where an area has been permanently covered with a sealing layer and inert material. This project aimed to utilise the area to increase biodiversity by establishing flowering meadows and an insect hotel, creating a habitat for wild bees, butterflies and birds [Ref. 1-3]. The City of Mölndal initated the project and sowed meadow flowers, established sand beds for burrowing insects, an uneven, rocky terrain and a large insect hotel [Ref. 1, 3]. The area is also meant to be a destination for recreation and learning about biodiversity. The Insect Hotel is marketed as the largest in Sweden, and it includes information signs and an outdoor classroom. The project is meant to raise awareness about biodiversity and ecosystem services such as pollination [Ref. 1, 4-6]. The area borders natural areas such as forests and wetlands and is meant to have positive ecological effects in the border zones. The project will contribute to the environmental goals of the city, in particular, ""a rich plant and animal life"" [Ref. 3]",https://www.naturvardsverket.se/amnesomraden/pollinering/goda-exempel/nedlagd-deponi-forvandlas-till-blomrika-ytor-som-gynnar-vilda-pollinatorer/,1,1,2,4,4,0,3,1,3,3,2,1,2,2,3,4,8,8,9,11
338,Detroit (FUA),Northern America,DWSD Fenkell Green Infrastructure,NA,"The Fenkell Stormwater Project in the Brightmoor neighborhood of Detroit is an initiative led by the Detroit Water and Sewerage Department (DWSD) to mitigate the impact of heavy rain events on the local sewer system. By transforming 92 Detroit Land Bank Authority (DLBA) parcels into 24 bioretention gardens, the project aims to significantly reduce street flooding and basement backups in the area. These gardens, spread across approximately 50 acres of mostly vacant land, utilize permeable soils and landscaping techniques to absorb excess rainfall, which helps prevent the overloading of the city’s combined sewer system. This is particularly important in reducing combined sewer overflows (CSOs), which occur when the system's capacity is exceeded during heavy rains, leading to untreated stormwater and sewage being discharged into the Rouge River.
The project is expected to manage and treat about nine million gallons of stormwater annually, making a significant impact on both the neighborhood’s infrastructure and the environment. In addition to the bioretention gardens, the project includes the partial removal of Blackstone Street between Keeler and Midland streets to further enhance stormwater management.
Community engagement has been a critical component of the project, with residents of Brightmoor and Minock Park participating in meetings to share their preferences for the types of trees, plantings, and other features. The DWSD will maintain the gardens under its Green Stormwater Infrastructure (GSI) program, which already includes 19 other similar projects across the city. The project is currently in the construction phase and is expected to be completed by the end of 2024, modernizing Brightmoor’s stormwater infrastructure and providing long-term environmental and community benefits.
(Ref.1-3)",https://detroitmi.gov/departments/water-and-sewerage-department/dwsd-projects/fenkell-stormwater-projects,2,1,3,4,2,0,4,1,2,3,3,4,3,3,3,3,10,7,12,12
339,Phoenix (FUA),Northern America,Rio Salado Pollinator Garden,NA,"Pollinators—including bees, butterflies, moths, hummingbirds, sunbirds, and bats, all found in the Sonoran Desert—play a vital role in plant reproduction, contributing to the production of fruits, vegetables, and seeds. However, these essential species face growing challenges, such as habitat loss, pesticide use, and climate change.
In 2023, the Rio Reimagined project, a two-year regional river revitalization initiative, received a grant from the Society for Ecological Restoration’s Standards-based Restoration in Action program, in collaboration with Microsoft. This grant is funding the creation of a riparian pollinator garden designed by ASU students at the Nina Mason Pulliam Rio Salado Audubon Center, situated on the banks of the Salt River in Phoenix. With strong support from the City of Phoenix, Microsoft’s Community Environmental Sustainability (CES) program, and planting expertise from the Tiger Mountain Foundation, a one-acre garden was restored in 2024 to establish a thriving pollinator habitat.
This restored garden includes interpretive signage and programming designed to educate visitors on the importance of riparian ecosystems. More than one hundred volunteers planted native species along the Rio Salado to attract and support pollinators such as bees, butterflies, and birds. The garden is specifically designed to be climate-resilient and drought-tolerant, enhancing the biodiversity of the Salt River.
This initiative not only revitalizes the Rio Salado Audubon Center but also cultivates native plants, supports pollinator populations, and benefits the broader community through increased environmental awareness and sustainability. (1-3)",https://southwest.audubon.org/news/volunteers-plant-native-plants-for-pollinators,4,1,2,2,4,0,2,1,4,2,2,1,3,4,4,4,9,7,9,15
340,Berlin (FUA),Europe,Sheep grazing in palace garden,Schafsbeweidung im Schlossgarten Charlottenburg,"In Berlin, at the palace park and garden Charlottenburg, approx. 40 to 70 horned Gotland sheep are used to maintain the grass fields and meadows. The project is part of a garden and landscape conservation programme that is to be seen as a contribution to practical nature conservation by the Prussian Palaces and Gardens Foundation Berlin-Brandenburg, which manages the  park. From May to November, the sheep are grazing on the palace property, whereby the exact length of time the sheep are kept and the duration of the project depend largely on the developing weather conditions. This is because prolonged drought significantly reduces the growth of the grasses. (Ref. 1)
The garden had already been grazed earlier in its history, but no longer in the post-war period. The garden was created by Electress Sophie Charlotte in 1695. (Ref. 3) Since 2018, sheep can be found again in the park space where they graze on extensive meadows with groups of chestnut, lime, maple, oak, beech and solitary trees. At the beginning of May, they move into their first station there, usually the meadow in front of the late baroque-classical Belvedere tea house. Once this has been grazed, they move on to the next meadow; with an area of 55 hectares, there is plenty of pasture. (Ref. 4)
Sheep from his flock also graze on the green flat roof of the Max-Schmeling-Halle in Pankow, the palace garden of Sanssouci and other public and private patches of land around Berlin. Reasons to use sheep over machinery for the maintenance of the park space are monetary and a reduce loss of biodiversity. Sheep are cheaper compared to machinery, the needed labour and wear, and also don't kill insects living in the fields as machinery does. Furthermore, the sheep dung fertilises the grass area, sheep limit the spread of invasive plants and are more gentle to the soil.  At the same time, palace visitors enjoy observing the sheep and can learn about them in guided tours. (Ref. 4; Ref. 6)",https://www.berliner-woche.de/charlottenburg/c-kultur/im-schlossgarten-charlottenburg-weiden-bis-november-wieder-gotlandschafe_a415078,1,4,3,4,4,0,4,1,3,1,4,4,2,2,3,2,12,9,12,9
341,Lima (FUA),Latin America and the Caribbean,Ventanilla Wetlands,Humedales de Ventanilla,"The ""Ventanilla Wetlands"" Regional Conservation Area (ACR) is an area of 275.45 hectares protected and administered by the Regional Management of Natural Resources and Environmental Management of the Regional Government of Callao (1, 2). It was established on December 20, 2006, by Supreme Decree No. 074-2006-AG, to conserve a representative sample of the coastal wetlands of the Subtropical Pacific Desert (2). With an ecosystem shaped by various hydrological and ecological processes, the ""Ventanilla Wetlands"" ACR is home to 126 bird species and 27 native plant species, making it an ideal area for ecotourism, recreational, educational, scientific, and cultural activities, thanks to its landscapes and biodiversity (2).  However, the Ventanilla Wetlands face several challenges due to urban growth, water pollution, waste, traffic and plane overflights from the National Police and Navy, leading to a decline in bird populations due to noise exposure (5).
This area is fed by the hydrological system of the Chillón River, by surface waters from the Sedapal oxidation ponds, and by water seepage from nearby human settlements and populations adjacent to the wetland. The Ventanilla Wetlands are also influenced by the marine system, especially in the northwest zone. This gives the ACR area lagoon-like characteristics, meaning that its waters are slightly brackish despite being separated from the sea. The internal hydrological system supports the growth of species such as cattails, bulrushes, and reeds. In total, there are 27 native plant species, which serve the function of filtering and purifying the wetland's water. Additionally, the flora provides protection and food for various fauna species, particularly birds, with 126 species recorded, including resident and migratory birds from the Andes, local areas, and the Northern and Southern Hemispheres. Moreover, this protected natural area is home to five reptile species, including endemic species from Lima that are endangered (3).",https://www.gob.pe/15430-area-de-conservacion-regional-humedales-de-ventanilla-actividades-de-conservacion,2,3,4,4,4,1,4,2,3,4,3,4,2,1,3,3,13,11,14,9
342,Fort-de-France (FUA),Latin America and the Caribbean,Historical and natural heritage park,Domaine de l'Émeraude,"Located in the municipality of Morne Rouge, the Domaine d’Émeraude was once an agricultural site but was transferred to the Martinique Regional Natural Park (PNRM) in the early 2000s. It underwent significant renovations in 2005 to transform it into a sanctuary for Martinican biodiversity, reflecting the need to protect and conserve the island's unique ecosystems. In 2011, it opened its doors to the public, serving as an important educational resource that raises awareness about the island's historical, natural, and cultural heritage (Refs 4, 7, 8).
Today, the site encompasses 25 hectares protected from anthropogenic pressures and is primarily characterized by a humid tropical forest environment, which makes up 80% of the area (Ref 7). It is home to over a hundred native species (Ref 4) and offers nearly 4 kilometers of walking trails accessible to both adults and children, complete with recreational stops and educational amenities.
 The Domaine d’Émeraude was designed to enhance the conservation of native species while developing sustainable economic activities that benefit the local community. Moreover, the site emphasizes the well-being that forested areas provide to visitors, highlighting that ""the air can be heard, the smells can be savored, and the sounds can be experienced. The freshness of the place is a source of change and relaxation..."" (Ref 4).",https://pnr-martinique.com/visiter/le-domaine-demeraude/,1,NA,NA,NA,4,NA,NA,NA,2,2,NA,NA,3,2,2,1,1,4,4,8
343,Göteborg (FUA),Europe,Water retention measures in Gothenburg,Vattenhållande åtgärder i Göteborg,"This project aims to increase water retention capacity in the landscape around urban areas and promote biodiversity by restoring wetlands and natural streams in the forested areas on the island of Hisingen in northern Gothenburg. Many wetlands and streams in the area have been drained or otherwise affected by human activity, reducing biodiversity, increasing the risk of floods and droughts and causing greenhouse gas emissions from peatland. The goals of the project are to reduce the risk of floods downstream, reduce the effects of dry periods, increase groundwater infiltration and benefit species living in and around wetlands and streams in the forest [Ref. 1-3]. The Swedish Anglers Association has initiated the project in cooperation with the City of Gothenburg and the environmental engineering company Miljöteknik I Väst AB [Ref 1]. The project's first stage is a continuation of an earlier project to make an inventory of wetlands and their status [Ref 1, 2]. For the second part, 6,9 ha of wetlands and streams on land owned by the city were restored [Ref. 1, 3]. The project will lead to further efforts in wetland restoration around Gothenburg [Ref. 2, 4].",https://lona.naturvardsverket.se/Project/View/7955,4,1,2,2,4,0,2,1,1,2,2,1,3,4,4,2,9,7,6,13
344,Dublin (FUA),Europe,The Gnomes Farm,NA,"The Gnomes Project was launched to breathe new life into the abandoned Dublin City University (DCU) Community Garden, transforming it into a thriving urban micro-farm. Led by three friends—Martin, Jason, and Shane, collectively known as ""The Gnomes""—the initiative grows pesticide-free, organic produce for the local community while championing regenerative farming practices.
The Gnomes employ bio-intensive agriculture, a sustainable approach designed to maximize yield from small spaces while maintaining biodiversity and enriching soil health. This method supports long-term productivity by promoting crop diversity, improving soil quality, and reducing dependence on external inputs through a closed-loop system.
The project’s journey began in 2015 when Jason and Martin enrolled in DCU's horticulture program and saw potential in the overgrown community garden. Shane joined as a volunteer in 2016, and by 2017, the trio had formalized their efforts to revitalize the garden. In 2019, they registered their business and began growing over 30 types of crops, eventually selling their produce through local farmers’ markets and small businesses.
Working tirelessly to restore the garden, The Gnomes cleared debris and removed invasive weeds using organic methods, transforming the area into a productive micro-farm. After negotiating with the university, they secured a lease for a 10,900 sq.-ft. plot (approximately 1/4 acre), with access to water. This space became the foundation for their bio-intensive, small-scale farming model, enabling them to grow quick-yield, high-value crops that thrive in limited spaces.
Some of their 20+ crops include a variety of leafy greens, herbs, tomatoes, cucumbers, zucchinis, green beans, onions, carrots, beetroots, baby turnips, apples, and recently added microgreens. 
The Gnomes Project demonstrates the potential of urban farming, combining sustainable agriculture with community engagement.  (2-5, 7-10)",https://marketgnomes.com/pages/our-farm-in-a-nutshell,2,4,3,3,2,0,2,1,2,1,3,2,3,2,2,2,12,5,8,9
345,Iaşi (FUA),Europe,Urban Center of Good Initiatives (CUIB),Centrul Urban de Inițiative Bune (CUIB),"The Urban Center of Good Initiatives (CUIB), a social enterprise launched by the NGO Mai Bine in 2013, is designed to drive social economies and support sustainable development in Iasi. The enterprise operates a bistro that promotes social consumption by supporting local producers, adhering to slow food principles through the use of local and seasonal ingredients, minimizing food waste, and encouraging sustainable transportation, among other eco-friendly activities (2 & 4).
In 2020, CUIB and Mai Bine joined the FoodE program, a European research and social project focused on local agri-food systems. Funded by the EU’s Horizon 2020 Framework Programme for Research and Innovation (2014-2020), the initiative empowered grassroots organizations through co-creation and collaboration among diverse stakeholders (5).
The FoodE project strengthened CUIB’s mission to provide low-carbon-impact food, promote ecological, ethical, and artisanal products, offer solidarity services such as free meals for the most vulnerable, engage in low-waste operations, provide education on mental and human ecology, and foster community through social and cultural events (1, p. 98). To further these goals, CUIB organized co-design workshops with 100 community members, focusing on achieving zero food miles, zero waste, and eliminating food waste (1, p. 99).
The program also led to improvements at the bistro, including the creation of a courtyard garden,  a small terrace garden, along with a community garden (1, p. 100). These gardens supplied food to the bistro, and bio-waste was composted to fertilize the plots (1, p. 102). CUIB also hosted 17 outreach events as part of the initiative, including ecological workshops and the creation of a vegetable garden at a local kindergarten (3, p. 114 & 6).
Beyond its environmental work, CUIB provides free meals for 100 beneficiaries and organizes food donations for 400 vulnerable children and individuals (1, p. 103).",https://incuib.ro/,4,4,3,2,4,0,2,1,4,4,4,1,3,3,4,4,13,7,13,14
346,Phoenix (FUA),Northern America,Clarendon Elementary School Rain Garden,NA,"Arizona is experiencing an unprecedented drought, now nearing 15 years and surpassing the most severe drought in over 110 years of recorded history (1). For Phoenix residents, accustomed to extreme heat and minimal rainfall, rising temperatures are bringing new health risks (3). Diminished rainfall not only leads to water scarcity but also raises temperatures, as the sun’s energy, instead of being absorbed to evaporate moisture, intensifies the heat on the ground (2). In 2023 alone, extreme heat claimed at least 147 lives, with Arizona seeing the majority of these fatalities. By early August, over 100 heat-related deaths had been reported in the state (2).
In response to these challenges, the Watershed Management Group (WMG) has collaborated with Arizona State University’s Sustainability Teachers’ Academies to develop a program that maximizes the desert’s limited rainfall to build community resilience (3). Their Schoolyard Water Education Program brings educational services to Phoenix schools, focusing on designing and installing rain gardens as part of outdoor learning initiatives (3). This hands-on approach transforms schoolyards into interactive laboratories where students learn the principles of sustainability through direct engagement with their surroundings (3).
A project at Clarendon Elementary School in Phoenix involved constructing a rain garden with native plants and wood chip mulch to help retain moisture (3). These gardens offer students a living classroom, where they can observe seasonal changes in native plant life, distinguish beneficial species from invasive weeds, and track rainfall to measure the garden’s water intake from rooftops and direct rain (3). Beyond the academic learning, rain gardens provide cooler, safer spaces for students to gather, fostering a lasting connection with nature and a deeper understanding of sustainable water practices (3).",https://wateruseitwisely.com/blog/build-a-rain-garden-nature-based-solutions-from-schools-to-your-home/,4,1,3,3,4,0,3,1,4,1,3,1,3,3,3,3,11,8,9,12
347,Detroit (FUA),Northern America,Far West Detroit Stormwater Improvement Project,NA,"The Far West Detroit neighborhood faces significant challenges with its aging infrastructure. The neighborhood’s stormwater and sewer systems are combined into a single system that is only capable of handling a limited volume. During heavy rain events, the system's capacity is exceeded, causing excess stormwater and untreated sewage to overflow into the Rouge River, which negatively impacts the environment (Ref. 1).
Detroit is investing $40 million in a transformative stormwater management system in the Far West neighborhood near Rouge Park. Described by the Detroit Water and Sewerage Department as the largest project of its kind, it will redirect 98 million gallons of rainwater and snowmelt into two new detention basins and a renovated sewer system. The new wastewater system is expected to significantly reduce water volumes in Detroit’s combined sewer system during heavy rainfall and to provide flood relief for approximately 1,200 homes that have experienced flooding in recent years. This expansion, informed by community feedback, marks one of the city's most notable investments in green infrastructure to improve its overextended wastewater management system.
The project has been planned through extensive studies and community coordination since 2016, with construction set to occur in three phases, extending through 2026. Crews broke ground on the South Basin, North Basin, and sewer overhaul in July 2022, and progress is reportedly on track. In addition to the basins, the stormwater management initiative includes neighborhood improvements to enhance recreational opportunities for residents and visitors alike. Planned enhancements in Rouge Park will introduce wetland spaces with native flora, creating greener, more inviting areas in the community for residents to enjoy (Ref. 2).",https://detroitmi.gov/departments/water-and-sewerage-department/dwsd-projects/far-west-detroit-stormwater-improvement-project,2,1,3,4,2,0,4,1,2,2,2,4,3,3,4,3,10,7,10,13
348,Berlin (FUA),Europe,Retention pond at the Spreepark,Multifunktionales Wasserbecken im neuen Spreepark,"The former Kulturpark Plänterwald, once the only permanent amusement park in the GDR, closed in 2001 due to declining visitor numbers. Over time, the 23-hectare site became a ‘lost place,’ falling into disrepair. In 2014, the state of Berlin reacquired the area, and two years later, Grün Berlin initiated its redevelopment with a sustainable development concept that places significant emphasis on rainwater management.
The project’s goal is to avoid discharging rainwater into the sewer system and instead manage all precipitation on-site. This approach addresses both heavy rainfall events and extreme drought conditions, creating a sustainable rainwater management system. A central element of this concept is the historic but dried-up water basin located near the iconic Ferris wheel. Plans include redesigning and reactivating the basin, incorporating terraces and a shallow water zone, transforming it into a key part of the rainwater cycle while providing an attractive recreational and adventure area. (Ref. 1; Ref. 2)
In the future, the water basin will no longer be purely decorative but will serve as a critical artificial water reservoir. To support this function, it will be equipped with a natural horizontal filter system featuring reeds for rainwater purification. Pre-treated water will flow into the newly designed 3,000-square-metre basin near the Ferris wheel. Rainwater collected in the basin, along with water stored in cisterns throughout the park, will irrigate the site’s vegetation. This innovative approach ensures sustainable water use and contributes to the ecological revitalization of the park. (Ref. 1; Ref. 3)
By integrating sustainable rainwater management into its redevelopment, the former Kulturpark Plänterwald is being transformed into a resilient and environmentally conscious space, combining historical preservation with modern ecological practices.",https://www.spreepark.berlin/,2,4,4,4,1,0,4,2,2,1,4,3,3,3,1,2,14,7,10,9
349,Porto Velho (FUA),Latin America and the Caribbean,The future farm,Fazenda Futuro,"The Fazenda Futuro project was created in 2010 by the State Secretariat of Justice of Rondônia, with the aim of reintegrating people deprived of their liberty through agricultural work and providing training to enable them to develop skills for entry into the labor market once they have served their sentence (2). Located on 309 hectares donated by the Union, near the Ênio Pinheiro Agricultural Penal Colony in Porto Velho, the project offers participants training in agriculture and practical experience in the cultivation of various food species (4).
Since its inception, the project has worked with 81 people, offering them opportunities for income generation and sentence reduction (4). The farm's products have been distributed among public institutions, social entities and the participants themselves (3, 4). Although initially focused on donations, the project is exploring partnerships with the Community Council to market its products and generate income for future investments (3), as well as starting to generate products such as sweets and jams that can be marketed (3).
Through work in the garden, participants and their families receive compensation through the Sejus prison fund and benefit from sentence reduction through labor relief, as stipulated by the Penal Enforcement Law. This provides them with practical agricultural experience, which enhances their employability (3, 5).",https://rondonia.ro.gov.br/fazenda-futuro/,1,NA,NA,NA,3,NA,NA,NA,3,3,NA,NA,1,3,2,4,1,3,6,10
350,Fort-de-France (FUA),Latin America and the Caribbean,Cacao farm at the Foyer de l'Espérance,Cacaoyère de l'Espérance,"This project involves collaboration among government, private, and educational entities focused on developing an agroforestry initiative that integrates economic activity, labor market integration, and educational opportunities for young children at the “Foyer de l’Espérance” [school and child welfare center] in Fort-de-France. The objective is to plant 1,500 cacao trees on the Foyer's premises by 2025. These trees will serve as pedagogical support for teachers and children. Planting activities commenced in 2022, and the first cacao pods are expected to mature in 2-3 years. Subsequently, these pods will be processed and transformed by the Martinican Lauzéa chocolate factory under the brand “Chocolat de l’Espérance” (Refs 2; 4).
The idea for this project emerged in June 2022 when young students engaged in a discussion about cocoa farming with Thierry Lauzéa during ""Business Thursdays,"" organized by “Espérance Formation Insertion.” These meetings allow young beneficiaries to explore the business world and discuss their career paths with professionals. During one of these sessions, the young participants inquired about the origins of the cocoa used in Lauzéa's chocolates, leading to the concept of producing cocoa for the Frères Lauzéa company (Refs 3; 5).",https://esperance.apprentis-auteuil.org/2022/10/03/inauguration-de-la-cacaoyere-de-l-esperance/,1,4,4,3,3,0,3,1,4,1,2,1,2,4,1,3,12,7,8,10
351,Cagliari (FUA),Europe,Bee Park in Montentargius,Bee Park in Montentargius,"The Bee Park Molentargius is a project located in the Molentargius-Saline Regional Natural Park, in Cagliari. It is part of a broader effort to regenerate abandoned and underutilised urban spaces, transforming them into areas that support biodiversity, promote sustainability, and engage the local community in environmental stewardship (3,4). The primary goal of the Bee Park Molentargius project is to restore specific areas of the Molentargius Park to their original ecological and productive functions. It aims to enhance biodiversity, support sustainable agricultural practices, and promote environmental education. The project includes the creation of shared gardens and an educational apiary, designed to reclaim the park’s identity and encourage local participation in the management and preservation of this important natural resource (1,3). It was developed with financial support from the Autonomous Region of Sardinia and the European Union's Horizon Europe Framework Programme. Inaugurated in March 2024, the project is a collaborative initiative involving local citizens, institutions, and park beneficiaries. It includes various educational components, such as beekeeping and olive growing training courses, along with sensory analysis workshops for honey and olive oil. These activities are intended to educate the public while fostering a sense of community ownership and responsibility toward the park​ (1,2). The project indirectly addresses environmental hazards related to the degradation of urban green spaces and loss of biodiversity. By restoring the park’s natural and productive functions, the Bee Park Molentargius helps mitigate risks associated with urbanisation, such as habitat loss and the decline of pollinator populations, which are crucial for maintaining ecological balance and food security​ (3)",https://www.beeparkmolentargius.it/,1,4,4,4,4,1,4,NA,3,2,4,4,2,1,1,2,13,9,13,6
352,Dublin (FUA),Europe,Protection of the Booterstown Marsh,NA,"Booterstown Marsh, the only remaining saltmarsh on the south shore of Dublin Bay, plays a crucial role in the Dublin Bay Protection Plan. As part of South Dublin Bay's protected landscape, this unique 4.3-hectare brackish water marsh provides vital environmental and educational value within an urban setting. It supports three key habitats, ranging from freshwater to saltwater, creating essential feeding and roosting grounds for an array of migratory birds. The marsh attracts numerous bird species, including Moorhen, Reed Bunting, Sedge Warbler, Teal, Snipe, Lapwing, Oystercatcher, Redshank, Dunlin, and Brent Geese, establishing it as the only bird sanctuary in South Dublin Bay.
Booterstown Marsh’s ecological significance is underscored by its inclusion in the Dún Laoghaire-Rathdown County Council’s Biodiversity Action Plan 2021-2025: Nature Recovery, Restoration & Reconnection. Managed by the Biodiversity Section of the council, this initiative focuses on protecting and enhancing Booterstown Marsh as part of a broader effort to restore natural habitats across the area. The council’s project addresses key factors in biodiversity loss—such as land use pressures, climate change, and invasive species—by implementing an annual monitoring program to prevent deterioration of critical EU Annex habitats and species.
An Taisce, a local NGO has managed the marsh reserve since the 1970s, dedicating efforts to conservation and public education. This habitat, along with other local ecosystems like the wetlands at Ballycorus and woodlands at Loughlinstown, serves as an essential natural defense against climate change, removing carbon dioxide from the atmosphere and helping stabilize local landscapes by slowing floodwaters in catchment areas.(1-6)",https://www.antaisce.org/booterstown-marsh,2,1,2,4,2,1,3,NA,1,2,2,2,4,2,3,2,9,6,7,11
353,Göteborg (FUA),Europe,"Coastal erosion measures at Glose, Kungälv",Erosion av strandängar: En del av Interreg North Sea project MANABAS COAST,"The Swedish Geotechnical Institute, a government agency, and the county administrative boards in Västra Götaland and Scania are running a project which tests methods to prevent erosion of coastal salt meadows. Erosion risks destroying unique ecosystems, and the aim is to develop cost-efficient, nature-based mitigation methods that can be replicated in other sites with similar problems. The project is part of an EU-funded Interreg North Sea project called MAinstreaming NAture BAsed Solutions through COASTal systems (MANABAS COAST), which involves other countries in the region [Ref. 1, 5]. Four different salt meadows are included in the Swedish part of the project. The sites are called pilot areas and are meant to test and showcase NBS to inform policy and develop methods that can be used in larger scales in the future. One of the sites is located at Glose in Kungälv municipality within the Gothenburg FUA [Ref. 2-4]. Here, the biodiversity of a salt meadow used for grazing and the adjacent coastal waters are threatened by erosion. According to a new management plan, NBS such as natural barriers will be implemented to break waves and halt erosion, preserving the ecosystems, improving water quality and ensuring the land continued use as a pasture for grazing cattle [Ref. 4].",https://stranderosion.lansstyrelsen.se/pilot-8fjordar/glose/,2,1,2,2,2,0,2,NA,3,2,2,1,3,3,3,2,7,4,8,11
354,Phoenix (FUA),Northern America,Rio PHX,NA,"For thousands of years the Rio Salado, also known as the Salt River, and its larger mainstem, the Gila River, served as an important perennial source of life and growth for indigenous people residing in central Arizona, including the Akimel and Piipaash (3). Today, the Salt River is an ephemeral river corridor connecting diverse urban communities across an expansive and growing Maricopa County (3). While the river is now typically defined by intermittent flow as a function of water conservation and distribution in an arid urban climate, it also has powerful flows during the Arizona monsoon season providing a diverse and unique ecosystem for the region (3). To foster the health of the River, a regional multi-decade project was initiated in 2018 called Rio Reimagined, which includes six cities and two tribal communities (1). Rio Reimagined is a planning initiative in a very early concept stage, centered around the mission to support and enhance this treasured river corridor (3). The goals of Rio Reimagined consist of connecting communities, Equitable & Sustainable Development, and Restoring and Revitalizing Healthy Rivers (3). As part of the Rio Reimagined, the City of Phoenix founded a collaborative project called Rio PHX that will help promote a 20-mile Rio Salado (Salt River) corridor as a local and regional destination that attracts positive investment for the benefit of existing/future businesses, residents, and tourists (1). The final aim with this project is to improve health outcomes for existing and future residents by address outstanding needs in the area and create opportunities for housing, employment, recreation, art, and ecological restoration (1). From May 2024 to May 2025 Rio PHX will engage in creating a community profile, an existing conditions assessment, community engagement & visioning, developing implementation strategies and drafting the master plan (1). Public hearings and final plan adoption are set to take place in fall 2025 (1).",https://storymaps.arcgis.com/stories/d5b0d8db08294f9cbc0e69875a81dc4e,1,1,3,4,2,0,4,1,2,1,4,4,3,3,2,2,9,7,11,10
355,Berlin (FUA),Europe,Greening of Berlin's historic heart,Urbaner Freiraum in Berlins historischer Mitte,"Located between the Rotes Rathaus, Karl-Liebknecht-Straße, Nikolai Quarter, Spreeufer and the television tower, the old founding centre of Berlin is one of the capital's most important urban open spaces. This open space between the TV tower and the Spree is being redesigned on the basis of an international open space planning competition and many years of public participation. With further development, this touristically significant location in the historic centre of Berlin will undergo a climate-resilient redesign and upgrade with great design and functional quality. (Ref. 1)
The listed areas of the Rathausforum and the Marx-Engels-Forum will in future be connected to form a continuous ribbon of open space that runs from Alexanderplatz to the Spree. Central areas will be unsealed and green spaces will be created that can be used in a variety of ways, which will also be attractive places to spend time and improve the microclimate. Trees and shrubs will be planted on already existing and new green areas. The aim is to respectfully consider the numerous visible and hidden historical references and at the same time transform the site into a sustainable urban open space that combines a high quality of recreation, sustainability and culture. Next to plants, a new rainwater management system is being implemented that stores rainwater and uses the created green spaces to evaporate water. Playgrounds and a water fountain are further additions to a new recreational area. (Ref. 3; Ref. 4; Ref. 5)
The project is characterized by a years-long participation process. Around 10.000 citizens participated in feedback rounds, workshops, dialogues, and information sessions in which they could voice they wishes and ideas for the area. The project is implemented and organized by the state-owned company Grün Berlin, which engage with various stakeholders since 2015. Preparations for the construction start in late 2024 and the project is expected to be finished in 2030. (Ref. 5; Ref. 9)",https://gruen-berlin.de/projekte/urbane-freiraeume/rathaus-und-marx-engels-forum/ueber-das-projekt,2,1,1,4,2,0,4,1,2,2,3,3,3,3,1,3,8,7,10,10
356,Fort-de-France (FUA),Latin America and the Caribbean,Coral conservation project in Martinique,Projet Acropora,"The Acropora Project is a coral restoration initiative launched in 2015 by the Martinican Regional Directorate of Environment, Planning, and Housing, primarily implemented by the nonprofit organization Assomer. It focuses on two critically endangered Caribbean coral species: Acropora cervicornis and Acropora palmata, as classified by the International Union for Conservation of Nature. While Acropora palmata thrives on the Atlantic seabed of Martinique, Acropora cervicornis had seemingly vanished from local waters by 2007, despite previously providing crucial habitats for marine life. However, this species was rediscovered in 2013 at Loup Caravelle on the Atlantic side of Martinique.
The initiative began by extracting cuttings from both species at Loup Caravelle and nurturing them at a separate site in Le Diamant. In 2019, these corals were transplanted to three locations on the seabed of Sainte-Luce, demonstrating surprising growth patterns despite the site's low to medium environmental quality.
The project's primary aim was to prevent the permanent disappearance of both coral species through spatial replication techniques, including cutting and transplantation. Particular attention was given to enhancing the genetic variability and range of Acropora cervicornis. The initiative also aimed to raise awareness about current coral conservation challenges.
Additionally, the project included a research component that contributed to a better understanding of environmental conservation and the restoration of Acropora cervicornis populations. Unfortunately, a temperature increase at the end of 2023 resulted in the decimation of all corals at the transplant sites. (Ref. 1 -5)",https://www.lassomer.fr/nos-actions-et-projets/bouturage-de-coraux/,1,NA,NA,NA,4,NA,NA,NA,1,1,NA,NA,3,3,2,2,1,4,2,10
357,Cagliari (FUA),Europe,Canal restoration in Cagliari,Il Canale navigabile della Città Metropolitana di Cagliari,"The Cagliari Canal project is an initiative aimed at revitalizing and transforming the urban and natural landscape of the Cagliari Metropolitan Area in Sardinia. The project is rooted in the city's strategic metropolitan plan and seeks to restore and enhance the navigability of the Terramaini-La Palma canal, which had become disused and neglected over time​ (3,4). The primary goal of the Cagliari Canal project is to develop a connected, innovative, and sustainable urban environment by re-establishing the canal as a green and blue infrastructure​ (2). It aims to provide alternative, sustainable mobility options, improve connectivity between municipalities, and enhance the natural and urban environments. It strives to foster a sense of community by creating a shared space for residents and integrating modern amenities that align with environmental sustainability (1,4). It involved a highly participatory process, emphasizing community involvement from the initial planning stages. The Metropolitan Authority of Cagliari, in collaboration with local stakeholders, launched a series of consultations to gather public input on the canal's design and function​(3). These consultations were part of a broader initiative called LabMet, the Metropolitan Laboratory for Innovation, which facilitated the collection of ideas and feedback (1). The project was partly developed in response to the increasing environmental challenges faced by Cagliari, including the need to adapt to climate change. The canal's revitalization is seen as a key measure for enhancing the city's resilience to climate-related risks, such as flooding and heat waves​(1). By restoring the canal and its surrounding areas, the project aims to mitigate these risks through improved water management, reducing pollution, and the creation of green spaces that can absorb excess rainwater and provide cooling effects​ (2)",NA,2,1,2,3,3,1,3,NA,3,2,4,3,2,4,2,2,8,7,12,10
358,Iaşi (FUA),Europe,Iasi More Green,Iasi Mai Verde,"In 2022 an afforestation initiative was implemented near a landfill located in the Tutora commune (1 - 6). Organized by the City Hall of Tutora, the event brought together representatives from the regional government of Iasi County, the ""Asociația de Dezvoltare Intercomunitară pentru Salubritate"" (ADIS), and volunteers from SC Girexim SA, SC Salubris Iasi, and Edil Industri Iasi. Together, they planted 2,000 acacia saplings,  donated by the Forestry Directorate of Iasi (6). The afforestation action took place under the umbrella of the regional environmental campaign ""Iasi Mai Verde"" (Iasi More Green), led by the County Council of Iasi. This campaign promotes a range of eco-friendly activities, including educational programs in schools, waste cleanup events, and afforestation initiatives in partnership with ADIS, while actively encouraging the support and participation of local municipalities from across the region (1, 3, & 7).
""Iasi Mai Verde"" aligns with national environmental strategies such as the Ministry of the Environment's ""Curățăm România"" (Let's Clean Romania) and the annual Planting Forest Month (3 & 6).
On the same day, as part of the Iasi Mai Verde initiative,  students from a local school in Tutora were given a practical education workshop on how waste management operates at the regional level. The students were also invited to witness the afforestation action and participate, fostering a deeper understanding of environmental stewardship (1- 5).
The newly planted trees are acting as a natural barrier, and help improve air quality by filtering dust, pollution, and waste particles originating from the nearby Tutora landfill. In turn, this contributes to better living conditions for the residents in close proximity to the landfill, enhancing both their health and overall quality of life (5).",https://www.bzi.ro/un-iasi-mai-verde-facem-fapte-bune-pentru-mediu-4430066,2,1,4,4,1,0,4,1,4,1,2,2,3,2,1,2,11,6,9,8
359,Sevilla (FUA),Europe,Urban gardens in Miraflores park,Planta Bienstar: Huertas Las Moreras,"The urban garden in Miraflores park (Huertas las Moreras) was established already in 1991 on an old waste dump and contains 10500 m2 of plots for locals to grow fruits and vegetables [Ref. 1]. The creation of the gardens was initiated by citizens who formed an association and implemented it in cooperation with the City of Seville. The citizens were discontent with the lack of green space in the area, and the urban gardens came to be alongside Miraflores Park, which was also pushed by the locals. The initial goals of the gardens were to allow locals to produce their own food and to host educational activities [Ref. 2]. More recent developments exemplify the focus on education and knowledge. In 2022, the citizen science project ""Planta Bienstar"" was carried out in the gardens, where high school students measured the lead levels in the soil and crops. The project aimed to investigate if lead levels posed a health risk and if the gardens could reduce levels over time. The project was organised by the non-profit Descubre Foundation and funded by the foundation and the regional Government of Andalusia. The project relied on the knowledge and efforts of the citizens, the students and gardeners in an intergenerational collaboration where the young could learn methods from their elders [Ref. 3, 4].",https://mirafloreshuertalasmoreras.wordpress.com/,1,3,2,3,3,0,3,1,4,3,4,3,2,3,1,3,9,7,14,9
360,Cagliari (FUA),Europe,University of Cagliari's Green Roof,Tetti verdi progetto pilota Università degli Studi di Cagliari,"The project focused on implementing multilayer blue-green roofs in four Italian cities—Cagliari, Palermo, Perugia, and Viterbo—as part of a broader European initiative to address climate change impacts in urban environments (1,3). Spearheaded by a collaboration between multiple Italian universities and the Dutch company Metropolder, the project began in 2019 (1,3). The primary goal is to enhance urban resilience by integrating green infrastructure capable of mitigating climate-related urban hazards such as flooding and heat waves, which are increasingly severe due to climate change and urbanisation (2,3).
The multilayer blue-green roofs combine the ecological benefits of traditional green roofs with an added water storage layer, allowing them to retain rainfall and manage runoff effectively (2,3). This dual function helps reduce pluvial flooding and the urban heat island effect, while also improving thermal insulation in buildings (2,3). Each installation was planted with low-maintenance, climate-adapted vegetation, and equipped with sensors to monitor ecohydrological and thermal performance over several years (1,3). These roofs are capable of retaining up to 100% of rainfall from significant events, thereby easing the burden on urban drainage systems and contributing to climate adaptation in Mediterranean cities (2,4).",https://www.unistrapg.it/it/ricerca/progetti-di-ricerca/testing-dei-polder-roof-in-italia,2,NA,NA,NA,1,NA,NA,NA,1,1,NA,NA,3,2,2,1,2,1,2,8
361,Cagliari (FUA),Europe,Assemini Waterways Restoration for Flood Resilience,Lavori di pulizia rii e canali per la messa in sicurezza del territorio ad Assemini,"Assemini, a municipality in Cagliari, has long grappled with hydrogeological instability, marked by major floods in 1999 and 2002. To mitigate future risks, the municipality launched a series of interventions focused on improving the hydraulic management of its waterways. These projects are part of a broader strategy to address recurring flood hazards exacerbated by the effects of rapid urbanization in the 1970s, which disrupted the natural water drainage systems (1,3). The central goal of the project is to reduce the risk of flooding by enhancing the functionality of existing waterways. This includes both preventative measures and structural improvements to the canal system to manage stormwater more effectively. These efforts aim to safeguard urban and rural areas from severe meteorological events. The project development involved a multi-phased approach starting in 2013, focusing on cleaning and maintaining minor waterways such as the Gutturu Lorenzu, Sa Nuxedda, and Giaccu Meloni streams. These efforts expanded over time, culminating in an agreement with the Land Reclamation Consortium of Southern Sardinia in 2015, securing both local and regional financial support. The interventions have covered over 24 kilometers of canals and streams, targeting key flood-prone areas (1,2).
Key interventions include the cleaning and maintenance of over 35 km of canals and streams, in partnership with the Land Reclamation Consortium of Southern Sardinia, supported by regional funding. A separate, large-scale intervention in Truncu Is Follas involves constructing an open-air diversion canal, a retention basin (44,500 m³), and new pipelines to redirect floodwaters, thus reducing risk for residents downstream in both Assemini and Elmas.",https://www.comune.assemini.ca.it/articolo/lavori-pulizia-rii-canali-messa-sicurezza-del-territorio-ad-assemini,4,1,4,4,1,1,4,NA,1,1,3,4,2,1,2,1,13,6,9,6
363,Fort-de-France (FUA),Latin America and the Caribbean,Municipal biodiversity conservation project,Projet Waliwa,"The Waliwa project, launched in 2017 by the municipality of Sainte-Luce, is a collaborative effort dedicated to restoring marine biodiversity, enhancing the ecological balance of the bay area, revitalizing the local ecosystem and supporting sustainable economic activities. By focusing on marine biodiversity conservation, Waliwa addresses several critical environmental challenges. The project helps mitigate coastline erosion, support the blue economy through artisanal fishing and tourism, and foster an environmentally friendly culture among the local community.
So far, the Waliwa project has implemented three initiatives: it restored the Gros Raisin backshore to address erosion and provide nesting sea turtles with protected space (Ref 4). The project also intervened to restore the Pont Café pond, which was covered in Salvinia Molesta, preventing the intake of oxygen and hampering its role as a water filter, habitat for species and flood regulator . 
Furthermore, the project has conducted studies and raised awareness about the challenges posed by wastewater management on the health of municipal water bodies. Through these efforts, Waliwa is working to create a more sustainable and resilient marine environment for future generations. (Ref 4, 5,  6; 12)",https://sainteluce.fr/rubriques.php?idssrb=153&rub=42&pic=y,2,NA,NA,NA,4,NA,NA,NA,2,2,NA,NA,4,4,2,2,2,4,4,12
364,Sevilla (FUA),Europe,SUDs on Avenida de las Asociaciones de Vecinos,NA,"To reduce the risk of urban flooding, the city of Seville, through its metropolitan water company Emasesa, established several ""sustainable urban drainage systems"". One of the pilot locations is on the Avenida de las Ascociaciones de Vecinos, where a rain garden complemented by an infiltration zone was established. The main aim of the project is to reduce the risk of flooding, but the system can also improve the urban landscape by offering green space, preventing desertification and reducing pollutants carried by runoff [Ref. 1-4]. After implementation, the project was shown to be effective during heavy rain [Ref. 5]. The system can store up to 34 m2 of water and reduce flow rates to the sewage network by 69 % and the total runoff to sewage by 93 % [Ref. 3-5]. The project was initiated and led by Emamesa, while two different companies were employed to design and construct the system [Ref. 1, 2, 6, 7]. The total budget of the project, which also included some renovations of grey infrastructure along the street, was 165000 EUR [Ref. 1].",https://www.sevilla.org/actualidad/noticias/2020/obras-de-reurbanizacion-avenida-asociaciones-vecinos-distrito-norte-renovacion-redes-puesta-en-marcha-prueba-piloto-sistema-de-drenaje-urbano-sostenible-parterres,4,3,3,2,3,0,2,1,3,2,4,2,2,3,3,2,12,6,11,10
365,Detroit (FUA),Northern America,Rescue MI Nature Now Pollinator Project,NA,"Across Detroit, neglected properties and vacant lots are a common sight (1). Nearly three-quarters of Detroit residents report that there is currently deterioration—defined in the survey as a building or property visibly declining due to long-term neglect—in their neighborhoods (1). One organization, Rescue MI Nature Now, a Michigan nonprofit, is dedicated to transforming these neglected areas into beautiful, functional spaces that benefit both people and wildlife (2). 
In 2022, the organization purchased property from the Detroit Land Bank that was marked for demolition (3). Following extensive renovations, the building—now named the Innovative Youth Studio—has become a hub for multiple community initiatives. These include a community garden across the street, a culinary studio that teaches young people how to prepare nutritious meals, a pollinator studio that educates on the critical role pollinators play in the food chain, and a hydroponic studio where plants are grown using nutrient-rich water instead of soil (3).
The pollinator project, developed in partnership with the U.S. Fish & Wildlife Service, supports small bee colonies by planting areas with trees, flowers, and native plants (2). To further enhance biodiversity and support butterflies, bees, and birds, Rescue MI Nature Now partnered with Bowling Green State University to gain insights into pollinator biodiversity and habitat potential (2). Through this initiative, the organization aims to raise awareness about pollinators, highlight their positive impact, offer guidance on creating pollinator-friendly spaces at home and enhance the quality of life for local residents and communities (2).
Additionally, the organization runs a Sustainable Youth Stewardship Program, where young people learn to garden, grow trees, identify various plants and invasive species, and practice conservation skills such as creating pollinator habitats and managing community gardens (3).",https://www.pollinator.org/nappc/pollinator-communications/rmnn,1,3,2,2,4,0,2,1,4,1,2,2,3,3,3,3,8,7,9,12
367,Detroit (FUA),Northern America,The Great Lakes Way,NA,"The stretch of the Great Lakes basin ecosystem from southern Lake Huron through western Lake Erie forms a unique urban refuge where life thrives with beauty and resilience. Known as Metropolitan Detroit, this region is where the Community Foundation for Southeast Michigan and many partners are working to create The Great Lakes Way by connecting 160 miles of greenways and 156 miles of water trails (1).
The vision for the Great Lakes Way project is to ensure that all residents and visitors of southeast Michigan—people of all ages, backgrounds, ethnicities, abilities, and interests—feel connected to the water resources, welcomed on its trails, and able to enjoy the benefits and opportunities these access points provide (1). To bring this vision to life, the project plans to link 160 miles of greenways and 156 miles of blueways, connecting people to a range of world-class freshwater, wildlife, and recreational opportunities. These include fishing areas, bird migration pathways, parks, working waterways, preserved woodlands, and restored wetlands (2).
The Great Lakes Way project connects existing assets, supports accessibility and equity, and promotes the Great Lakes Way to both residents and visitors through marketing and communication efforts (2). There are 26 points of interest that will serve as connection hubs along the Great Lakes Way (2). In Detroit specifically, the focus is on connecting 13 culturally or historically significant destinations, as well as locations known for their environmental and ecological importance or as regional landmarks (2).
Rich in world-class fisheries, migratory flyways, parks, urban centers, small towns, preserved old-growth woodlands, and restored wetlands, the Great Lakes Way offers unique experiences that can only be found here. By uniting the natural and cultural assets the Great Lakes Way designation aims to emphasize and expand the essential linkages needed to further connect this remarkable region. (2,3)",https://maps.semcog.org/GreatLakesWay/,1,2,3,4,2,0,4,1,4,2,4,4,3,2,2,3,10,7,14,10
368,Detroit (FUA),Northern America,TPC Eco-friendly Golf Course,NA,"The environmental impact of golf has led to growing calls to make the sport more sustainable (1). Golf course maintenance often involves carbon-intensive fertilizers, frequent mowing, and, in some cases, the clearing of forests or trees that naturally absorb carbon dioxide to make room for expansive fairways (1). However, the Tournament Players Club (TPC) Michigan is working to create courses that benefit both golfers and the environment (2).
Fifteen years ago, the site was a neglected floodplain along the Rouge River, initially purchased by Henry Ford in 1915 and once littered with community waste and old motor parts from the Ford Motor Company (2-3). Today, it has been transformed into an 85.8-hectare course that supports a diverse range of wildlife, including birds, fish, foxes, and coyotes (2). Led by Jack Nicklaus, the restoration aimed to turn this former waste site into an eco-friendly course (2). With guidance from Audubon International, the course was converted into a wildlife sanctuary, becoming the world’s first golf course to receive the prestigious John James Audubon Environmental Steward Award for ecological restoration (2).
TPC Michigan features native Michigan plants, such as viburnums, which produce berries for wildlife, along with various native grasses (2). To prioritize environmental stewardship, the course managers have created buffer zones to protect natural habitats and conserve water by using coring methods to monitor soil moisture (2). Pesticide use is minimized; instead, staff monitor for signs of disease or pests and test the soil to determine the specific nutrients needed for the turf (2). The course’s links-style layout includes rolling fairways, tiered greens, and natural wetlands, with tee options ranging from 5.5 to 6.4 meters (4). By establishing a wildlife sanctuary, TPC Michigan offers golfers a unique experience that fosters a connection with nature (3).",https://nicklausdesign.com/course/tpcmichigan/,1,4,2,4,4,0,4,1,3,2,2,4,2,2,3,3,11,9,11,10
369,Detroit (FUA),Northern America,Sacred Grounds St Suzanne Rain Gardens,NA,"In 2018, the City of Detroit implemented a drainage charge to help cover the costs of capturing, conveying, pumping, treating, and safely returning combined sewage to the Detroit and Rouge Rivers (1). The charge is calculated based on each parcel’s impact on the sewer system, particularly by measuring impervious acreage (1). Since then, this fee has posed significant challenges for one group in particular: Detroit’s houses of worship (2). Churches, with their large roofs and parking lots, face higher monthly drainage charges, creating financial strain for many faith leaders (2).
To support these institutions, Sacred Grounds has been providing grants, labor, and design assistance to install projects that reduce water bills and drainage fees (2). Sacred Grounds collaborates with the National Wildlife Federation, Friends of the Rouge, and Sierra Club of Michigan to implement these projects through the city’s green credit program (2). A recent initiative involved installing four rain gardens located on the perimeter of  St. Suzanne Our Lady Gate of Heaven Church (3). These bioretention gardens, funded by several private and public actors and led by Detroit Future City, diverts water from 20 large downspouts, redirecting an estimated 500,000 gallons of runoff annually away from the municipal sewer system (3, 4).
In addition to managing water, the gardens foster a thriving habitat for pollinators and adds beauty to the area (3). St. Suzanne’s commitment to environmental education includes engaging over 130 youth and adults in training programs that build pathways to STEAM careers and opportunities where local residents are often underrepresented (4). The church also features an innovative, eco-friendly outdoor classroom developed by students, further supporting their sustainability mission (4).",https://detroitstormwater.org/projects/st-suzanne-cody-rouge-community-ctr-rain-garden,4,NA,NA,NA,2,NA,NA,NA,2,3,NA,NA,4,3,3,3,4,2,5,13
370,Colombo (FUA),Asia,Thalangama Wetlands,Thalangama Wetlands,"The Thalangama wetlands are part of a network of wetland ecosystems around Colombo city that spread over 20 km2 and provide critical life support to the city. These ecosystems keep people safe from floods, cool the air, filter polluted water, provide food and medicines, and fight climate change (10). These wetlands have become an environmental protection area and a biodiversity hotspot in a rapidly urbanising environment, as they host an array of plants and animals, including the endangered fishing cat and otter (5, 10). In 2007, Thalangama Lake and its surroundings were declared an Environmental Protection Area (EPA) under the National Environmental Act (4, 5). This protected area covers approximately 118 hectares (4) and includes two man-made reservoirs: Thalangama Tank (11 ha) and Averihena Tank (3.2 ha), located just 300 meters apart (5). The area hosts floating and rooted plants, scrublands, and trees that provide habitat to up to 100 species of migratory, resident, and endemic birds throughout the year. In addition, the area supports 30 species of dragonflies, 12 species of reptiles, 10 species of mammals, and 15 species of freshwater fish (1, 4). Since the lakes and their surroundings were declared an EPA, only limited uses are permitted, such as traditional fishing and rice cultivation (4, 5). The lakes are also important for floodwater retention and have high scenic and aesthetic value, attracting many visitors, and scientific and educational activities (5, 13).
However, due to the area's rapid urbanisation, land values have increased significantly, leading to excessive landfilling and the reclamation of paddy lands for housing. This is compounded by the indiscriminate disposal of garbage and construction waste and the spread of invasive species (5). These challenges have also led to the engagement of surrounding communities in managing and maintaining it (11).",https://wetlandwatch.lk/pdf/gazette-1-48710.pdf,4,3,2,4,4,1,4,1,4,3,4,2,3,3,3,2,13,10,13,11
371,Colombo (FUA),Asia,Gothatuwa Wetland Park,Gothatuwa Wetland Park,"Sri Lanka, particularly its low-lying coastal areas, faces recurring flooding challenges exacerbated by climate change, coastal erosion, and urbanization (1). Wetlands have emerged as crucial ecosystems in mitigating these risks, acting as natural sponges during heavy rainfall and releasing water gradually as flood levels subside (1). Beyond flood control, wetlands play a vital role in environmental quality. Their biodiversity helps filter pollutants and chemicals from the air and water, creating a healthier environment for both humans and wildlife (1). In 2018, Colombo was designated as a Global Wetland City under the Ramsar Convention, becoming the first and only capital city to receive this recognition (1). Recognizing the significance of wetlands as nature-based solutions, international institutions have prioritized their conservation through financing programs (1), and the city has developed projects to raise awareness and involve its citizens in their protection (1). These efforts have resulted in the creation of four wetland parks in the city, that comparing to a wetland, the wetland parks have more human intervention. Thus, they are focused on different topics and activities (2): Diyasaru Park, Beddagana Wetland Park (managed by the Urban Development Authority), Kotte Rampart Wetland Park (managed by the Urban Development Authority), and the Gothatuwa Wetland Park (managed by the Sri Lanka Land Development Corporation) (2). Gothatuwa Park is the newest wetland park and it is located in the flood-prone Gothatuwa neighbourhood (1). Inaugurated in 2024, It has a recreational focus, with trails for cyclists and hikers, and together with the other wetland complex, this park is designed to make the wetlands a cornerstone of local people's lives (1). Currently, environmental education activities are carried out in the park, focusing on managing aquatic invasive plants, tree planting and solid waste collection (3).",https://www.facebook.com/profile.php?id=100090312821548,2,4,4,4,4,1,4,1,1,3,4,2,3,4,2,2,14,10,10,11
372,Colombo (FUA),Asia,Metta Garden,NA,"Public spaces in Colombo are disappearing due to rising land prices, causing infrastructure issues that harm citizens' health, especially in low-income areas (3). One proposed solution to address the problems caused by rapid urbanization is the creation of community gardens, which can at least improve low-income residents' diets and immune systems and address malnutrition (3).  
Considering the limited urban space for both citizens and other living beings, the organization Eco-friendly Volunteers decided to create a community garden. The Metta Garden in Colombo (1, 2) aims to bring back urban biodiversity through organic home gardening, generating healthy food for people and creating living space for many other animals and plants (2). Following the Buddhist concept of Metta (loving-kindness to all beings), it promotes walking meditation paths and facilities to experience nature using all five sensory organs (1), in addition to being a place for experiencing loving-kindness for both human and non-human living beings, seen and unseen (4, 5).  
It has become a training institute for many stakeholders seeking to grow organic food and earn a better income through the high demand for organic products (2). At the same time, it serves as a biodiversity spot, attracting butterflies, bees, and other forms of wildlife to an urban environment (2).  
The area is located in the middle of a semi-urbanized area, on the outskirts of Boralesgamuwa (2, 3). Maintained by a group of volunteers, it features a greenhouse and a plot of land of around 5,000 sq feet, populated with vegetable patches, a butterfly garden, flowers and rare medicinal plants (3, 4). The garden was divided into four sections representing the Buddhist elements: water, heat, air, and solid. Each section features specific plants and designs, like a pond for water, a compost pit for heat, tall plants for air, and a rock garden for solid. The layout follows a mandala design based on permaculture principles (4).",https://eco-v.org/metta-garden/,1,1,4,2,4,1,2,3,4,4,4,1,3,3,3,3,8,10,13,12
374,Lisboa (FUA),Europe,Renatura pilot: Fast Forests for Lisbon,Parque Casal Vistoso,"The Mediterranean climate in Lisbon, already characterised by low precipitation, has been further exacerbated by climate change. The city faces challenges related to biodiversity loss, urban loneliness, and climate anxiety (1). To address these issues, Lisbon's urban development plans have prioritised the re-naturalisation of urban spaces and the integration of ecological networks. Urban nature is now a central component of the city's Master Plan (2012) and other strategic agendas (1).
It is being developed by the LISGREEN project, which aims to enhance ecological connectivity and mitigate the effects of urban heat islands in Lisbon. By establishing nature-based solutions, it aims to restore forests within the city (1, 2, 3). This project encompasses different strategies, such as the RENATURA pilot project. It is a collaboration with the NGO URBEM and involves active public participation in tree planting and forest maintenance. This initiative aims to educate the community about nature, promote well-being, and mitigate extreme climate events (1), through the creation of urban forests. 
The main strategy is to create fast forests using the Miyawaki method, which involves dense planting of native trees, removal of invasive plants, and intensive initial care. This approach accelerates the growth of natural forests within a short period, using native species and reducing the need for watering (1)
The first fast forest was developed in Parque Casal Vistoso within Bela Vista Park, within the Eastern Green Corridor of Lisbon. The park is being underutilised because of the lack of shade (1). Thus, this initiative encouraged volunteers to participate in tree planting and forest maintenance activities (3). The NbS intervention began with a 300m² experimental plot near the Vale da Montanha pedestrian bridge and has since expanded to a new 1,500m² plot on the opposite side of the bridge (2). Over 500 volunteers joined the effort, planting more than 3,800 trees (1)",https://networknature.eu/sites/default/files/uploads/draftfactsheetlisbonv230914.pdf,2,1,3,3,1,0,3,1,4,4,4,3,3,4,3,3,9,5,15,13
375,Colombo (FUA),Asia,Greening Colombo,NA,"The financial capital of Sri Lanka, Colombo, is the fastest-growing city in Sri Lanka, and as such, it is constantly changing. Most expansions in urban areas are taking place without proper planning, which can cause damage to existing pockets of forests, landscapes and green areas in and around the city (1). The environmental impacts of this rapid urbanisation include increased pollution, increased heat due to the expansion of roads/pavements, tall structures that block out light and wind and reduced biodiversity in fauna and flora (1). 
To face these challenges, the Federation of Environmental Organisations (FEO) proposed a city-wide Tree Planting Campaign to create an Urban Forest Strategy in public and private lands in the greater Colombo area (1). The plan is to kick-start the program at the Borella Cemetery as it has a large land area available for planting, specifically 178062 sq meters (3). The project started to be implemented in July 2020 with the seasonal rains (1). This project aims to grow urban trees to help mitigate some of the negative impacts of unplanned and rapid urbanisation, thus making the city more resilient to these changes (1). 
The trees that will be planted will be mostly native species and also exotic plants will be selected based on specific requirements (1, 3). It is also planned to have flowering plants and shrubs to encourage butterflies, bees and birds to interspace the trees (1). The new parking space near the Borella Cemetery will also be planted with deep root shading trees interspaced with flowering plants (1).
The project aimed to include a large number of stakeholders including the government, the private sector and the residents of Colombo (1). And they have also reached schools in Colombo and hope to involve environmental associations to further the cause (3).",https://feosrilanka.org/projects/greening-the-city-of-colombo/,2,2,4,4,4,1,4,1,1,2,4,4,3,3,3,3,12,10,11,12
376,Lisboa (FUA),Europe,HortaFCUL: University Community Garden,HortaFCUL,"HortaFCUL is a project created and managed by the Faculty of Sciences at the University of Lisbon to raise awareness and promote the practice of permaculture as a solution to the ecological, social, and economic problems the world is facing (1). This initiative began in 2009 on the University campus through a garden, which allowed HortaFCUL to start conducting some activities that could answer some socio-environmental challenges, such as food security and sovereignty, ecosystem degradation and climate change (13), by raising awareness, teaching, and practising many aspects involved in permaculture and urban agriculture (2). Its focus has been on regenerating soil in an urban environment and creating productive landscapes for people and other beings (12). They grow different types of plants (vegetables, shrubs, trees) in different ways (swales, raised beds, greenhouses) to increase plant diversity and foster ecosystems (13). 
The project is managed by students and researchers, who hold educational activities, such as courses, workshops, and dissemination activities (events, discussions, fairs, and conferences) (2). The project is organised according to a non-hierarchical sociocratic model, in which all decisions are made as a group, and where all ideas, critiques, and suggestions are seen as added value and an opportunity to improve techniques and knowledge (3). Additionally, it is open to the community, allowing anyone interested to participate and volunteer (1). 
HortaFCUL is also one of the pioneering permaculture projects in operation in the Lisbon region and is now recognized as a national reference centre for permaculture (2).  Since its inception, HortaFCUL has sought to be a hub that attracts people, organizations, and other initiatives, and it is currently a point of contact between different projects and associations, such as local businesses, educational institutions, and networks (5).",https://hortafcul.wixsite.com/home/services3,3,1,1,2,4,0,2,1,4,3,3,1,3,3,3,4,7,7,11,13
377,Detroit (FUA),Northern America,Treetroit,NA,"Over the past century, vast portions of the world’s oldest forests have been lost to clear-cutting and managed forestry (1). Arboretum Detroit is working to counter this trend by reforesting Detroit’s urban landscape, transforming abandoned city blocks into thriving groves of trees (1). Each parcel of land features trees that showcase the unique contours and characteristics of specific species, creating a diverse urban forest mosaic across the city (1). These ""forest patches"" are protected, designed to mature safely for generations, offering a space of tranquility and natural beauty for all Detroiters (1). 
Arboretum Detroit’s main goal is to cultivate environmental consciousness, inspiring the community to consider our interconnectedness with nature and our impact on it (1). Through their reforestation mission, they demonstrate the ecological, cultural, aesthetic, and economic value of trees, both locally and globally (1). Trees alter our environment by using their leaves to filter the air we breathe by removing dust and other particles. Deciduous shade trees cool homes in the summer and allow the winter sun to heat homes when they lose their leaves. Trees can serve as a windbreak. The more compact the foliage on the group of trees the more effective the windbreak. Their pilot project, launched on Earth Day 2019, brought these values to life. Volunteers and members planted 21 trees across the site, including species like Princeton Sentry Ginkgo, Redpoint Red Maple, Paper Birch, Cedar, Yew, and understory trees like Kousa Dogwood and Forest Pansy Redbud, enhancing the habitat for local pollinators and birds (2). The trees were arranged in trios, interspersed with native seeds, soil, compost, and glacial boulders to create a healthy and engaging environment for all (2).",https://www.arbdetroit.org/latest-news/2019/5/26/treetroit-is-planted,2,1,3,3,4,0,3,1,3,1,2,1,3,2,4,3,9,8,7,12
378,Dublin (FUA),Europe,Mini Woodlands in South Dublin,NA,"The likely impacts of climate change in South Dublin County include an increased risk of flooding, more frequent summer droughts, deteriorating air and water quality, and biodiversity loss (1). To address these climate challenges, the county developed the County Development Plan 2016-2022 as part of the South Dublin Climate Action Plan, aiming to establish a comprehensive legislative and policy framework for green infrastructure (GI) planning (1).
The plan outlines various objectives, including creating a coherent, integrated, and adaptable GI network across South Dublin County. One key initiative is the establishment of native mini woodlands throughout the city, designed to form strategic links and integrate the GI Strategy’s objectives into all relevant land-use plans and development across the county (1).
The purpose of these mini woodlands is to connect green spaces across the city (minimum size of 100 sq m), sequester carbon, and promote biodiversity in suitable locations, such as built-up areas, low-grade parkland, and other zoned areas deemed appropriate (1). Given the long time required for tree growth, the project employs the Miyawaki method, planting a high density of diverse native species to create mature forests up to ten times faster than traditional plantations (2). These forests are estimated to host 20 to 100 times more biodiversity and absorb carbon up to 40 times more effectively, without the use of chemicals or fertilizers; key factors include ground preparation, planting density, and species diversity (2).
In 2022, the project held a planting day for the mini woodlands initiative on Mill Lane, where 1,200 native trees and shrubs were planted with the help of volunteers from local schools, the community, a corporate group, and the Mayor of South Dublin, Councillor Emma Murphy (2).",https://www.sdcc.ie/en/climate-action/latest-news/mini-woodlands-in-south-dublin.html,2,2,4,3,4,0,2,1,4,2,2,1,3,3,4,3,11,7,9,13
380,Dublin (FUA),Europe,Liberties Greening Strategy,NA,"The Liberties is one of the most recognizable urban areas in Dublin and Ireland, strongly associated with old Dublin, working-class communities, and the brewing and distilling industries. While rich in history, cultural significance, and local stories, The Liberties faces numerous placemaking and quality-of-life challenges. The area continues to experience significant dereliction, a fragmented urban fabric, and a shortage of high-quality green spaces. For instance, tree coverage in The Liberties is sparse, with good-quality street trees only found in a few small areas, such as Gray St. and Reginald St., along the South Quays, Cornmarket, and near the fountain on James St. The area has approximately 1,200 trees, amounting to less than 5% canopy coverage.
In response to these challenges, Dublin City Council enacted The Liberties Greening Strategy in 2015. Building on the Liberties' Local Area Plan, this strategy aims to develop a network of new urban parks, improve access to heritage green spaces, and refurbish existing parks and play areas. It addresses multiple goals, including ecological connectivity, water management, flood risk reduction, air quality improvement, social cohesion, environmental education, and public health. This strategy is an initiative of the Parks and Landscape Services Division of Dublin City Council, in collaboration with the South Central Area Office and with input from Áit Urbanism + Landscape and Mary Tubridy & Associates.
Since its implementation in 2015, the strategy has resulted in the development of two new community parks, enhancements to several green spaces, and the greening of public spaces. It has also introduced measures to support food production in community gardens and allotments, revitalize ecosystems, strengthen water management, improve air quality, boost carbon sequestration through tree planting,  divert water from the local sewer network, prevent flooding, and regulate heat. (1, 2, 3)",https://interlace-hub.com/liberties-greening-strategy-dublin,2,1,3,4,2,1,4,1,2,3,4,3,3,3,4,3,10,8,12,13
381,Fort-de-France (FUA),Europe,The Red Cross and the Antilles et d'Ailleurs Garden,La Croix-Rouge et le Jardin des Antilles et d'Ailleurs,"The socio-economic and gendered challenges faced by female migrants in Martinique were highlighted by the NGO D’Antilles et D’Ailleurs. The organization emphasized that Martinique continues to suffer the lasting effects of colonial and patriarchal violence, particularly affecting migrant women from Venezuela, Dominica, and Haiti. Many of these women find themselves in vulnerable situations, often engaged in sex work.
To address these issues, D’Antilles et D’Ailleurs and the Red Cross of Martinique developed support services to help women transition out of prostitution, assisting with legal and bureaucratic processes. One notable initiative was the creation of a therapeutic garden, part of a broader European ""Green Health"" project supported by Erasmus Plus.
The garden, designed to resemble a ""Creole Garden,"" serves as a nature-based solution (NBS), providing a safe and culturally familiar space for healing, community-building, and skill development. Women can engage in gardening, participate in workshops, and learn practical skills such as making natural products, budgeting, and learning French. Additionally, the garden offers a space for emotional recovery, helping women navigate the challenges of rebuilding their lives while waiting for bureaucratic and legal decisions.(1, 2, 3)",https://www.dantillesetdailleurs.org/en/,1,1,1,2,1,0,1,1,4,2,2,1,2,3,2,2,5,3,9,9
383,Fort-de-France (FUA),Latin America and the Caribbean,Ecological & Citizen Restoration Project in Carbet,Project Restauration Écologique Citoyenne du CARBET,"The Ecological & Citizen Restoration Project in Carbet, led by ASSOMER, supports the city in sustainably developing its coastline. This coastal area serves multiple purposes—recreational, economic, and subsistence—making it essential to include the voices of its key user communities: fishermen, restaurateurs, residents, and tourists.
However, both these uses and critical spawning habitats are increasingly threatened by coastal erosion, which is worsened by urbanization. Beyond reducing nesting areas, urban expansion also creates light pollution, which disrupts nesting females and hatchlings that rely on moonlight reflections to navigate.
This project was selected during the inaugural Biodiversity Lottery, a French government initiative inspired by the Heritage Lotto (established in 2018). The funds will be dedicated to protecting Carbet’s turtle population. Key efforts include reforesting the beach to combat erosion and creating new nesting spaces for turtles.
By restoring vegetation in a way that addresses multiple environmental challenges, this initiative aims to raise public awareness and ensure long-term coastal preservation. (1,2)",https://www.villeducarbet.fr/environnement,2,NA,NA,NA,2,NA,NA,NA,1,2,NA,NA,3,3,1,2,2,2,3,9
384,Fort-de-France (FUA),Latin America and the Caribbean,Agoa Sanctuary,Sanctuaire Agoa,"The creation of the AGOA Sanctuary was first envisioned in 2006, officially established in 2010, and continues to evolve as a vital initiative for marine conservation. Located in the waters of the French Antilles, the sanctuary encompasses the entire Exclusive Economic Zone of Martinique, Guadeloupe, Saint-Martin, and Saint-Barthélemy. Spanning 143,256 square kilometers, it is the second-largest marine protected area in France, just behind the Coral Sea Natural Park in New Caledonia.
AGOA was established to ensure a favorable conservation status for marine mammals, aiming to protect both the species and their habitats through a combination of direct and indirect actions. The sanctuary’s long-term strategy is grounded in five core principles: reducing harmful interactions between human activities and marine mammals; enhancing scientific understanding of these species, their habitats, and the pressures they face; increasing public awareness and disseminating knowledge about the sanctuary; strengthening collaboration with governmental agencies for effective surveillance and enforcement; and fostering regional cooperation with Caribbean nations under the Cartagena Convention and its SPAW Protocol.
Together, these guiding principles reflect AGOA’s commitment to sustainable stewardship of marine biodiversity in the French Antilles, creating a lasting sanctuary for marine mammals in the Caribbean. (1, 2, 3)",https://sanctuaire-agoa.fr/documentation/le-plan-de-gestion-du-sanctuaire-agoa,1,NA,NA,NA,2,NA,NA,NA,1,2,NA,NA,2,4,3,1,1,2,3,10
385,Mobile (FUA),Northern America,Coffee Island Restoration,NA,"Located southeast of Bayou La Batre, Coffee Island is a barrier island that provides a buffering capacity for shorelines in Mobile County [5]. Since 1950, the shoreline on the island has been eroding. In response, the Nature Conservancy has put in a ‘’living shoreline’’ construction in 2010 to reduce wave energy and decrease erosion the island has been facing [1]. A ‘’living shoreline’’, ‘’refers to the use of nature-based techniques and materials such as oyster shells, reef blocks, bagged shells, live shellfish, and plants to help protect eroding shorelines’’ [2]. While the living shorelines constructed in 2010 still provide habitat benefits, these efforts no longer protect the shoreline from erosion. This in turn threatens not only the island's buffering capacity, but also the integrity of the marsh on the island [5]. Therefore, the Nature Conservancy has secured funding for a second project on the island, the Coffee Island Restoration project (in 2023) that aims to implement a (longer) 5,000-foot living shoreline breakwater, including the use of ‘’super sacks’’ – a specific kind of sediment barriers functioning as dikes – to protect the coastline while enhancing habitat [4, 6]",https://www.nature.org/content/dam/tnc/nature/en/documents/Coffee-Island-living-shorelines.pdf,2,NA,NA,NA,2,NA,NA,NA,1,1,NA,NA,3,3,3,2,2,2,2,11
386,Mobile (FUA),Northern America,Lower Perdido Islands Restoration,NA,"The Lower Perdido Islands – Bird, Robinson and Walker Islands – are located in the Perdido Pass, in Orange Beach. The area is a popular destination, attracting many visitors due to its blue-green water and diverse wildlife, which, however, leads to erosion from boat wakes and marine debris. Its popularity impacts these wildlife habitats, including the seagrasses, marsh and forests which provide habitat for nesting birds and nurseries for local fish. Therefore, the Nature Conservancy, the City of Orange Beach, Moffatt & Nichol, and Olsen Associates Inc. started working together in 2017 to create a conservation management plan for the Perdido Islands, as well as develop some restoration initiatives to support this critical habitat for the future [1,3]. This Lower Perdido Islands' restoration project is part of a larger Perdido Bay Watershed restoration plan [2]",https://www.nature.org/en-us/get-involved/how-to-help/places-we-protect/lower-perdido-islands/,2,NA,NA,NA,2,NA,NA,NA,1,4,NA,NA,2,3,3,3,2,2,5,11
387,Mobile (FUA),Northern America,Bayou La Batre Green Stormwater Project,NA,"Bayou La Batre, also known as the seafood capital of Alabama, has been facing severe flooding problems, including the occurence of combined sewerage overflows. The Nature Conservancy has secured funding to install a green stormwater project in Bayou La Batre, adjacent to the library, sports fields and the community center. Alongside the aim of the green stormwater project to decrease flooding events in the community by infiltrating water, it also serves as an education and engagement project [1]",NA,2,NA,NA,NA,1,NA,NA,NA,1,3,NA,NA,2,3,3,1,2,1,4,9
388,Mobile (FUA),Northern America,Mobile Tree Trial,NA,"The Mobile Tree Trail is a nature-based solutions (NBS) initiative aimed at preserving Mobile, Alabama’s urban forest while celebrating its cultural and ecological heritage (Ref 1, Ref 2). First established in the early 1990s by volunteers, the original trail featured 24 iconic trees, selected for their historical significance, environmental value, and beauty (Ref 1, Ref 2). Over the years, some trees were lost to development and storms, and the trail faded into obscurity (Ref 1, Ref 4).
From 2021, the Mobile Tree Commission, with support from The Nature Conservancy, is leading efforts to revive the trail (Ref 3, Ref 6). Activities include reviewing past entries, opening public nominations, and selecting new trees that best represent Mobile’s identity (Ref 3, Ref 4). The project emphasises inclusivity and public participation, welcoming volunteers and local input to shape a trail that evolves with the city (Ref 4, Ref 6).
Mobile faces environmental threats such as hurricanes, urban expansion, and loss of native tree cover (Ref 1, Ref 6). The revitalised trail helps address these challenges by promoting awareness, conserving old-growth specimens like the 300-year-old Duffie Oak, and maintaining vital green spaces (Ref 4, Ref 6).
The Mobile Tree Trail blends education, tourism, and conservation, enhancing urban resilience while telling the city’s story through its trees (Ref 3, Ref 6).",NA,1,1,4,3,2,1,3,1,1,3,3,2,2,2,2,1,9,7,9,7
389,Mobile (FUA),Northern America,Murphy High School Farm to Table,NA,"Launched in 2022, the Murphy High School Farm-to-Table Program in Mobile is an initiative aimed at addressing urban food deserts and promoting community health through education and sustainable farming practices [Ref 1; Ref 4]. Funded by Spire as part of its “Connected Through Cooking” initiative, the program transforms 28 acres of school grounds into a teaching farm where students learn to grow and cook nutritious food [Ref 1; Ref 6].
The project integrates science, math, and culinary arts into hands-on learning, engaging students in planning, planting, and harvesting crops, as well as developing healthy recipes [Ref 1; Ref 4]. Activities include constructing greenhouses, building raised beds, and installing irrigation systems—33 raised beds and an 800 sq. ft. greenhouse were completed in the first year [Ref 1; Ref 2]. The program also supports nearby food-insecure neighbourhoods by distributing produce and recipe tips, helping address poor access to fresh food in Mobile [Ref 3; Ref 4]. Younger students from local schools are included through farm-based learning, broadening the program’s educational reach [Ref 1; Ref 5].
Key actors include Murphy educators, Spire staff, and community partners such as Jones Valley Teaching Farm and Auburn University [Ref 4]. Outcomes include improved STEM education, increased food literacy, and stronger community ties through urban agriculture [Ref 1; Ref 4].",https://www.facebook.com/profile.php?id=100083193019417&sk=about,1,1,3,2,3,0,2,1,4,2,2,1,2,3,2,4,7,6,9,11
390,Mobile (FUA),Northern America,Eagle Reef Project,NA,"The Eagle Reef Project was launched to restore the health of Mobile Bay in response to habitat loss and declining fish populations due to the degradation of oyster and seagrass beds [REF 1, REF 6]. Originally planned in 2022 as an Eagle Scout service project by John Shell of Boy Scout Troop 147, the project has grown into a regional environmental initiative supported by Partners for Environmental Progress (PEP), the University of South Alabama’s Stokes School of Marine and Environmental Sciences, and municipalities such as the City of Fairhope [REF 3, REF 4, REF 7].
The project deploys preassembled mini reefs—constructed from plastic and PVC—beneath docks and piers across Mobile and Baldwin counties. These reefs, once colonised by filter feeders like oysters and barnacles, can filter up to 20,000 gallons of water daily and serve as habitats for fish, shrimp, and crabs [REF 1, REF 4]. The initiative aims to improve water quality, sequester nutrients, reduce algae, and restore marine biodiversity [REF 1, REF 6].
The Eagle Reef Project addresses critical coastal hazards, including water pollution, fish habitat loss, and the legacy of environmental disasters such as the Deepwater Horizon oil spill [REF 4]. It combines scientific monitoring, civic engagement, and scalable design to enhance the region’s climate resilience and ecological health [REF 1, REF 6, REF 7].",NA,2,2,2,2,4,1,3,2,3,2,2,1,1,2,2,2,8,10,8,7
